e_cis;velikost;kraj;okres;mesto;ul_cis;ul_cis1;ul_cisn;vgs84_n;vgs84_eo
61283;24;Banská Bystrica;Lučenec;Lovinobaňa;SNP,O;E-571,cesta I/16,sm ZV,BA,2;;48.448007;19.578475
61282;24;Banská Bystrica;Lučenec;Lovinobaňa;SNP,O;E-571,cesta I/16,sm KE,LC,Ľ,2;;48.448007;19.578475
61286;24;Banská Bystrica;Rimavská Sobota;Rimavská Sobota;Cukrovarská,O;InterCora,1, sm východ z Deichman, Dráčik,Pepco, Nay;;48.387363;20.003039
61287;24;Banská Bystrica;Rimavská Sobota;Rimavská Sobota;Cukrovarská,O;InterCora,2, pri TESCO, sm CS GAS;;48.387091;20.00263
61288;24;Banská Bystrica;Rimavská Sobota;Rimavská Sobota;Cukrovarská,O;InterCora,2, pri TESCO,sm Sportisimo, od CS GAS,od TESCO;;48.387091;20.00263
71478;24;Prešov;Levoča;Spišský Štvrtok;Obrancov mieru, J;prejazd obcou, futb.štadión, smer Slov.Raj,2;;49.000254;20.459261
50989;24;Nitra;Topoľčany;Topoľčany;Martina Benku,J;NC Intercora - Benátky,1, kruh.objazd,sm Takko,Dráčik,Deichman,Okay,Pepco,Pet Center;;48.555827;18.179762
50990;24;Nitra;Topoľčany;Topoľčany;Martina Benku,J;NC Intercora - Benátky,2, kruh.objazd,sm Takko,Dráčik,Deichman,Okay,Pepco,Pet Center;;48.555852;18.179716
50997;24;Nitra;Topoľčany;Topoľčany;Martina Benku,J;NC Intercora - Jama,parkovisko, Lidl,DM,KIK,Sportissimo,Vetro plus;;48.556277;18.176816
50988;24;Nitra;Topoľčany;Topoľčany;Martina Benku,O;NC Intercora - Benátky,parkovisko, od Takko,Dráčik, Daichman,Okay,Pepco,Pet center;;48.555816;18.180539
50991;24;Nitra;Topoľčany;Topoľčany;Martina Benku,O;NC Intercora - Jama, 1 od Lidl,DM,KIK,Sportissimo,Vetro plus;;48.556138;18.177745
50992;24;Nitra;Topoľčany;Topoľčany;Martina Benku,O;NC Intercora - Jama, 2 od Lidl,DM,KIK,Sportissimo,Vetro plus;;48.556175;18.177597
50993;24;Nitra;Topoľčany;Topoľčany;Martina Benku,O;NC Intercora - Jama,parkovisko, Lidl,DM,KIK,Sportissimo,Vetro plus;;48.556175;18.177597
50994;24;Nitra;Topoľčany;Topoľčany;Martina Benku,O;NC Intercora - Jama,parkovisko, Lidl,DM,KIK,Sportissimo,Vetro plus;;48.556138;18.177745
50995;24;Nitra;Topoľčany;Topoľčany;Martina Benku,O;NC Intercora - Jama,parkovisko, Lidl,DM,KIK,Sportissimo,Vetro plus;;48.55598;18.177636
50996;24;Nitra;Topoľčany;Topoľčany;Martina Benku,O;NC Intercora - Jama,parkovisko, Lidl,DM,KIK,Sportissimo,Vetro plus;;48.55598;18.177636
51029;24;Trenčín;Trenčín;Trenčín;Gen.Svobodu,J;smer centrum;;48.871919;18.04052
51027;24;Trenčín;Trenčín;Trenčín;Zlatovská,O;smer centrum,stavebniny DEK,OMV;;48.890152;18.010236
51028;24;Trenčín;Trenčín;Trenčín;Zlatovská,O;smer diaľnica,stavebniny DEK,OMV,Ľ;;48.890152;18.010236
61365;24;Banská Bystrica;Brezno;Valaská;I/66/BB-Brezno, O;smer B.Bystrica, pred ČS Shell,Ľ, 1;;48.8130982;19.5851729
61366;24;Banská Bystrica;Brezno;Valaská;I/66/BB-Brezno, O;smer B.Bystrica, pred ČS Shell,Ľ, 2;;48.8130982;19.5851729
61364;24;Banská Bystrica;Brezno;Valaská;I/66/Brezno-BB, O;smer Brezno, za ČS Shell,2;;48.8130982;19.5851729
61281;24;Banská Bystrica;Lučenec;Lovinobaňa;SNP,O;E-571,cesta I/16,sm ZV,BA,1;;48.448418;19.578255
61353;24;Žilina;Liptovský Mikuláš;Liptovský Mikuláš;Hurbanova;výjazd z AS a želez.stanice, smer centrum;;49.090611;19.605304
61280;24;Banská Bystrica;Lučenec;Lovinobaňa;SNP,O;E-571,cesta I/16,sm KE,LC,Ľ,1;;48.448418;19.578255
71479;24;Prešov;Prešov;Prešov;Solivarská/OC Krížik,O;Lidl, Action,Tesco;;48.98291;21.25386
50987;24;Nitra;Topoľčany;Topoľčany;Martina Benku,O;NC Intercora - Benátky,parkovisko, sm Takko,Dráčik, Daichman,Okay,Pepco,Pet center;;48.555816;18.180539
71477;24;Prešov;Levoča;Spišský Štvrtok;Obrancov mieru, J;prejazd obcou, futb.štadión, smer Slov.Raj,1;;49.000212;20.459124
61285;24;Banská Bystrica;Rimavská Sobota;Rimavská Sobota;Cukrovarská,O;InterCora,1, sm Deichman, Dráčik,Pepco, Nay;;48.387363;20.003039
61363;24;Banská Bystrica;Brezno;Valaská;I/66/Brezno-BB, O;smer Brezno, za ČS Shell,1;;48.8130982;19.5851729
51026;24;Trenčín;Trenčín;Trenčín;Zlatovská,J;smer centrum, priemyselná zóna;;48.89143;18.01421
61284;24;Banská Bystrica;Veľký Krtíš;Veľký Krtíš;A.H.Škultétyho,J;InterCora,Pepco, drogeria DM;;48.206555;19.3427553
41169;24;Bratislava;Bratislava 2;Bratislava 2-Ružinov;Galvániho/Ivánska,J;križov,AVION,McDonald,IKEA,1 Hotel Gate One, XXXLutz, Hornbach;;48.167716;17.177386
41170;24;Bratislava;Bratislava 2;Bratislava 2-Ružinov;Galvániho/Ivánska,J;križov,AVION,McDonald,IKEA,2 Hotel Gate One, XXXLutz, Hornbach;;48.16763;17.177484
41171;24;Bratislava;Bratislava 2;Bratislava 2-Ružinov;Ivánska/Galvániho,J;križov,AVION,McDonald,IKEA,3 Hotel Gate One, XXXLutz, Aruba Business Centre;;48.167648;17.177578
41172;24;Bratislava;Bratislava 2;Bratislava 2-Ružinov;Ivánska/Galvániho,J;križov,AVION,McDonald,IKEA,4 Hotel Gate One, XXXLutz, Aruba Business Centre;;48.167707;17.177765
41173;24;Bratislava;Bratislava 2;Bratislava 2-Ružinov;Ivánska/oproti parkov.IKEA,J;príjazd z letiska,AVION,4 OC Korzo, OLO;;48.168376;17.179099
50895;24;Nitra;Nové Zámky;Nové Zámky;Gúgska/SPP,J;príj.od Kolárova,smc;;47.978744;18.138839
50897;24;Nitra;Nové Zámky;Nové Zámky;Bezručova;príj.od Šiah a LV,oplotenie pri termálnom kúpalisku, smc;;47.997775;18.181529
71161;24;Košice;Košice;Košice-Juh;Jantárová/Južná trieda,V;SŠ policaj.zboru,smc,Ľ ČS SlovnaftŽSR malá stanica;;48.704472;21.263351
71162;24;Košice;Košice;Košice-Juh;Jantárová/Južná trieda,V;SŠ policaj.zboru,sm MI ČS SlovnaftŽSR malá stanica;;48.704479;21.263592
71163;24;Košice;Košice;Košice-Juh;Jantárová/Južná trieda;SŠ policaj.zboru,1 ČS SlovnaftŽSR malá stanica;;48.704473;21.262642
71164;24;Košice;Košice;Košice-Juh;Jantárová/Južná trieda;SŠ policaj.zboru,2 ČS SlovnaftŽSR malá stanica;;48.704453;21.26273
71165;24;Košice;Košice;Košice-Juh;Jantárová/Južná trieda;SŠ policaj.zboru,3 ČS SlovnaftŽSR malá stanica;;48.704442;21.262748
71166;24;Košice;Košice;Košice-Juh;Jantárová/Južná trieda;SŠ policaj.zboru,4 ČS SlovnaftŽSR malá stanica;;48.704455;21.262799
71167;24;Košice;Košice;Košice-Juh;Jantárová/Južná trieda;SŠ policaj.zboru,5 ČS SlovnaftŽSR malá stanica;;48.704468;21.26285
71168;24;Košice;Košice;Košice-Sever;Watsonova,J;oplot.futb.štadióna TU,1 atletický štadion;;48.735087;21.241709
71169;24;Košice;Košice;Košice-Sever;Watsonova, J;oplot.futb.štadióna TU,2 atletický štadion;;48.735113;21.241811
71170;24;Košice;Trebišov;Kráľovský Chlmec;Hlavná/Štefánikova,J;pred oplot.domu,MÚ,smc,Ľ;;48.4252;21.979405
71171;24;Košice;Trebišov;Kráľovský Chlmec;Príbenická,O;výj.sm CLO Maď,Ľ;;48.412771;21.985251
71172;24;Košice;Trebišov;Kráľovský Chlmec;Príbenická,O;príj.od CLO Maď,smc;;48.412771;21.985251
71173;24;Košice;Trebišov;Kráľovský Chlmec;Štefánikova,O;centrum,MÚ,pošta,LIDL,smc,Ľ;;48.424456;21.977042
71174;24;Košice;Trebišov;Kráľovský Chlmec;Štefánikova,O;centrum,MÚ,pošta,LIDL,sm V.Kap;;48.424456;21.977042
71175;24;Košice;Michalovce;Michalovce;Duklianska/A.Sládkoviča,horný;križ,Kaufland,Eparch.cirkev,1,kostol, centrum,NC Zemplín,gymnázium,Daňový úrad;;48.758403;21.913495
71176;24;Košice;Michalovce;Michalovce;Duklianska/A.Sládkoviča,horný;križ,Kaufland,Eparch.cirkev,2 kostol, centrum,NC Zemplín,gymnázium,Daňový úrad;;48.758384;21.913394
71177;24;Košice;Michalovce;Michalovce;Duklianska/A.Sládkoviča,horný;križ,Kaufland,Eparch.cirkev,3,kostol,centrum,NC Zemplín,gymnázium,Daňový úrad;;48.758386;21.913259
71178;24;Košice;Michalovce;Strážske;Mierová/Staničná,J;Chemko,ČS Slovnaft,smc;;48.871192;21.825499
71179;24;Košice;Michalovce;Strážske;Vihorlatská,O;sm Humenné,Ľ;;48.876558;21.839609
71180;24;Košice;Michalovce;Strážske;Vihorlatská,O;sm Michalovce;;48.876566;21.839644
71185;24;Košice;Trebišov;Trebišov;M.R.Štefánika,O;výj.sm Slov.N.Mesto/Maďarsko,Ľ ČS Slovnaft;;48.607685;21.718177
71186;24;Košice;Trebišov;Trebišov;M.R.Štefánika,O;príj.od Slov.Nového Mesta ČS Slovnaft;;48.607685;21.718177
71187;24;Košice;Michalovce;Veľké Kapušany;P.O.Hviezdoslava,O;sídlisko,smc,Ľ;;48.553631;22.081217
71188;24;Košice;Michalovce;Veľké Kapušany;P.O.Hviezdoslava,O;sídlisko,sm Trebišov;;48.553631;22.081217
71189;24;Košice;Michalovce;Veľké Kapušany;Malokapušianska,O;MÚ,parkov,sm Trebišov,Ľ 20m od Lidlu;;48.555513;22.073884
71190;24;Košice;Michalovce;Veľké Kapušany;Malokapušianska,O;MÚ,parkov,smc;;48.555513;22.073884
71191;24;Košice;Michalovce;Veľké Kapušany;Hadabuda/Dózsu,O;ČS Slovnaft,smc,Ľ;;48.550596;22.068986
71192;24;Košice;Michalovce;Veľké Kapušany;Hadabuda/Dózsu,O;ČS Slovnaft,sm CLO Maď;;48.550596;22.068986
71200;24;Prešov;Snina;Snina;Stakčínska/priemysel.zóna,O;sm CLO Ukrajina,Ľ;;48.986521;22.18375
71201;24;Prešov;Snina;Snina;Stakčínska/priemysel.zóna,O;smc;;48.986521;22.18375
71204;24;Prešov;Snina;Stakčín;centrum,O;sm Snina,Ľ;;48.999536;22.231837
71205;24;Prešov;Snina;Stakčín;centrum,O;sm CLO Ukrajina;;48.999536;22.231837
71206;24;Prešov;Snina;Ubľa;ťah HN-CLO Ukrajina,O;pri dome,sm CLO Ukrajina,Ľ;;48.902532;22.384967
71207;24;Prešov;Snina;Ubľa;ťah CLO Ukrajina-HN,O;pri dome,sm Snina;;48.902532;22.384967
71208;24;Prešov;Snina;Ubľa;ťah HN-CLO Ukrajina,O;pri kostole,sm CLO Ukrajina,Ľ;;48.898877;22.395889
71209;24;Prešov;Snina;Ubľa;ťah CLO Ukrajina-HN,O;pri kostole,sm Snina;;48.898877;22.395889
71210;24;Prešov;Snina;Ubľa;ťah HN-Sobrance,O;križ,sm Sobrance,Ľ;;48.899748;22.383023
71211;24;Prešov;Snina;Ubľa;ťah Sobrance-HN,O;križ,sm Humenné/CLO Ukrajina;;48.899748;22.383023
71214;24;Košice;Trebišov;Hriadky;E-50,MI-KE,V;kruhový objazd,smer Košice,Ľ motel Kanada;;48.697163;21.702736
71215;24;Košice;Trebišov;Hriadky;E-50,KE-MI,V;kruhový objazd,smer Michalovce motel Kanada;;48.697032;21.697908
71222;24;Košice;Trebišov;Sečovce;Dargovských hrdinov,E-50,O;pri dome,ZŠ,sm MI,Ľ;;48.703752;21.659223
71223;24;Košice;Trebišov;Sečovce;Dargovských hrdinov,E-50,O;pri dome,ZŠ,sm KE;;48.703752;21.659223
71226;24;Košice;Michalovce;Michalovce;Duklianska/A.Sládkoviča,dolný;križovatka,Kaufland,kostol,1 centrum,NC Zemplín,gymnázium,Daňový úrad;;48.758392;21.913513
71227;24;Košice;Michalovce;Michalovce;Duklianska/A.Sládkoviča,dolný;križovatka,Kaufland,kostol,2 centrum,NC Zemplín,gymnázium,Daňový úrad;;48.758361;21.913395
71228;24;Košice;Michalovce;Michalovce;Duklianska/A.Sládkoviča,dolný;križovatka,Kaufland,kostol,3 centrum,NC Zemplín,gymnázium,Daňový úrad;;48.758374;21.913242
71229;24;Prešov;Prešov;Prešov;SAD/nástupištia,O;oproti nástupištiam,1;;48.984749;21.251195
71230;24;Prešov;Prešov;Prešov;SAD/nástupištia,O;oproti nástupištiam,2,NAY;;48.984749;21.251195
71231;24;Prešov;Prešov;Prešov;SAD/nástupištia,O;od výjazdu,2, NAY;;48.984337;21.251344
71232;24;Prešov;Prešov;Prešov;SAD/nástupištia,O;od výjazdu,3,NAY;;48.984337;21.251344
50914;24;Nitra;Levice;Levice-Seč;I/51,ťah LV-NR,O;príj.od LV,sm NR,Ľ;;48.198828;18.559561
50915;24;Nitra;Levice;Levice-Seč;I/51,ťah NR-LV,O;výj.sm LV;;48.198498;18.559117
50936;24;Nitra;Levice;Kalná n/Hronom;I/51,ťah NR-LV,O;ŽSR,príj.od NR,smer LV,Ľ ČS SlovnaftBowling;;48.207081;18.515325
50937;24;Nitra;Levice;Kalná n/Hronom;I/51,ťah LV-NR,O;ŽSR,výj.sm NR ČS SlovnaftBowling;;48.207081;18.515325
50938;24;Nitra;Levice;Kalná n/Hronom;I/51,ťah NR-LV,O;autobazár,príj.od NR,Ľ ČS SlovnaftBowling;;48.206529;18.517794
50939;24;Nitra;Levice;Kalná n/Hronom;I/51,ťah LV-NR,O;autobazár,výj.sm NR ČS SlovnaftBowling;;48.206529;18.517794
41177;24;Bratislava;Bratislava 5;Bratislava 5-Petržalka;Starohájska;oplot.jazdec.klubu,reštaur,1 dostihov.dráha,internát EU,Obchodná akadémia;;48.118024;17.120096
41178;24;Bratislava;Bratislava 5;Bratislava 5-Petržalka;Starohájska;oplot.jazdec.klubu,reštaur,3 dostihov.dráha,internát EU,Obchodná akadémia;;48.117928;17.120166
41179;24;Bratislava;Bratislava 5;Bratislava 5-Petržalka;Starohájska;oplot.jazdec.klubu,reštaur,4 dostihov.dráha,internát EU,Obchodná akadémia;;48.117836;17.120256
71307;24;Prešov;Prešov;Prešov;SAD/nástupištia,O;oproti nástupištiam,3;;48.984337;21.251367
71308;24;Prešov;Prešov;Prešov;SAD/nástupištia,O;od výjazdu,1;;48.984337;21.251367
71317;24;Košice;Košice;Košice-Juh;objazd Optima/tr.KVP,J;sm PO;;48.692972;21.235729
71318;24;Košice;Košice;Košice-Juh;objazd Optima,O;sm Optima,Ľ;;48.688196;21.249773
71319;24;Košice;Košice;Košice-Juh;objazd Optima,O;sm PO;;48.688196;21.249773
71331;24;Košice;Košice;Seňa;E-71,hranič.prechod,O;výjazd sm Maď/Miškolc,Ľ;;48.540886;21.262902
71332;24;Košice;Košice;Seňa;E-71,hranič.prechod,O;príjazd od Maď/Miškolc,sm KE;;48.540886;21.262902
71337;24;Košice;Košice;Košice-Nad jazerom;Levočská,pošta,O;pri parkov.smer sídlisko,1,Ľ;;48.688804;21.282925
71338;24;Košice;Košice;Košice-Nad jazerom;Levočská,pošta,O;pri parkov.smer centrum,1;;48.688805;21.282925
71339;24;Košice;Košice;Košice-Nad jazerom;Levočská,pošta,O;pri parkov.smer sídlisko,2,Ľ;;48.688398;21.283419
71340;24;Košice;Košice;Košice-Nad jazerom;Levočská,pošta,O;pri parkov.smer centrum,2;;48.688398;21.283419
71341;24;Košice;Košice;Košice-Nad jazerom;Slanecká,Bukovecká,O;smer Optima, RV,1,vľavo;;48.698142;21.280767
71342;24;Košice;Košice;Košice-Nad jazerom;Slanecká,Bukovecká,O;smer Optima, RV,2,vľavo;;48.698157;21.28087
71343;24;Košice;Košice;Košice-Nad jazerom;Slanecká,Bukovecká,O;smer centrum,1,Ľ;;48.698142;21.280767
71344;24;Košice;Košice;Košice-Nad jazerom;Slanecká,Bukovecká,O;smer centrum,2,Ľ;;48.698157;21.28087
71348;24;Košice;Košice;Košice-Vyšné Opátske;Južné nábrežie,O;2xČS,objazd,sm E-71,1,Ľ;;48.7074;21.279652
71349;24;Košice;Košice;Košice-Vyšné Opátske;Južné nábrežie,O;2xČS,objazd,smc/PO,2;;48.7074;21.279652
71354;24;Košice;Košice;Košice-Dargovských hrdinov;E-50/Sečovská,J;príj.od MI,odstav.plocha,sm KE ČS Oktan;;48.722185;21.291827
40047;24;Bratislava;Bratislava 1;Bratislava 1-Staré Mesto;Cintorínska;centrum,kino Lumiere, Tesco,zastávka MHD,Ministerstvo práce;;48.146442;17.116003
40048;24;Bratislava;Bratislava 1;Bratislava 1-Staré Mesto;Pražská,E-571,J;príjazd od Prahy,1 Horský park;;48.162905;17.094541
40049;24;Bratislava;Bratislava 1;Bratislava 1-Staré Mesto;Pražská,E-571,J;príjazd od Prahy,2 Horský park;;48.16292;17.09441
40106;24;Bratislava;Bratislava 2;Bratislava 2-Ružinov;Bajkalská/Prievozská,E-75,O;križovatka,výjazd smer Komárno Forum Business Centrum-Slovak telecom;;48.148739;17.150105
40107;24;Bratislava;Bratislava 2;Bratislava 2-Ružinov;Bajkalská/Prievozská,E-75,J;križovatka,výjazd smer centrum Forum Business Centrum-Slovak telecom,McDonald;;48.149134;17.149937
40155;24;Bratislava;Bratislava 5;Bratislava 5-Petržalka;Panónska/Danubia,E-75,O;TESCO,Jednota,sm CLO,Ľ ČS OMV,OC Danubia,Auto Palace BA;;48.105656;17.095982
40156;24;Bratislava;Bratislava 5;Bratislava 5-Petržalka;Panónska/Danubia,E-75,O;TESCO,Jednota,smc ČS OMV,OC Danubia,Auto Palace BA;;48.105656;17.095982
40157;24;Bratislava;Bratislava 5;Bratislava 5-Petržalka;Panónska/Budatínska,E-75,J;Pekárne,smc,1 AAA Auto,NBÚ;;48.098737;17.100157
40158;24;Bratislava;Bratislava 5;Bratislava 5-Petržalka;Panónska/Budatínska,E-75,J;Pekárne,smc,2 AAA Auto,NBÚ;;48.098852;17.1005
40163;24;Bratislava;Bratislava 5;Bratislava 5-Petržalka;Dolnozemská/Betliarska,E-575,O;Nemocnica Antolská,sm.Rak.Ľ ČS Slovnaft,;;48.101868;17.121373
40164;24;Bratislava;Bratislava 5;Bratislava 5-Petržalka;Dolnozemská/Betliarska,E-575,O;Nemocnica Antolská,smer centr. ČS Slovnaft,;;48.101868;17.121373
40167;24;Bratislava;Bratislava 5;Bratislava 5-Petržalka;Dolnozemská/dostih.dr.,E-575,J;dostih.dráha,sm Rak/sídlisko ČS Slovnafthrádza;;48.115227;17.130422
40176;24;Bratislava;Bratislava 5;Bratislava 5-Petržalka;Dolnozemská/Bosákova,E-575,J;výj.z Príst.mosta,sm Rak/sídl Ekonomická Univerzita;;48.128857;17.129256
40192;24;Bratislava;Bratislava 5;Bratislava 5-Petržalka;Rusovská cesta,J;zast.MHD,zdravot.stred.,1;;48.125599;17.096179
40193;24;Bratislava;Bratislava 5;Bratislava 5-Petržalka;Rusovská cesta,J;zast.MHD,zdravot.stred.,2;;48.125697;17.096063
40194;24;Bratislava;Bratislava 5;Bratislava 5-Petržalka;Rusovská cesta,J;zast.MHD,zdravot.stred.,3 lekáreň;;48.125787;17.095913
40204;24;Bratislava;Bratislava 1;Bratislava 1-Staré Mesto;Karadžičova,J;centrum,mestský ťah,1 Billa, bussines centrá,Justičný palác,banky;;48.149971;17.125181
40205;24;Bratislava;Bratislava 1;Bratislava 1-Staré Mesto;Karadžičova,J;centrum,mestský ťah,2 Billa, bussines centrá,Justičný palác,banky;;48.14992;17.125178
40224;24;Bratislava;Bratislava 2;Bratislava 2-Podunaj.Biskupice;Krajinská/Vetvárska;križov.Nemocnica Biskupice,1 zastávka MHD,cintorín,Základná škola s vyuč.jazykom maďarským;;48.123525;17.208324
40225;24;Bratislava;Bratislava 2;Bratislava 2-Podunaj.Biskupice;Krajinská/Vetvárska;križov.Nemocnica Biskupice,2 zastávka MHD,cintorín,Základná škola s vyuč.jazykom maďarským;;48.123431;17.208414
40226;24;Bratislava;Bratislava 2;Bratislava 2-Podunaj.Biskupice;Svornosti/žel.nadj.,E-575,J;výjazd na DS, Komárno,Ľ;;48.115726;17.216897
40229;24;Bratislava;Bratislava 2;Bratislava 2-Podunaj.Biskupice;Svornosti/družstvo,E-575,V;príj.od KN,smc,1,Ľ;;48.119845;17.209958
40230;24;Bratislava;Bratislava 2;Bratislava 2-Podunaj.Biskupice;Svornosti/družstvo,E-575,V;výj.sm.Rovinka, KN,1;;48.119956;17.209734
40231;24;Bratislava;Bratislava 2;Bratislava 2-Podunaj.Biskupice;Svornosti/družstvo,E-575,V;príj.od KN,smc,2,Ľ;;48.120254;17.208791
40232;24;Bratislava;Bratislava 2;Bratislava 2-Podunaj.Biskupice;Svornosti/družstvo,E-575,V;výj.sm.Rovinka, KN,2;;48.120375;17.208585
40247;24;Bratislava;Bratislava 2;Bratislava 2-Vrakuňa;Dvojkrížna/Hradská,J;kruhový obj.smer Biskupice,1Ľ kostol,základná škola,Futbal.ihrisko, Lesopark;;48.148322;17.206947
40248;24;Bratislava;Bratislava 2;Bratislava 2-Vrakuňa;Dvojkrížna/Hradská,J;kruhový obj.smer centrum,2 kostol,základná škola,Futbal.ihrisko, Lesopark;;48.148116;17.207057
40249;24;Bratislava;Bratislava 2;Bratislava 2-Vrakuňa;Dvojkrížna/Hradská,J;kruhový obj.smer centrum,3 kostol,základná škola,Futbal.ihrisko, Lesopark;;48.1479;17.20829
40252;24;Bratislava;Bratislava 2;Bratislava 2-Vrakuňa;Hradská/pri žel.trati,O;ČS ORLEN,smer Vrakuňa,Ľ Darex,záhradné štúdio;;48.157368;17.190765
40253;24;Bratislava;Bratislava 2;Bratislava 2-Vrakuňa;Hradská/pri žel.trati,O;ČS ORLEN,smer Ružinov Darex,záhradné štúdio;;48.157368;17.190765
40254;24;Bratislava;Bratislava 2;Bratislava 2-Vrakuňa;Gagarinova,E-575,V;cintor.Vrakuňa,Harley,sm KN,Ľ Renault Kestler;;48.1440391;17.1897501
40255;24;Bratislava;Bratislava 2;Bratislava 2-Vrakuňa;Gagarinova,E-575,V;cintor.Vrakuňa,Harley,smc Renault Kestler;;48.1440391;17.1897501
40256;24;Bratislava;Bratislava 2;Bratislava 2-Ružinov;Bajkalská;príjazd od Prístav.mosta,1,PSS,Forum Business Centrum-Slovak telecom;;48.14745;17.150363
40257;24;Bratislava;Bratislava 2;Bratislava 2-Ružinov;Bajkalská;príjazd od Prístav.mosta,2,PSS,Forum Business Centrum-Slovak telecom;;48.147329;17.150355
40258;24;Bratislava;Bratislava 2;Bratislava 2-Ružinov;Bajkalská;príjazd od Prístav.mosta,3,PSS,Forum Business Centrum-Slovak telecom;;48.147115;17.150525
40259;24;Bratislava;Bratislava 2;Bratislava 2-Ružinov;Bajkalská;príjazd od Prístav.mosta,4,PSS,Forum Business Centrum-Slovak telecom;;48.147017;17.150551
40260;24;Bratislava;Bratislava 2;Bratislava 2-Ružinov;Bajkalská;príjazd od Prístav.mosta,5,PSS,Forum Business Centrum-Slovak telecom;;48.146937;17.150591
40261;24;Bratislava;Bratislava 2;Bratislava 2-Ružinov;Bajkalská;príjazd od Prístav.mosta,6,PSS,Forum Business Centrum-Slovak telecom;;48.146766;17.15065
40269;24;Bratislava;Bratislava 2;Bratislava 2-Ružinov;Bajkalská/Záhradnícka,E-75,J;smer Príst.most,Prievozská,1 Lidl, ČS Shel, Slovnaft;;48.155;17.14544
40270;24;Bratislava;Bratislava 2;Bratislava 2-Ružinov;Bajkalská/Záhradnícka,E-75,J;smer Príst.most,Prievozská,2 Lidl, ČS Shel, Slovnaft;;48.155083;17.145339
40282;24;Bratislava;Bratislava 2;Bratislava 2-Ružinov;cesta na Senec/HM Tesco,E-75,V;ČS Slovn,Coca-Cola,NAY,smc,1,Ľ Zlaté Piesky,smer Shopping Palace;;48.189235;17.189221
40283;24;Bratislava;Bratislava 2;Bratislava 2-Ružinov;cesta na Senec/HM Tesco,E-75,V;ČS,Coca-Cola,NAY,jazero,smNR,1 Zlaté Piesky,;;48.189229;17.189479
40284;24;Bratislava;Bratislava 2;Bratislava 2-Ružinov;cesta na Senec/HM Tesco,E-75,V;ČS Slovn,Coca-Cola,NAY,smc,2,Ľ Zlaté Piesky,smer Shopping Palace;;48.189183;17.188388
40285;24;Bratislava;Bratislava 2;Bratislava 2-Ružinov;cesta na Senec/HM Tesco,E-75,V;ČS,Coca-Cola,NAY,jazero,smNR,2 Zlaté Piesky,;;48.189179;17.188663
40288;24;Bratislava;Bratislava 2;Bratislava 2-Ružinov;cesta na Senec/nadchod,E-75,O;jazero,ČS Slovnaft,smc,Ľ Zlaté Piesky,smer Shopping Palace;;48.189032;17.184119
40289;24;Bratislava;Bratislava 2;Bratislava 2-Ružinov;cesta na Senec/nadchod,E-75,O;jazero,ČS Slovnaft,sm NR Zlaté Piesky,;;48.189032;17.184119
40294;24;Bratislava;Bratislava 2;Bratislava 2-Ružinov;Drieňová/Bajkalská,Minigolf,J;Billa,hotel Junior,1 Eden Park,Boria,jazero Štrkovec;;48.158715;17.144652
40295;24;Bratislava;Bratislava 2;Bratislava 2-Ružinov;Drieňová/Bajkalská,Minigolf,J;Billa,hotel Junior,2 Eden Park,Boria,jazero Štrkovec;;48.158658;17.144519
40296;24;Bratislava;Bratislava 2;Bratislava 2-Ružinov;Drieňová/Bajkalská,Minigolf,J;Billa,hotel Junior,3 Eden Park,Boria,jazero Štrkovec;;48.158525;17.144206
40297;24;Bratislava;Bratislava 2;Bratislava 2-Ružinov;Drieňová/Bajkalská,Minigolf,J;Billa,hotel Junior,4 Eden Park,Boria,jazero Štrkovec;;48.158484;17.144118
40298;24;Bratislava;Bratislava 2;Bratislava 2-Ružinov;Drieňová/Bajkalská,Minigolf,J;Billa,hotel Junior,5 Eden Park,Boria,jazero Štrkovec;;48.158436;17.143984
40299;24;Bratislava;Bratislava 2;Bratislava 2-Ružinov;Drieňová/Bajkalská,Minigolf,J;Billa,hotel Junior,6 Eden Park,Boria,jazero Štrkovec;;48.158396;17.143909
40303;24;Bratislava;Bratislava 2;Bratislava 2-Ružinov;Drieňová/Tomášikova,J;križovatka,garáže,1 ČS Shell, Martinský cintorín;;48.161041;17.160666
40304;24;Bratislava;Bratislava 2;Bratislava 2-Ružinov;Drieňová/Tomášikova;križovatka,garáže,2 ČS Shell, Martinský cintorín;;48.161032;17.160571
40305;24;Bratislava;Bratislava 2;Bratislava 2-Ružinov;Drieňová/Tomášikova;križovatka,garáže,3 ČS Shell, Martinský cintorín;;48.161025;17.160482
40306;24;Bratislava;Bratislava 2;Bratislava 2-Ružinov;Drieňová/Tomášikova;križovatka,garáže,4 ČS Shell, Martinský cintorín;;48.161021;17.160385
40307;24;Bratislava;Bratislava 2;Bratislava 2-Ružinov;Drieňová/Tomášikova;križovatka,garáže,5 ČS Shell, Martinský cintorín;;48.161016;17.160285
40308;24;Bratislava;Bratislava 2;Bratislava 2-Ružinov;Drieňová/Tomášikova;križovatka,garáže,6 ČS Shell, Martinský cintorín;;48.161003;17.160193
40311;24;Bratislava;Bratislava 2;Bratislava 2-Ružinov;Gagarinova/sídlisko,J;výpadovka na Komárno,1 oproti Lidl, Perla Ružinova;;48.150437;17.171651
40312;24;Bratislava;Bratislava 2;Bratislava 2-Ružinov;Gagarinova/sídlisko,J;výpadovka na Komárno,2 oproti Lidl, Perla Ružinova;;48.150428;17.171474
40313;24;Bratislava;Bratislava 2;Bratislava 2-Ružinov;Gagarinova/sídlisko,J;výpadovka na Komárno,3 oproti Lidl, Perla Ružinova;;48.150403;17.17128
40314;24;Bratislava;Bratislava 2;Bratislava 2-Ružinov;Gagarinova/sídlisko,J;výpadovka na Komárno,4 oproti Lidl, Perla Ružinova;;48.150396;17.171134
40315;24;Bratislava;Bratislava 2;Bratislava 2-Ružinov;Gagarinova/sídlisko,J;výpadovka na Komárno,5 Lidl, Perla Ružinova;;48.150378;17.170975
40358;24;Bratislava;Bratislava 2;Bratislava 2-Ružinov;Záhradnícka/Drutechna,J;Octopus,nájazd na Bajkalskú,1 Slovanet,Billa,Lidl;;48.155728;17.143706
40359;24;Bratislava;Bratislava 2;Bratislava 2-Ružinov;Záhradnícka/Drutechna,J;Octopus,nájazd na Bajkalskú,2 Slovanet,Billa,Lidl;;48.155785;17.143467
40395;24;Bratislava;Bratislava 3;Bratislava 3-Rača;Račianska,O;výj.sm PK,Honda,1,Ľ Daňový úrad,Business centrum;;48.192808;17.140908
40396;24;Bratislava;Bratislava 3;Bratislava 3-Rača;Račianska,O;príj.od PK,Honda,smc,1 Daňový úrad,Business centrum;;48.192808;17.140908
40408;24;Bratislava;Bratislava 3;Bratislava 3-Rača;Žitná/Hečkova/FK Rača,J;zast.MHD,ČS OMV,1 Stredná polygrafická škola,kúpalisko;;48.20261;17.149083
40409;24;Bratislava;Bratislava 3;Bratislava 3-Rača;Žitná/Hečkova/FK Rača,J;zast.MHD,ČS OMV,2 Stredná polygrafická škola,kúpalisko;;48.202778;17.149178
40412;24;Bratislava;Bratislava 3;Bratislava 3-Rača;Púchovská/Karpatské nám.,J;príj.od PK,Technomarket,1 Planeo,Takko, Deichman,DM Drogerie;;48.214886;17.163805
40413;24;Bratislava;Bratislava 3;Bratislava 3-Rača;Púchovská/Karpatské nám.,J;príj.od PK,Technomarket,smc,2 Planeo,Takko, Deichman,DM Drogerie;;48.215046;17.163798
40414;24;Bratislava;Bratislava 3;Bratislava 3-Rača;Púchovská/Karpatské nám.,J;príj.od PK,Technomarket,smc,3 Planeo,Takko, Deichman,DM Drogerie,Kaufland;;48.21513;17.163683
40416;24;Bratislava;Bratislava 4;Bratislava 4-Karlova Ves;Botanická/oplot.záhrady;internát Družba,ČS Slovnaft,1 Lidl,Prírodoved.fakulta UK,ČS Shell;;48.14814;17.067052
40417;24;Bratislava;Bratislava 4;Bratislava 4-Karlova Ves;Botanická/oplot.záhrady;internát Družba,ČS Slovnaft,2 Lidl,Prírodoved.fakulta UK,ČS Shell;;48.148128;17.066873
40418;24;Bratislava;Bratislava 4;Bratislava 4-Karlova Ves;Botanická/oplot.záhrady;internát Družba,ČS Slovnaft,3 Lidl,Prírodoved.fakulta UK,ČS Shell;;48.148118;17.066729
40419;24;Bratislava;Bratislava 4;Bratislava 4-Karlova Ves;Botanická/oplot.záhrady;internát Družba,ČS Slovnaft,4 Lidl,Prírodoved.fakulta UK,ČS Shell;;48.148122;17.066617
40420;24;Bratislava;Bratislava 4;Bratislava 4-Karlova Ves;Botanická/oplot.záhrady;internát Družba,ČS Slovnaft,5 Lidl,Prírodoved.fakulta UK,ČS Shell;;48.148121;17.066523
40421;24;Bratislava;Bratislava 4;Bratislava 4-Karlova Ves;Botanická/oplot.záhrady;internát Družba,ČS Slovnaft,6 Lidl,Prírodoved.fakulta UK,ČS Shell;;48.148107;17.066405
40424;24;Bratislava;Bratislava 4;Bratislava 4-Karlova Ves;Karloveská/Nad Lúčkami,O;výj.zo sídl.Dlhé Diely,smc Kaktus Bike,Gymnázium;;48.155963;17.05316
40427;24;Bratislava;Bratislava 4;Bratislava 4-Karlova Ves;Karloveská/Fadruszova,O;smc,Ľ Gymnázium,základná škola;;48.157558;17.052824
40428;24;Bratislava;Bratislava 4;Bratislava 4-Karlova Ves;Karloveská/Fadruszova,O;sm Dúbravka Gymnázium,základná škola;;48.157558;17.052824
40443;24;Bratislava;Bratislava 4;Bratislava 4-Záhor.Bystrica;Bratislavská/oplot.záhrady,J;výp.sm Stupava,1,Ľ TV Markíza, kruhový objazd,Billa;;48.236444;17.034331
40444;24;Bratislava;Bratislava 4;Bratislava 4-Záhor.Bystrica;Bratislavská/oplot.záhrady,J;výp.sm Stupava,2,Ľ TV Markíza, kruhový objazd;;48.236566;17.034334
40445;24;Bratislava;Bratislava 4;Bratislava 4-Záhor.Bystrica;Bratislavská/oplot.záhrady,J;výp.sm Stupava,3,Ľ TV Markíza, kruhový objazd;;48.237325;17.034303
40457;24;Bratislava;Bratislava 5;Bratislava 5-Jarovce;Jantárová/PD Dunaj,V;výjazd z BA,smer Rakúsko,Ľ obytný súbor Jantár, zastávka MHD;;48.072128;17.118638
40458;24;Bratislava;Bratislava 5;Bratislava 5-Jarovce;Jantárová/PD Dunaj,V;príjazd z Rakúska,smer BA obytný súbor Jantár, zastávka MHD;;48.072128;17.118638
40461;24;Bratislava;Bratislava 5;Bratislava 5-Rusovce;Balkánska/okraj obce,O;príjazd od Maďarska,smer BA,Ľ Ponteo;;48.039082;17.153086
40462;24;Bratislava;Bratislava 5;Bratislava 5-Rusovce;Balkánska/okraj obce,O;výjazd smer Maďarsko Ponteo;;48.039082;17.153086
40477;24;Bratislava;Bratislava 2;Bratislava 2-Ružinov;Rožňavská/Bojnická,E-75,O;križ,výj.sm NR,2,Ľ ČS OMV,Mobelix;;48.178524;17.167933
40478;24;Bratislava;Bratislava 2;Bratislava 2-Ružinov;Rožňavská/Bojnická,E-75,O;križ,príj.od NR,smc,2 ČS OMV,Mobelix;;48.178524;17.167933
40479;24;Bratislava;Bratislava 2;Bratislava 2-Ružinov;Bajkalská/Prievozská,E-75,J;križovatka,výjazd smer centrum Forum Business Centrum-Slovak telecom;;48.148991;17.14917
40481;24;Bratislava;Bratislava 4;Bratislava 4-Karlova Ves;Karloveská/Nad Lúčkami,O;pod výj.z D.Dielov,sm Dúbr,Ľ Kaktus Bike,Gymnázium;;48.155961;17.053158
40484;24;Bratislava;Bratislava 2;Bratislava 2-Ružinov;Gagarinova,E-575,J;výjazd smer Prievoz Harley,cintorín Vrakuňa,záhrady;;48.144752;17.186828
50369;24;Nitra;Levice;Veľký Ďur;I/51,NR-LV,O;sm LV,1,Ľ;;48.21555;18.449146
50370;24;Nitra;Levice;Veľký Ďur;I/51,LV-NR,O;sm NR,Vráble,1;;48.21555;18.449146
40520;24;Bratislava;Bratislava 4;Bratislava 4-Lamač;Hodonínska,O;príj.od Záhor.Bystrice,smc,1,Ľ LIDL, predajne automobilov,VUB;;48.196831;17.04602
40521;24;Bratislava;Bratislava 4;Bratislava 4-Lamač;Hodonínska,O;výj.sm Záhor.Bystrica,1 LIDL, predajne automobilov,VUB;;48.196831;17.04602
40522;24;Bratislava;Bratislava 4;Bratislava 4-Lamač;Hodonínska,O;príj.od Záhor.Bystrice,smc,2,Ľ LIDL, predajne automobilov,VUB;;48.196196;17.04622
40523;24;Bratislava;Bratislava 4;Bratislava 4-Lamač;Hodonínska,O;výj.sm Záhor.Bystrica,2 LIDL, predajne automobilov,VUB;;48.196196;17.04622
40527;24;Bratislava;Bratislava 3;Bratislava 3-Nové Mesto;Bojnická/Vajnorská,O;sm Vajnorská,Ľ Protetika;;48.181687;17.163327
40528;24;Bratislava;Bratislava 3;Bratislava 3-Nové Mesto;Bojnická/Vajnorská,O;sm Rožňavská/AVION,letisko Protetika;;48.181687;17.163327
40543;24;Bratislava;Bratislava 2;Bratislava 2-Vrakuňa;Kazanská,J;sídl,sm Slovnaft,pošta,2 NC Hron,Tesco,VUB,Moja Samoška,trhovisko;;48.137134;17.211482
40545;24;Bratislava;Bratislava 2;Bratislava 2-Vrakuňa;Dvojkrížna/Žitavská,O;sídl,smc,Ľ ČS Shell, Súkr.slovanské Gymnázium,zast.MHD,bowling;;48.142093;17.213907
40546;24;Bratislava;Bratislava 2;Bratislava 2-Vrakuňa;Dvojkrížna/Žitavská,O;sídl,sm Kazanská ČS Shell, Súkr.slovanské Gymnázium,zast.MHD,bowling;;48.142093;17.213907
40561;24;Bratislava;Bratislava 5;Bratislava 5-Petržalka;Starohájska,O;oproti Závodisku,parkovisko,Ľ dostihov.dráha,internát EU,Obchodná akadémia;;48.115846;17.121557
40562;24;Bratislava;Bratislava 5;Bratislava 5-Petržalka;Starohájska,O;oproti Závodisku,parkovisko dostihov.dráha,internát EU,Obchodná akadémia;;48.115846;17.121557
40565;24;Bratislava;Bratislava 5;Bratislava 5-Petržalka;Starohájska/Dudova,O;dostihov.dráha,1smer centrum,Ľ internát EU,Obchodná akadémia;;48.117396;17.120184
40566;24;Bratislava;Bratislava 5;Bratislava 5-Petržalka;Starohájska/Dudova,O;dostih. dráha,2,smer Kutlíkova internát EU,Obchodná akadémia;;48.117396;17.120184
40567;24;Bratislava;Bratislava 5;Bratislava 5-Petržalka;Starohájska/Osuského,O;dostihov.dráha,1smer centrum,Ľ internát EU,Obchodná akadémia;;48.118618;17.11916
40568;24;Bratislava;Bratislava 5;Bratislava 5-Petržalka;Starohájska/Osuského,O;dostih. dráha,1,smer Kutlíkova internát EU,Obchodná akadémia;;48.118618;17.11916
40594;24;Bratislava;Bratislava 5;Bratislava 5-Jarovce;Jantárová/PD Dunaj,J;príjazd z Rakúska,smer BA obytný súbor Jantár, zastávka MHD;;48.072429;17.118847
40599;24;Bratislava;Bratislava 5;Bratislava 5-Petržalka;Šintavská/Budatínska,J;príjazd k Tescu,1 tenisové kurty,OC Danubia,základná škola;;48.108361;17.099282
40600;24;Bratislava;Bratislava 5;Bratislava 5-Petržalka;Šintavská/Budatínska,J;príjazd k Tescu,2 tenisové kurty,OC Danubia,základná škola;;48.108362;17.099385
40605;24;Bratislava;Bratislava 2;Bratislava 2-Ružinov;Tomášikova/Seberíniho,V;križovatka,smer Ružinovská,Ľ City Hotel Bratislava, kostol;;48.153307;17.163302
40606;24;Bratislava;Bratislava 2;Bratislava 2-Ružinov;Tomášikova/Seberíniho,V;križovatka,smer Gagarinova City Hotel Bratislava, kostol;;48.153429;17.163202
40618;24;Bratislava;Bratislava 5;Bratislava 5-Petržalka;Dolnozemsk/Žehrian/MIVA,E-57,O;výpad.sm CLO Maď/Rak,Ľ,2 Poliklinika Pro Care, obyt.súbor Melrose Place;;48.097359;17.121227
40619;24;Bratislava;Bratislava 5;Bratislava 5-Petržalka;Dolnozemsk/Žehrian/MIVA,E-57,O;príj.od CLO Maď,smPríst.m.,2 Poliklinika Pro Care, obyt.súbor Melrose Place;;48.097359;17.121227
40620;24;Bratislava;Bratislava 5;Bratislava 5-Petržalka;Dolnozemsk/Žehrian/MIVA,E-57,O;výpad.sm CLO Maď/Rak,Ľ,3 Poliklinika Pro Care, obyt.súbor Melrose Place;;48.096304;17.121164
40621;24;Bratislava;Bratislava 5;Bratislava 5-Petržalka;Dolnozemsk/Žehrian/MIVA,E-57,O;príj.od CLO Maď,smPríst.m.,3 Poliklinika Pro Care, obyt.súbor Melrose Place;;48.096304;17.121164
40626;24;Bratislava;Bratislava 2;Bratislava 2-Ružinov;Prievozská/Pažítková,E-75,O;sídlisko,Rotunda,sm Prievoz,Ľ pizzeria Rotunda, Moja samoška;;48.149365;17.150901
40627;24;Bratislava;Bratislava 2;Bratislava 2-Ružinov;Prievozská/Pažítková,E-75,O;sídlisko,Rotunda,smer centrum pizzeria Rotunda, Moja samoška;;48.149365;17.150901
40630;24;Bratislava;Bratislava 1;Bratislava 1-Staré Mesto;Špitálska,J;centrum,parkovisko,1 Tesco,zastávka MHD,obchody,banky;;48.145738;17.113181
40631;24;Bratislava;Bratislava 1;Bratislava 1-Staré Mesto;Špitálska,J;centrum,parkovisko,2 Tesco,zastávka MHD,obchody,banky;;48.145763;17.113142
40632;24;Bratislava;Bratislava 1;Bratislava 1-Staré Mesto;Špitálska,J;centrum,parkovisko,3 Tesco,zastávka MHD,obchody,banky;;48.145783;17.113088
40633;24;Bratislava;Bratislava 1;Bratislava 1-Staré Mesto;Špitálska,J;centrum,parkovisko,4 Tesco,zastávka MHD,obchody,banky;;48.145827;17.112969
40646;24;Bratislava;Bratislava 3;Bratislava 3-Nové Mesto;Šancová,E-571;hlavný ťah mestom,tržnica,1 Istropolis,Železničná poliklinika, zastávky MHD;;48.158154;17.124869
40647;24;Bratislava;Bratislava 3;Bratislava 3-Nové Mesto;Šancová,E-571;hlavný ťah mestom,tržnica,2 Istropolis,Železničná poliklinika, zastávky MHD;;48.158155;17.124941
40648;24;Bratislava;Bratislava 3;Bratislava 3-Rača;Východná,spoj.Rača-Vajnory,O;smer Vajnory,Ľ letisko Vajnory,OC Vajnoria;;48.197197;17.175006
40649;24;Bratislava;Bratislava 3;Bratislava 3-Rača;Východná,spoj.Vajnory-Rača,O;kruh.objazd,sm Rača letisko Vajnory;;48.197197;17.175006
40654;24;Bratislava;Bratislava 3;Bratislava 3-Rača;Pri Šajbách/Sklabinská,3-panel;križ,sm policaj.akad./Vajnory Policajná akadémia;;48.201672;17.164211
40655;24;Bratislava;Bratislava 3;Bratislava 3-Rača;Pri Šajbách/Sklabinská,3-panel;križ,sm policaj.akad./Rača Policajná akadémia;;48.201539;17.164227
40656;24;Bratislava;Bratislava 3;Bratislava 3-Rača;Pri Šajbách/Sklabinská,3-panel;križ,sm Rača/Vajnory,Ľ Policajná akadémia;;48.20158;17.164405
40669;24;Bratislava;Bratislava 2;Bratislava 2-Ružinov;Drieňová/Tomášikova;križovatka,garáže,7 ČS Shell, Martinský cintorín;;48.160996;17.1601
40688;24;Bratislava;Bratislava 2;Bratislava 2-Ružinov;Gagarinova,E-575,O;príjazd od KN,smer centrum,Ľ vjazd na obchvat, ČS OMV;;48.147134;17.184539
40689;24;Bratislava;Bratislava 2;Bratislava 2-Ružinov;Gagarinova,E-575,O;výj.z diaľnice,obchvatu, sm.KN ČS OMV,záhrady;;48.147134;17.184539
40690;24;Bratislava;Bratislava 2;Bratislava 2-Ružinov;Drieňová/Tomášikova;križovatka,garáže ČS Shell, Martinský cintorín;;48.160843;17.157945
40693;24;Bratislava;Bratislava 5;Bratislava 5-Rusovce;ťah BA-Rusovce,E-75,O;výjazd smer BA,1,Ľ futbalový štadion, hrádza;;48.060857;17.145425
40694;24;Bratislava;Bratislava 5;Bratislava 5-Rusovce;ťah BA-Rusovce,E-75,O;píjazd od BA,smer Maďarsko 1 futbalový štadion, hrádza;;48.06087;17.145458
40695;24;Bratislava;Bratislava 5;Bratislava 5-Rusovce;ťah BA-Rusovce,E-75,O;výjazd smer BA,2,Ľ futbalový štadion, hrádza;;48.061654;17.145494
40696;24;Bratislava;Bratislava 5;Bratislava 5-Rusovce;ťah BA-Rusovce,E-75,O;píjazd od BA,smer Maďarsko 2 futbalový štadion, hrádza;;48.061655;17.145511
40697;24;Bratislava;Bratislava 5;Bratislava 5-Rusovce;ťah BA-Rusovce,E-75,O;výjazd smer BA,3,Ľ futbalový štadion, hrádza;;48.062453;17.145784
40698;24;Bratislava;Bratislava 5;Bratislava 5-Rusovce;ťah BA-Rusovce,E-75,O;príjazd od BA,smer Maďarsko 3 futbalový štadion, hrádza;;48.062432;17.145805
40699;24;Bratislava;Bratislava 5;Bratislava 5-Rusovce;ťah Rusovce-BA,E-75,O;príj.od BA,sm MR,1,Ľ futbalový štadion, hrádza;;48.061982;17.146455
40700;24;Bratislava;Bratislava 5;Bratislava 5-Rusovce;ťah Rusovce-BA,E-75,O;výjazd smer BA,1 futbalový štadion, hrádza;;48.061968;17.146406
40701;24;Bratislava;Bratislava 5;Bratislava 5-Rusovce;ťah Rusovce-BA,E-75,O;príj.od BA,sm MR,2,Ľ futbalový štadion, hrádza;;48.06116;17.146167
40702;24;Bratislava;Bratislava 5;Bratislava 5-Rusovce;ťah Rusovce-BA,E-75,O;výjazd smer BA,2, futbalový štadion, hrádza;;48.06116;17.146167
40703;24;Bratislava;Bratislava 5;Bratislava 5-Rusovce;ťah Rusovce-BA,E-75,O;príj.od BA,sm MR,3,Ľ futbalový štadion, hrádza;;48.060137;17.146321
40704;24;Bratislava;Bratislava 5;Bratislava 5-Rusovce;ťah Rusovce-BA,E-75,O;výjazd smer BA,3, futbalový štadion, hrádza;;48.060137;17.146321
40705;24;Bratislava;Bratislava 1;Bratislava 1-Staré Mesto;29.augusta/Špitálska;centrum,oplot.MŠ,1 Medická záhrada,Lekárska fakulta;;48.149442;17.116685
40706;24;Bratislava;Bratislava 1;Bratislava 1-Staré Mesto;29.augusta/Špitálska;centrum,oplot.MŠ,2 Medická záhrada,Lekárska fakulta;;48.149462;17.116476
40707;24;Bratislava;Bratislava 1;Bratislava 1-Staré Mesto;29.augusta/Špitálska;centrum,oplot.MŠ,3 Medická záhrada,Lekárska fakulta;;48.149486;17.116146
40714;24;Bratislava;Bratislava 5;Bratislava 5-Petržalka;Šintavská/Budatínska,J;príjazd k Tescu,3 tenisové kurty,OC Danubia,základná škola;;48.10834;17.100161
40715;24;Bratislava;Bratislava 5;Bratislava 5-Petržalka;Šintavská/Budatínska,J;príjazd k Tescu,4 tenisové kurty,OC Danubia,základná škola;;48.108348;17.100279
40750;24;Bratislava;Bratislava 5;Bratislava 5-Petržalka;Dolnozemsk/Žehrian/MIVA,E-57,O;výpad.sm CLO Maď/Rak,Ľ,1 Poliklinika Pro Care, obyt.súbor Melrose Place;;48.098112;17.121266
40751;24;Bratislava;Bratislava 5;Bratislava 5-Petržalka;Dolnozemsk/Žehrian/MIVA,E-57,O;príj.od CLO Maď,smPríst.m.,1 Poliklinika Pro Care, obyt.súbor Melrose Place;;48.098112;17.121266
40753;24;Bratislava;Bratislava 1;Bratislava 1-Staré Mesto;Jelenia,J;centrum,oplotenie zákl.školy;;48.157769;17.111575
40783;24;Bratislava;Bratislava 3;Bratislava 3-Rača;Žitná/Hečkova/FK Rača,J;zast.MHD,ČS OMV,3 Stredná polygrafická škola,kúpalisko;;48.202901;17.149391
40784;24;Bratislava;Bratislava 3;Bratislava 3-Rača;Hečkova/Žitná/FK Rača/ČS OMV,J;príj.od PK,zast.MHD,smc,2 Stredná polygrafická škola,kúpalisko;;48.203022;17.149304
40785;24;Bratislava;Bratislava 3;Bratislava 3-Rača;Hečkova/Žitná/FK Rača/ČS OMV,J;príj.od PK,zast.MHD,smc,3 Stredná polygrafická škola,kúpalisko;;48.203038;17.149199
40792;24;Bratislava;Bratislava 3;Bratislava 3-Rača;Hečkova/Žitná/FK Rača/ČS OMV,J;príj.od PK,zast.MHD,smc,1 Stredná polygrafická škola,kúpalisko;;48.20305;17.149355
40793;24;Bratislava;Bratislava 2;Bratislava 2-Ružinov;Košická/Prístavná;križ.pri moste Apollo,1 Eurovea, Tower 115, nové SND;;48.141932;17.129955
40794;24;Bratislava;Bratislava 2;Bratislava 2-Ružinov;Košická/Prístavná;križ.pri moste Apollo,2 Eurovea, Tower 115, nové SND;;48.141883;17.129911
40795;24;Bratislava;Bratislava 2;Bratislava 2-Ružinov;Košická/Prístavná;križ.pri moste Apollo,3 Eurovea, Tower 115, nové SND;;48.141823;17.129869
40796;24;Bratislava;Bratislava 2;Bratislava 2-Ružinov;Košická/Prístavná;križ.pri moste Apollo,4 Eurovea, Tower 115, nové SND;;48.141775;17.129842
40799;24;Bratislava;Bratislava 4;Bratislava 4-DNV;cesta DNV-BA,J;areál Galoper,smer centrum,Ľ,1 Metro, Volkswagen,reštaurácia, ranč,Hornbach;;48.205894;17.01287
40800;24;Bratislava;Bratislava 4;Bratislava 4-DNV;cesta DNV-BA,J;areál Galoper,smer centrum,Ľ,2 Metro, Volkswagen,reštaurácia, ranč,Hornbach;;48.205816;17.012898
40801;24;Bratislava;Bratislava 4;Bratislava 4-DNV;cesta DNV-BA,V;areál Galoper,smer centrum,Ľ,1 Metro, Volkswagen,reštaurácia, ranč,Hornbach;;48.205919;17.014067
40802;24;Bratislava;Bratislava 4;Bratislava 4-DNV;cesta BA-DNV,V;areál Galloper,smer DNV,1 Metro, Volkswagen,reštaurácia, ranč,Hornbach;;48.20594;17.014373
40803;24;Bratislava;Bratislava 4;Bratislava 4-DNV;cesta DNV-BA,V;areál Galoper,smer centrum,Ľ,2 Metro, Volkswagen,reštaurácia, ranč,Hornbach;;48.205926;17.014839
40804;24;Bratislava;Bratislava 4;Bratislava 4-DNV;cesta BA-DNV,V;areál Galloper,smer DNV,2 Metro, Volkswagen,reštaurácia, ranč,Hornbach;;48.205948;17.015162
40805;24;Bratislava;Bratislava 4;Bratislava 4-DNV;cesta DNV-BA,V;Hornbach,sm Bory,Volkswagen,reštaurácia, ranč,Ľ;;48.205912;17.015975
40806;24;Bratislava;Bratislava 4;Bratislava 4-DNV;cesta BA-DNV,V;areál Galloper,smer DNV,3 Metro, Volkswagen,reštaurácia, ranč,Hornbach;;48.205921;17.016266
40807;24;Bratislava;Bratislava 4;Bratislava 4-DNV;cesta BA-Volkswagen DNV,O;sm VW/Stupava,Metro,Ľ,1 Kaufland,areál Galloper,Hornbach, OC Bory Mall;;48.206202;17.016703
40808;24;Bratislava;Bratislava 4;Bratislava 4-DNV;cesta Volkswagen DNV-BA,O;Metro,smc,1 Kaufland,Hornbach, OC Bory Mall;;48.206202;17.016703
40809;24;Bratislava;Bratislava 4;Bratislava 4-DNV;cesta BA-Volkswagen DNV,O;sm VW/Stupava,Metro,Ľ,2 Kaufland,areál Galloper,Hornbach, OC Bory Mall;;48.206662;17.016358
40810;24;Bratislava;Bratislava 4;Bratislava 4-DNV;cesta Volkswagen DNV-BA,O;Metro,smc,2 Hornbach, Kaufland,OC Bory Mall;;48.206662;17.016358
40811;24;Bratislava;Bratislava 4;Bratislava 4-DNV;cesta BA-Volkswagen DNV,O;sm VW/Stupava,Metro,Ľ,3 Kaufland,areál Galloper,Hornbach, OC Bory Mall;;48.207076;17.016037
40812;24;Bratislava;Bratislava 4;Bratislava 4-DNV;cesta Volkswagen DNV-BA,O;Metro,smc,3 Kaufland,HornbachOC Bory Mall;;48.207076;17.016037
40813;24;Bratislava;Bratislava 4;Bratislava 4-DNV;cesta BA-Volkswagen DNV,O;sm VW/Stupava,Metro,Ľ,4 Kaufland,areál Galloper,Hornbach,OC Bory Mall;;48.207909;17.01529
40814;24;Bratislava;Bratislava 4;Bratislava 4-DNV;cesta Volkswagen DNV-BA,O;Metro,smc,4 Kaufland,Hornbach, OC Bory Mall;;48.207909;17.01529
40826;24;Bratislava;Bratislava 4;Bratislava 4-Karlova Ves;Botanická/oplot.záhrady,J;inter.Družba,Slovnaft,sm.centr1,Lidl,Prírodoved.fakulta UK,ČS Shell;;48.148066;17.066331
40827;24;Bratislava;Bratislava 4;Bratislava 4-Karlova Ves;Botanická/oplot.záhrady,J;inter.Družba,Slovnaft,sm.cent2 Lidl,Prírodoved.fakulta UK,ČS Shell;;48.147939;17.066333
40831;24;Bratislava;Bratislava 4;Bratislava 4-DNV;Eisnerova;oplot.RD,kostol,smc,1 základná škola,TERNO potraviny;;48.205751;16.977202
40832;24;Bratislava;Bratislava 4;Bratislava 4-DNV;Eisnerova;oplot.RD,kostol,smc,2 základná škola,TERNO potraviny;;48.205749;16.97734
40838;24;Bratislava;Bratislava 4;Bratislava 4-Dúbravka;Harmincova,oproti AUDI,J;príj.od Lamača,sm Dúbravka,1 Kaufland,zimný štadion,STK,veterin.poliklinika;;48.178827;17.05574
40839;24;Bratislava;Bratislava 4;Bratislava 4-Dúbravka;Harmincova,oproti AUDI,J;príj.od Lamača,sm Dúbravka,2 Kaufland,zimný štadion,STK,veterin.poliklinika;;48.178891;17.055662
40840;24;Bratislava;Bratislava 4;Bratislava 4-Dúbravka;Harmincova,oproti AUDI,J;príj.od Lamača,sm Dúbravka,3 Kaufland,zimný štadion,STK,veterin.poliklinika;;48.178959;17.055578
40841;24;Bratislava;Bratislava 4;Bratislava 4-Dúbravka;Harmincova,J;príj.od Lamača,sm Sitina zimný štadion,STK,pekáreň,veterin.poliklinika;;48.179022;17.055381
40846;24;Bratislava;Bratislava 4;Bratislava 4-DNV;cesta BA-DNV,J;za areálom Galloper,smer DNV,1 Metro, Volkswagen,reštaurácia, ranč,Hornbach;;48.207734;16.989693
40847;24;Bratislava;Bratislava 4;Bratislava 4-DNV;cesta BA-DNV,O;za areálom Galloper,sm.mesto,Ľ Metro, Volkswagen,reštaurácia, ranč,Hornbach;;48.207453;16.992622
40848;24;Bratislava;Bratislava 4;Bratislava 4-DNV;cesta BA-DNV,O;za areálom Galloper,smer DNV,2 Metro, Volkswagen,reštaurácia, ranč;;48.207453;16.992622
40849;24;Bratislava;Bratislava 4;Bratislava 4-DNV;cesta DNV-Devín,O;pri Sandbergu,smc,Ľ Devínska Kobyla,cyklocesta, zastávka MHD;;48.204155;16.970536
40850;24;Bratislava;Bratislava 4;Bratislava 4-DNV;cesta DNV-Devín,O;pri Sandbergu,sm DNV Devínska Kobyla,cyklocesta, zastávka MHD;;48.204158;16.970627
40858;24;Bratislava;Bratislava 4;Bratislava 4-Dúbravka;Trhová;trhovisko,Dom kultúry Dúbravka Gymnázium,Okresný súd;;48.187214;17.039122
40859;24;Bratislava;Bratislava 3;Bratislava 3-Nové Mesto;Šancová/Kukučínova,E-571;hlav.ťah mestom,tržnica,šikmý, Istropolis,Železničná poliklinika, zastávky MHD;;48.158244;17.125535
40860;24;Bratislava;Bratislava 3;Bratislava 3-Nové Mesto;Kukučínova/Škultétyho;Lidl,1 Ministerstvo obrany, výstavba Nový Istropolis;;48.160551;17.126482
40861;24;Bratislava;Bratislava 3;Bratislava 3-Nové Mesto;Kukučínova/Škultétyho;Lidl,2,Ministerstvo obrany, výstavba Nový Istropolis;;48.160609;17.126512
40862;24;Bratislava;Bratislava 3;Bratislava 3-Nové Mesto;Kukučínova/Jarošova;križovatka,smer Račianska,1 tesco Expres,Slimák,CSOB,SLSP,kuchyne Danko;;48.169084;17.128331
40863;24;Bratislava;Bratislava 3;Bratislava 3-Nové Mesto;Kukučínova/Jarošova;križovatka,smer Račianska,2 tesco Expres,SlimákCSOB,SLSP,kuchyne Danko;;48.169182;17.128357
40864;24;Bratislava;Bratislava 3;Bratislava 3-Nové Mesto;Kukučínova/Kutuzovova;križovatka,Poliklinika,1 Ministerstvo obrany;;48.166382;17.127627
40865;24;Bratislava;Bratislava 3;Bratislava 3-Nové Mesto;Kukučínova/Kutuzovova;križovatka,Poliklinika,2 Ministerstvo obrany;;48.166433;17.127621
40880;24;Bratislava;Bratislava 3;Bratislava 3-Nové Mesto;Račianska/Pionierska;žel.priec.vpravo,sm Bajkalská bytový dom Manhattan;;48.168504;17.127644
40900;24;Bratislava;Bratislava 1;Bratislava 1-Staré Mesto;Košická/Chalúpkova;centrum,mestský ťah,križovat.1 Eurovea, most Apollo;;48.143093;17.130408
40901;24;Bratislava;Bratislava 1;Bratislava 1-Staré Mesto;Košická/Chalúpkova;centrum,mestský ťah,križovat.2 Eurovea,most Apollo;;48.143187;17.130443
40902;24;Bratislava;Bratislava 1;Bratislava 1-Staré Mesto;Košická/Chalúpkova;centrum,mestský ťah,križovat.3 Eurovea,most Apollo;;48.143318;17.13051
40917;24;Bratislava;Bratislava 3;Bratislava 3-Nové Mesto;Stará Vajnorská/Vajnorská,J;spojnica,ShoppingPark,smD1,4 HM Tesco,OC Soravia,BGS, eDSystem;;48.187106;17.174028
40918;24;Bratislava;Bratislava 3;Bratislava 3-Nové Mesto;Stará Vajnorská/Vajnorská,J;spojnica,ShoppingPark,smD1,5 HM Tesco,OC Soravia,BGS, eDSystem;;48.187024;17.174102
40919;24;Bratislava;Bratislava 3;Bratislava 3-Nové Mesto;Stará Vajnorská/Vajnorská,J;spojnica,ShoppingPark,smD1,6 HM Tesco,OC Soravia,BGS, eDSystem;;48.18694;17.174194
40920;24;Bratislava;Bratislava 3;Bratislava 3-Nové Mesto;Vajnorská,J;oproti Shopping Park,sm D-1,1 hypermarket TESCO;;48.186911;17.174299
40921;24;Bratislava;Bratislava 3;Bratislava 3-Nové Mesto;Vajnorská,J;oproti Shopping Park,sm D-1,2 hypermarket TESCO;;48.186937;17.174368
40922;24;Bratislava;Bratislava 3;Bratislava 3-Nové Mesto;Vajnorská,J;oproti Shopping Park,sm D-1,3 hypermarket TESCO;;48.186971;17.174462
40923;24;Bratislava;Bratislava 3;Bratislava 3-Nové Mesto;Vajnorská,J;oproti Shopping Park,sm D-1,4 hypermarket TESCO;;48.187022;17.174557
40924;24;Bratislava;Bratislava 3;Bratislava 3-Nové Mesto;Vajnorská,J;oproti Shopping Park,sm D-1,5 hypermarket TESCO;;48.187054;17.174668
40925;24;Bratislava;Bratislava 3;Bratislava 3-Nové Mesto;Vajnorská,J;oproti Shopping Park,sm D-1,6 hypermarket TESCO;;48.187088;17.174753
40935;24;Bratislava;Bratislava 2;Bratislava 2-Ružinov;Galvániho/Ivánska,J;príjazd k Avionu, IKEA LIDL, SOU stavebné;;48.168411;17.176871
40951;24;Bratislava;Bratislava 3;Bratislava 3-Nové Mesto;Kukučínova/Jarošova;križovat.smer Račianska,vľavo Tesco Expres,Slimák;;48.168523;17.128147
40954;24;Bratislava;Bratislava 3;Bratislava 3-Vajnory;Rybničná,O;Epona,sm Zl. Piesky,2,Ľ penzion,ranč s koňmi,ČS OMV;;48.213683;17.191318
40955;24;Bratislava;Bratislava 3;Bratislava 3-Vajnory;Rybničná,O;Epona,sm Modra/Pezinok,1 penzion,ranč s koňmi,ČS OMV;;48.213683;17.191318
40956;24;Bratislava;Bratislava 3;Bratislava 3-Vajnory;Rybničná,O;Epona,sm Modra/Pezinok,2 penzion,ranč s koňmi, ČS OMV;;48.213696;17.191386
40958;24;Bratislava;Bratislava 3;Bratislava 3-Nové Mesto;Račianska,V;pred ŽS Vinohrady,sm PK,Ľ Gaštanový Hájik, Light Park;;48.186917;17.134321
40959;24;Bratislava;Bratislava 3;Bratislava 3-Nové Mesto;Račianska,V;pred ŽS Vinohrady,smc Gaštanový Hájik, Light Park;;48.18695;17.134333
40968;24;Bratislava;Bratislava 2;Bratislava 2-Ružinov;Galvániho/Ivánska,J;križov,AVION,McDonald,IKEA Hotel Gate One, XXXLutz, Hornbach;;48.16792;17.177203
40969;24;Bratislava;Bratislava 2;Bratislava 2-Ružinov;Ivánska/Galvániho,J;križov,AVION,McDonald,IKEA,5 Hotel Gate One, XXXLutz, Aruba Business Centre;;48.167719;17.177652
40970;24;Bratislava;Bratislava 2;Bratislava 2-Ružinov;Ivánska/Galvániho,J;križov,AVION,McDonald,IKEA,6 Hotel Gate One, XXXLutz, Aruba Business Centre;;48.167742;17.177741
40971;24;Bratislava;Bratislava 2;Bratislava 2-Ružinov;Ivánska/Galvániho,J;križov,AVION,McDonald,IKEA,7 Hotel Gate One, XXXLutz, Aruba Business Centre;;48.167793;17.177813
40972;24;Bratislava;Bratislava 2;Bratislava 2-Ružinov;Ivánska/Galvániho,J;križov,AVION,McDonald,IKEA,8 Hotel Gate One, XXXLutz, Aruba Business Centre;;48.167822;17.177936
40973;24;Bratislava;Bratislava 2;Bratislava 2-Ružinov;Ivánska,J;križ/príj.od AVION,McDonald,1 IKEA,OC Korzo,Hotel Gate One,XXXLutz;;48.168025;17.178445
40974;24;Bratislava;Bratislava 2;Bratislava 2-Ružinov;Ivánska,J;križ/príj.od AVION,McDonald,2 IKEA,OC Korzo,Hotel Gate One,XXXLutz;;48.168064;17.178538
40975;24;Bratislava;Bratislava 2;Bratislava 2-Ružinov;Ivánska,J;križ/príj.od AVION,McDonald,3 IKEA,OC Korzo,Hotel Gate One,XXXLutz;;48.168104;17.178647
40982;24;Bratislava;Bratislava 3;Bratislava 3-Rača;Púchovská,O;Kaufland,Drevona,smc,Ľ,1 Planeo,Takko, Deichman,DM Drogerie;;48.211856;17.159436
40983;24;Bratislava;Bratislava 3;Bratislava 3-Rača;Púchovská,O;Kaufland,Drevona,smc,Ľ,2 Planeo,Takko, Deichman,DM Drogerie;;48.211794;17.159537
40984;24;Bratislava;Bratislava 3;Bratislava 3-Rača;Púchovská,O;Kaufland,Drevona,smc,Ľ,3 Planeo,Takko, Deichman,DM Drogerie;;48.211746;17.15961
40985;24;Bratislava;Bratislava 3;Bratislava 3-Rača;Púchovská,O;Kaufland,Drevona,sm PK,1 Planeo,Takko, Deichman,DM Drogerie;;48.211855;17.159419
40986;24;Bratislava;Bratislava 3;Bratislava 3-Rača;Púchovská,O;Kaufland,Drevona,sm PK,2 Planeo,Takko, Deichman,DM Drogerie;;48.211793;17.159529
40987;24;Bratislava;Bratislava 3;Bratislava 3-Rača;Púchovská,O;Kaufland,Drevona,sm PK,3 Planeo,Takko, Deichman,DM Drogerie;;48.211752;17.159609
40999;24;Bratislava;Bratislava 3;Bratislava 3-Nové Mesto;Račianska/Nobelova,J;oproti ŽS,Lightpark,smPK žel.stanica,Predmestie, Vinohrady;;48.186739;17.13495
41000;24;Bratislava;Bratislava 3;Bratislava 3-Nové Mesto;Račianska/Nobelova,J;oproti ŽS,Lightpark,Ľ žel.stanica,Predmestie, Vinohrady;;48.186763;17.135205
41007;24;Bratislava;Bratislava 3;Bratislava 3-Nové Mesto;Stará Vajnorská,J;autobazár,neďal.HM Tesco,smc,1 OC Soravia,zastávka MHD;;48.187957;17.176098
41008;24;Bratislava;Bratislava 3;Bratislava 3-Nové Mesto;Stará Vajnorská,J;autobazár,neďal.HM Tesco,2 OC Soravia,zastávka MHD;;48.188016;17.176369
41009;24;Bratislava;Bratislava 3;Bratislava 3-Nové Mesto;Stará Vajnorská,J;autobazár,neďal.HM Tesco,3 OC Soravia,zastávka MHD;;48.188072;17.176503
41011;24;Bratislava;Bratislava 3;Bratislava 3-Nové Mesto;Stará Vajnorská,J;autobazár,neďal.HM Tesco,4 OC Soravia,zastávka MHD;;48.188148;17.176646
41012;24;Bratislava;Bratislava 3;Bratislava 3-Nové Mesto;Stará Vajnorská,J;autobazár,neďal.HM Tesco,5 OC Soravia,zastávka MHD;;48.1882;17.176736
41013;24;Bratislava;Bratislava 3;Bratislava 3-Nové Mesto;Stará Vajnorská,J;autobazár,neďal.HM Tesco,6 OC Soravia,zastávka MHD;;48.188242;17.176811
41014;24;Bratislava;Bratislava 3;Bratislava 3-Nové Mesto;Stará Vajnorská,J;autobazár,neďal.HM Tesco,smc OC Soravia,zastávka MHD;;48.188375;17.176881
41015;24;Bratislava;Bratislava 2;Bratislava 2-Ružinov;Ivánska,J;príjazd z letiska,1 IKEA,OC Korzo,OLO;;48.168774;17.179872
41016;24;Bratislava;Bratislava 2;Bratislava 2-Ružinov;Ivánska,J;príjazd z letiska,2 IKEA,OC Korzo,OLO;;48.168851;17.179805
41017;24;Bratislava;Bratislava 5;Bratislava 5-Petržalka;Kutlíkova/Starohájska;oplotenie závodiska dostihová dráha, hrádza;;48.11241;17.12534
41028;24;Bratislava;Bratislava 5;Bratislava 5-Petržalka;Budatínska/Šintavská,J;oplot.Tenis.klubu,oproti TESCO OC Danubia,Stredná zdravotnícka škola;;48.108461;17.099004
41065;24;Bratislava;Bratislava 2;Bratislava 2-Ružinov;Drieňová/Tomášikova;križovatka,garáže,8 ČS Shell, Martinský cintorín;;48.160995;17.15994
41066;24;Bratislava;Bratislava 3;Bratislava 3-Nové Mesto;Stará Vajnorská,J;vjazd do areálu skladov;;48.18938;17.180306
41067;24;Bratislava;Bratislava 2;Bratislava 2-Podunaj.Biskupice;Vrakuňská,J;križov. Vrakuňská/Komárovská;;48.136738;17.198023
41068;24;Bratislava;Bratislava 4;Bratislava 4-DNV;Lamačská brána DNV-BA,O;smer Metro, blízko Bory Mall, Ľ;;48.211161;17.015354
41069;24;Bratislava;Bratislava 4;Bratislava 4-DNV;Lamačská brána DNV-BA,O;smer Hornbach,Bory Mall;;48.211161;17.015354
41070;24;Bratislava;Bratislava 4;Bratislava 4-DNV;Lamačská brána DNV-BA,O;smer Hornbach, Bory Mall, Ľ;;48.211176;17.015848
41071;24;Bratislava;Bratislava 4;Bratislava 4-DNV;Lamačská brána DNV-BA,O;smer Metro, blízko OC Bory Mall;;48.211176;17.015848
41082;24;Bratislava;Bratislava 3;Bratislava 3-Nové Mesto;Vajnorská/ČS OMV,J;výpad.,za žel.nadjazd.,sm NR,1 outlet Adidas;;48.174808;17.144733
41083;24;Bratislava;Bratislava 3;Bratislava 3-Nové Mesto;Vajnorská/ČS OMV,J;výpad.,za žel.nadjazd.,sm NR,2 outlet Adidas;;48.174803;17.14469
41084;24;Bratislava;Bratislava 3;Bratislava 3-Nové Mesto;Vajnorská/ČS OMV,J;výpad.,za žel.nadjazd.,sm NR,3 outlet Adidas;;48.174823;17.144653
41096;24;Bratislava;Bratislava 3;Bratislava 3-Vajnory;Rybničná,O;Epona,sm Zl. piesky,1,Ľ penzion,ranč s koňmi, ČS OMV;;48.213696;17.191386
41099;24;Bratislava;Bratislava 3;Bratislava 3-Rača;Žitná,J;križovatka Žitná/Hybešova,1 autoservis,reštaurácia;;48.2061979;17.1526524
41100;24;Bratislava;Bratislava 3;Bratislava 3-Rača;Žitná,J;križovatka Žitná/Hybešova,2 autoservis,reštaurácia;;48.2062171;17.1526678
41103;24;Bratislava;Bratislava 5;Bratislava 5-Čunovo;cesta na vodné dielo,J;sm BA od Gabčíkova;;48.025278;17.176389
41104;24;Bratislava;Bratislava 5;Bratislava 5-Čunovo;cesta na vodné dielo,O;sm areál vodných športov,Ľ;;48.024877;17.180062
41105;24;Bratislava;Bratislava 5;Bratislava 5-Čunovo;cesta na vodné dielo,O;sm BA;;48.024877;17.180062
41106;24;Bratislava;Bratislava 5;Bratislava 5-Čunovo;cesta na vodné dielo,O;sm BA,Ľ;;48.024154;17.187836
41107;24;Bratislava;Bratislava 5;Bratislava 5-Čunovo;cesta na vodné dielo,O;sm areál vodných športov;;48.024154;17.187836
41108;24;Bratislava;Bratislava 5;Bratislava 5-Jarovce;cesta Jarovce-Rusovce,V;výjazd na Rusovce,Ľ smer Maďarsko;;48.063244;17.120782
41109;24;Bratislava;Bratislava 5;Bratislava 5-Jarovce;cesta Jarovce-Rusovce,V;príjazd do Jaroviec, sm BA;;48.063244;17.120782
41110;24;Bratislava;Bratislava 5;Bratislava 5-Petržalka;Starohájska;oplot.jazdec.klubu,reštaur,2 dostihov.dráha,internát EU,Obchodná akadémia;;48.117972;17.120114
41114;24;Bratislava;Bratislava 3;Bratislava 3-Vajnory;Rybničná,O;obchvat Vajnor,sm Rača,Ľ ČS Slovnaft;;48.207034;17.196463
41115;24;Bratislava;Bratislava 3;Bratislava 3-Vajnory;Rybničná,O;obchvat Vajnor,sm BA ČS Slovnaft;;48.207034;17.196463
41116;24;Bratislava;Bratislava 3;Bratislava 3-Vajnory;Rybničná,V;obchvat Vajnor,sm Rača,Ľ ČS Slovnaft;;48.209291;17.197814
41117;24;Bratislava;Bratislava 3;Bratislava 3-Vajnory;Rybničná,V;obchvat Vajnor,smer BA ČS Slovnaft, OC Vajnoria;;48.209291;17.197814
41120;24;Bratislava;Bratislava 5;Bratislava 5-Petržalka;Jantárová,O;križovatka s Betliarskou, Ľ;;48.098768;17.109122
41121;24;Bratislava;Bratislava 5;Bratislava 5-Petržalka;Jantárová,O;križovatka s Betliarskou smer Lidl;;48.098768;17.109122
41124;24;Bratislava;Bratislava 2;Bratislava 2-Vrakuňa;Podunajská/Hradská,O;križovatka,smc,Ľ,1;;48.147098;17.206497
41125;24;Bratislava;Bratislava 2;Bratislava 2-Vrakuňa;Podunajská/Hradská,O;križovatka,sm ŠK Vrakuňa,1;;48.147098;17.206497
41126;24;Bratislava;Bratislava 2;Bratislava 2-Vrakuňa;Podunajská/Hradská,O;križovatka,smc,Ľ,2;;48.146572;17.205928
41127;24;Bratislava;Bratislava 2;Bratislava 2-Vrakuňa;Podunajská/Hradská,O;križovatka,sm ŠK Vrakuňa,2;;48.146572;17.205928
41128;24;Bratislava;Bratislava 2;Bratislava 2-Vrakuňa;Podunajská/Hradská,O;križovatka,sm ŠK Vrakuňa,Ľ,1;;48.146647;17.205161
41129;24;Bratislava;Bratislava 2;Bratislava 2-Vrakuňa;Podunajská/Hradská,O;križovatka,smc,1;;48.146647;17.205161
41130;24;Bratislava;Bratislava 2;Bratislava 2-Vrakuňa;Podunajská/Hradská,O;križovatka,sm ŠK Vrakuňa,Ľ,2;;48.146887;17.205499
41131;24;Bratislava;Bratislava 2;Bratislava 2-Vrakuňa;Podunajská/Hradská,O;križovatka,smc,2;;48.146887;17.205499
41143;24;Bratislava;Bratislava 4;Bratislava 4-Karlova Ves;Karloveská,O;Lidl,parkovisko,smc, Ľ;;48.149239;17.063839
41144;24;Bratislava;Bratislava 4;Bratislava 4-Karlova Ves;Karloveská,O;Lidl,parkovisko,sm Dúbravka;;48.149239;17.063839
41145;24;Bratislava;Bratislava 2;Bratislava 2-Ružinov;Bajkalská/Prievozská,E-75,O;križovatka,výjazd smer Komárno Forum Business Centrum-Slovak telecom;;48.148726;17.150241
41146;24;Bratislava;Bratislava;Bratislava 3-Vajnory;Tuhovská,O;smer Vajnory, Rača NAY elektrodom, pri FORDe;;48.190267;17.194828
41147;24;Bratislava;Bratislava;Bratislava 3-Vajnory;Tuhovská,O;smer ul.Stará Vajnorská,Ľ FORD;;48.190267;17.194828
41185;24;Bratislava;Bratislava 5;Bratislava 5-Petržalka;Kopčianska,J;smer žel.stanica Petržalka,OC Viene Gatte, kúpalisko Matadorka,1;;48.115579;17.093703
41186;24;Bratislava;Bratislava 5;Bratislava 5-Petržalka;Kopčianska,J;smer žel.stanica Petržalka,OC Viene Gatte, kúpalisko Matadorka,2;;48.115594;17.093653
41187;24;Bratislava;Bratislava 5;Bratislava 5-Petržalka;Kopčianska,J;smer žel.stanica Petržalka,OC Viene Gatte, kúpalisko Matadorka,3;;48.115601;17.093777
41188;24;Bratislava;Bratislava 5;Bratislava 5-Petržalka;Kopčianska,J;smer žel.stanica Petržalka,OC Viene Gatte, kúpalisko Matadorka,4;;48.115538;17.093925
41189;24;Bratislava;Bratislava 5;Bratislava 5-Petržalka;Kopčianska,J;smer žel.stanica Petržalka,OC Viene Gatte, kúpalisko Matadorka,5;;48.115522;17.09399
41190;24;Bratislava;Bratislava 5;Bratislava 5-Petržalka;Kopčianska,J;smer od centra,6;;48.115702;17.094043
41206;24;Bratislava;Bratislava 2;Bratislava 2-Ružinov;Bajkalská;príjazd od Prístav.mosta,4,PSS,Forum Business Centrum-Slovak telecom;;48.147174;17.150706
41205;24;Bratislava;Bratislava 2;Bratislava 2-Ružinov;Bajkalská;príjazd od Prístav.mosta,3,PSS,Forum Business Centrum-Slovak telecom;;48.147393;17.150616
41204;24;Bratislava;Bratislava 2;Bratislava 2-Ružinov;Bajkalská;príjazd od Prístav.mosta,2,PSS,Forum Business Centrum-Slovak telecom;;48.147595;17.150571
41203;24;Bratislava;Bratislava 2;Bratislava 2-Ružinov;Bajkalská;príjazd od Prístav.mosta,1,PSS,Forum Business Centrum-Slovak telecom;;48.147776;17.150481
41207;24;Bratislava;Bratislava 2;Bratislava 2-Ružinov;Ivánska,J;príjazd z letiska,AVION,sm Ružinov;;48.1666;17.174317
41208;24;Bratislava;Bratislava 4;Bratislava 4-Dúbravka;Lamačská cesta/Polianky;Polianky, sm AZ Pneu;;48.178726;17.059601
50001;24;Nitra;Komárno;Bajč;Dom kultúry;rázc.KN/NZ/Štúrovo,1;;47.929097;18.202805
50002;24;Nitra;Komárno;Bajč;Dom kultúry;rázc.KN/NZ/Štúrovo,2;;47.93069;18.2026
50003;24;Trnava;Trnava;Trnava;Paulínska,J;centrum 1, Terno, OD Jednota;;48.376212;17.587888
50004;24;Trnava;Trnava;Trnava;Paulínska,J;centrum 2, Terno,OD Jednota;;48.376233;17.58804
50005;24;Trnava;Trnava;Trnava;Bratislavská,BA-TT;oproti ČS Slovnaft,1 príjazd od BA;;48.35811;17.577902
50006;24;Trnava;Trnava;Trnava;Bratislavská,BA-TT;oproti ČS Slovnaft,2 príjazd od BA;;48.358004;17.577865
50007;24;Trnava;Trnava;Trnava;Bratislavská,BA-TT;oproti ČS Slovnaft,3 príjazd od BA;;48.357885;17.577796
50015;24;Trnava;Trnava;Trnava;Kollárova;City Arena,parkov,smc,1,Ľ Trnavská Univerzita, Polícia;;48.372556;17.590252
50016;24;Trnava;Trnava;Trnava;Kollárova;City Arena,parkov,smc,2,Ľ Trnavská Univerzita, Polícia;;48.372512;17.590276
50017;24;Trnava;Trnava;Trnava;Kollárova;City Arena,parkov,smc,3,Ľ Trnavská Univerzita, Polícia;;48.372458;17.590335
50018;24;Trnava;Trnava;Trnava;Kollárova;City Arena,parkov,smc,4 Ľ Trnavská Univerzita, Polícia;;48.372415;17.590375
50019;24;Trnava;Trnava;Trnava;Kollárova;City Arena,parkov,smc,5,Ľ Trnavská Univerzita, Polícia;;48.372358;17.590384
50020;24;Trnava;Trnava;Trnava;Modranská,Modra-TT,J;príj.od Modry,PD,1;;48.381731;17.554389
50021;24;Trnava;Trnava;Trnava;Modranská,Modra-TT,J;príj.od Modry,PD,2;;48.379463;17.554076
50022;24;Trnava;Trnava;Trnava;Sladovnícka,príj.z E-75 od BA;kruhový objazd,smer centrum,1 ČS Shell;;48.367938;17.596739
50023;24;Trnava;Trnava;Trnava;Sladovnícka,príj.z E-75 od BA;kruhový objazd,smer centrum,2 ČS Shell;;48.368076;17.596926
50024;24;Trnava;Trnava;Trnava;Kollárova, centrum;Práv.fakulta TU, Figaro,1 SAD, žel.stanica;;48.372217;17.585663
50025;24;Trnava;Trnava;Trnava;Kollárova, centrum;Práv.fakulta TU, Figaro,2 SAD, žel.stanica;;48.372175;17.585703
50026;24;Trnava;Trnava;Trnava;Kollárova,centrum;Práv.fakulta TU, Figaro,3 SAD, žel.stanica;;48.372107;17.585731
50027;24;Trnava;Trnava;Trnava;Kollárova,centrum;Práv.fakulta TU, Figaro,4 SAD, žel.stanica;;48.372052;17.585773
50028;24;Nitra;Topoľčany;Dvorany n/Nitrou;I/64,TO-NR,J;č.d.178,sm Nitra;;48.492324;18.10648
50029;24;Nitra;Topoľčany;Dvorany n/Nitrou;I/64,NR-TO,J;prieťah obcou,križ,sm TO/Dvor;;48.487264;18.114051
50030;24;Trnava;Dunajská Streda;Dunajská Streda;GA-DS,Galantská/Múzejná;križ,sm GA,1;;47.993521;17.622758
50031;24;Trnava;Dunajská Streda;Dunajská Streda;GA-DS,Galantská/Múzejná;križ,sm GA,2;;47.993537;17.623012
50032;24;Trnava;Dunajská Streda;Dunajská Streda;GA-DS,Galantská/Múzejná;križ,sm GA,3;;47.99355;17.623215
50033;24;Trnava;Dunajská Streda;Dunajská Streda;Bratislavská cesta/Októbrová,J;príjazd od BA;;47.996178;17.601148
50042;24;Trnava;Dunajská Streda;Dunajská Streda;Bratislavská cesta,J;výj.sm BA,oplot.závodu SAD,1 ČS Slovnaft;;47.994645;17.605792
50043;24;Trnava;Dunajská Streda;Dunajská Streda;Bratislavská cesta,J;výj.sm BA,oplot.závodu SAD,2 ČS Slovnaft;;47.994514;17.606255
50049;24;Trnava;Dunajská Streda;Dolný Bar;E-575/BA-KN;č.d.51,fasáda,sm KN,1;;47.966655;17.68267
50050;24;Trnava;Dunajská Streda;Dolný Bar;E-575/BA-KN;č.d.51,fasáda,sm KN,2;;47.966655;17.68267
50059;24;Nitra;Topoľčany;Bojná;Piešťany-Topoľčany,J;č.d.76,espresso,sm TO;;48.571527;18.06402
50061;24;Trnava;Skalica;Kopčany;Kúty-Holíč,O;centr,pri OÚ,sm Holíč,Ľ;;48.787845;17.111209
50062;24;Trnava;Skalica;Kopčany;Holíč-Kúty,O;centr,pri OÚ,sm Kúty;;48.788803;17.115231
50063;24;Nitra;Nové Zámky;Komjatice;I/64,NR-NZ,V;križ.Novozám/Nitrians,sm NZ,Ľ;;48.160155;18.165775
50064;24;Nitra;Nové Zámky;Komjatice;I/64,NZ-NR,V;križ.Novozám/Nitrianska,sm NR;;48.158582;18.166323
50065;24;Trnava;Senica;Kúty;Štefánikova,J;príj.od Senice,križ,smc;;48.657974;17.039025
50066;24;Trnava;Senica;Kúty;I/2,Holíč-Malacky,Hlavná,J;príj.od Holíča;;48.662637;17.016
50067;24;Nitra;Komárno;Komárno;Petöfiho;Nemocnica,príj.k ŽSR,;;47.766803;18.125523
50073;24;Nitra;Komárno;Komárno;Petöfiho,J;oplotenie SPŠ,divadlo,NsP,1 Billa,LIDL, Nemocnica;;47.762866;18.125442
50075;24;Nitra;Komárno;Komárno;BA-KN,Mederská/Petöfiho;SPŠ,križ,sm BA,1 Billa,LIDL, Nemocnica;;47.763705;18.125486
50077;24;Nitra;Komárno;Komárno;BA-KN,Mederská/Petöfiho;SPŠ,2;;47.764019;18.125173
50084;24;Nitra;Komárno;Komárno;I/63,BA-KN,Bratislavská/Baž,J;smc,1 NAY;;47.765245;18.103028
50085;24;Nitra;Komárno;Komárno;I/63,BA-KN,Bratislavská/Baž,J;smc,2 NAY;;47.765227;18.102888
50086;24;Nitra;Komárno;Komárno;I/63,BA-KN,Bratislavská/Baž,J;smc,3 NAY;;47.765207;18.102765
50092;24;Nitra;Levice;Kalná n/Hronom;rázc.Nitra/Levice/Šahy;križ,reštaur,sm NR;;48.201056;18.516748
50097;24;Nitra;Levice;Hrkovce;E-77/Šahy-Zvolen,V;pri OÚ,sm ZV,Ľ;;48.087039;18.894653
50098;24;Nitra;Levice;Hrkovce;E-77/Zvolen-Šahy,V;pri OÚ,sm CLO MR;;48.087563;18.891514
50100;24;Nitra;Komárno;Hurbanovo;I/64,KN-NZ,Novozámocká;ZŠ,Pivovar,1;;47.882725;18.199519
50101;24;Nitra;Komárno;Hurbanovo;I/64,KN-NZ,Novozámocká;ZŠ,Pivovar,2;;47.880864;18.199078
50103;24;Trnava;Skalica;Holíč;I/51,Senica-CLO ČR,Moyzesova,V;smer centrum,Ľ;;48.806531;17.165426
50104;24;Trnava;Skalica;Holíč;I/51,CLO ČR-Senica,Moyzesova,V;sm Senica;;48.808097;17.161364
50105;24;Trnava;Skalica;Holíč;I/51,Holíč-CLO ČR,J;ČS GAS,sm CLO do ČR;;48.813955;17.149346
50127;24;Nitra;Nové Zámky;Nové Zámky;Cisárska bašta, J;letné kúpalisko,krytá plav.,1;;47.988026;18.161569
50128;24;Nitra;Nové Zámky;Nové Zámky;Cisárska bašta, J;letné kúpalisko,krytá plav.,2;;47.98763;18.162048
50129;24;Nitra;Nové Zámky;Nové Zámky;Cisárska bašta, J;letné kúpalisko,krytá plav.,3;;47.987622;18.162305
50130;24;Nitra;Nové Zámky;Nové Zámky;Nám.republiky/stanica ŽSR,SAD;pošta,CBA,1;;47.993803;18.174803
50131;24;Nitra;Nové Zámky;Nové Zámky;Nám.republiky/stanica ŽSR ,SAD;pošta,CBA,2;;47.993801;18.174974
50132;24;Nitra;Nové Zámky;Nové Zámky;I/75,BA-NZ,Výpalisko,J;sm NZ/centr,Ľ;;47.998726;18.165449
50165;24;Trnava;Senica;Moravský Svätý Ján;I/2,Kúty-Malacky,O;výj.z obce,sm Malacky,Ľ;;48.591375;16.99245
50166;24;Trnava;Senica;Moravský Svätý Ján;I/2,Malacky-Kúty,O;príj.do obce,sm Kúty/CLO Rak;;48.591375;16.99245
50169;24;Nitra;Levice;Levice;Dopravná;zákl.škola,1;;48.214838;18.59503
50170;24;Nitra;Levice;Levice;Dopravná;zákl.škola,2;;48.214971;18.594946
50172;24;Trnava;Piešťany;Piešťany;Dopravná/Vrbovská;príj.ku ŽSR/SAD,oplot.ŽSR,1;;48.592174;17.812273
50173;24;Trnava;Piešťany;Piešťany;Dopravná/Vrbovská;príj.ku ŽSR/SAD,oplot.ŽSR,2;;48.592294;17.81236
50174;24;Trnava;Piešťany;Piešťany;Dopravná;príj.ku ŽSR/SAD,oplot.ŽSR,1;;48.595819;17.815002
50175;24;Trnava;Piešťany;Piešťany;Dopravná;príj.ku ŽSR/SAD,oplot.ŽSR,2;;48.596056;17.815125
50187;24;Nitra;Levice;Šahy;E-77/ZV-Šahy,SNP,V;ČS,sm CLO MR,Ľ;;48.080477;18.945728
50188;24;Nitra;Levice;Šahy;E-77/Šahy-ZV,SNP,V;ČS,sm Zvolen/Levice;;48.080477;18.945728
50189;24;Nitra;Levice;Šahy;E-77/Šahy-CLO MR,Hontianska,V;colnica,2x ČS,sm Šahy,Ľ;;48.059213;18.961722
50190;24;Nitra;Levice;Šahy;E-77/CLO MR-Šahy,Hontianska,V;colnica,2x ČS,sm CLO;;48.059213;18.961722
50191;24;Nitra;Levice;Šahy;E-77 Šahy-Zvolen,SNP;Itimex,výj.sm Zvolen/Levice;;48.078802;18.948257
50192;24;Nitra;Levice;Šahy;E-77 Šahy-Zvolen,SNP;č.d.36,výj.sm Zvolen/Levice;;48.07337;18.949565
50196;24;Trnava;Senica;Sekule;I/2,Malacky-Kúty,Hlavná;pekáreň,sm Kúty/CLO ČR;;48.609467;17.000153
50197;24;Trnava;Senica;Sekule;I/2,Malacky-Kúty,Hlavná,J;príj.od MA,č.d.299,Ľ;;48.602231;16.996486
50227;24;Trnava;Dunajská Streda;Veľký Meder;I/63/KN-BA,Komárňanská,J;výj.z ČS OMV,1;;47.858899;17.759428
50228;24;Trnava;Dunajská Streda;Veľký Meder;I/63/KN-BA,Komárňanská,J;výj.z ČS OMV,2;;47.8582;17.762933
50229;24;Trnava;Dunajská Streda;Veľký Meder;I/63 BA-KN,Bratislavská,J;príj.do centra,sm KN;;47.855454;17.766719
50238;24;Nitra;Zlaté Moravce;Zubor;E-571/BA-ZV-KE,ČS OMV,J;priamo na ČS,sm BB,2;;48.353607;18.481382
50239;24;Nitra;Zlaté Moravce;Zubor;E-571/BA-ZV-KE,ČS OMV,J;príj.na ČS od BA/NR;;48.350154;18.484547
50242;24;Nitra;Levice;Želiezovce;I/76 LV-Štúrov,Jarmočná/SNP;križ,č.d.31,sm centrum,Ľ;;48.054077;18.655189
50243;24;Nitra;Zlaté Moravce;Zlaté Moravce;Továrenská,V;ČS Slovnaft,futb.štad.,smc,Ľ VION;;48.392337;18.397236
50244;24;Nitra;Zlaté Moravce;Zlaté Moravce;Továrenská,V;ČS Slovnaft,futb.štad.,smer To VION;;48.392227;18.397113
50247;24;Trenčín;Partizánske;Hradište;E-572/Trenčín-Prievidza,V;výj.sm PD,futbal.štad.,1,Ľ;;48.693394;18.374499
50248;24;Trenčín;Partizánske;Hradište;E-572/Prievidza-Trenčín,V;príjazd od PD,futbal.štad.,1;;48.694516;18.378164
50249;24;Trenčín;Partizánske;Hradište;E-572/Trenčín-Prievidza,V;výj.sm PD,futbal.štad.,2,Ľ;;48.69852;18.379822
50250;24;Trenčín;Partizánske;Hradište;E-572/Prievidza-Trenčín,V;príjazd od PD,futbal.štad.,2;;48.699831;18.382771
50251;24;Trenčín;Partizánske;Partizánske;PD-TO,časť Malé Bielice,O;výj.sm TO,Skleníkové hosp.,Ľ;;48.626279;18.338543
50252;24;Trenčín;Partizánske;Partizánske;TO-PD,časť Malé Bielice,O;príj.od TO,Skleníkové hosp.;;48.626279;18.338543
50253;24;Trenčín;Trenčín;Drietoma;E-50/ČR-Trenčín,O;príj.od ČR,sm TN,Ľ;;48.903747;17.956635
50254;24;Trenčín;Trenčín;Drietoma;E-50/Trenčín-ČR,O;výj.sm ČR;;48.903747;17.956635
50271;24;Trenčín;Trenčín;Trenčín;Legionárska/NsP;trhovisko,nákup.stred.Družba,1 pred kruh.objazdom, smer centrum;;48.884047;18.031362
50286;24;Trenčín;Nové Mesto n/Váhom;Nové Mesto nad Váhom;E-75/BA-TN,Trenčianska/VZT;výj.sm TN,ČS,garáže,Ľ;;48.751071;17.839608
50296;24;Bratislava;Pezinok;Pezinok;Myslenická;príj.od BA,smer centrum,Ľ smer Tesco;;48.26993;17.247155
50297;24;Bratislava;Pezinok;Pezinok;Šenkvická/PD;výj.sm Modra,ČS,autoservis,1 Terno plus;;48.290995;17.281349
50298;24;Bratislava;Pezinok;Pezinok;Šenkvická/PD;výj.sm Modra,ČS,autoservis,2 Terno plus;;48.290933;17.281462
50299;24;Bratislava;Pezinok;Pezinok;Šenkvická/PD;výj.sm Modra,ČS,autoservis,3 Terno plus;;48.29086;17.281576
50315;24;Bratislava;Senec;Senec;Štúrova/hotel Amur;oplot.Senec.jazier,autokemping železničná stanica;;48.214103;17.408941
50317;24;Bratislava;Senec;Senec;Trnavská,V;oproti domu č.18,výj.sm TT,Ľ LIDL;;48.225395;17.402591
50318;24;Bratislava;Senec;Senec;Trnavská,V;oproti d.č.18,príj.od TT,smc LIDL;;48.225395;17.402591
50325;24;Nitra;Nové Zámky;Veľký Kýr;I/64,NR-NZ,Novozámocká,O;ČS,motorest,sm NZ;;48.174077;18.142654
50328;24;Trnava;Dunajská Streda;Dunajská Streda;stanica ŽSR;oplot.ŽSR,oproti výj.zo SAD,1;;47.993335;17.608851
50329;24;Trnava;Dunajská Streda;Dunajská Streda;stanica ŽSR;oplot.ŽSR,oproti výj.zo SAD,2;;47.993199;17.609059
50339;24;Trnava;Hlohovec;Leopoldov;Piešťany-Leopoldov,J;žel.prejazd,sm Leopoldov,1;;48.452662;17.759556
50340;24;Trnava;Hlohovec;Leopoldov;Piešťany-Leopoldov,J;žel.prejazd,sm Leopoldov,2;;48.451845;17.758283
50341;24;Trnava;Hlohovec;Leopoldov;Piešťany-Leopoldov,O;príj.od E-75,sm Piešťany,1;;48.439832;17.770999
50342;24;Trnava;Hlohovec;Leopoldov;Piešťany-Leopoldov,J;príj.od E-75,sm Piešťany,2;;48.439874;17.771682
50359;24;Nitra;Topoľčany;Dvorany n/Nitrou;I/64,NR-TO,V;sm TO,Ľ;;48.485762;18.108522
50360;24;Nitra;Topoľčany;Dvorany n/Nitrou;I/64,TO-NR,V;sm NR;;48.485762;18.108522
50365;24;Nitra;Nové Zámky;Komjatice;I/64,NR-NZ,V;sm NZ,1,Ľ;;48.158582;18.166323
50366;24;Nitra;Nové Zámky;Komjatice;I/64,NZ-NR,V;sm NR,1;;48.158582;18.166323
50367;24;Nitra;Nové Zámky;Komjatice;I/64,NR-NZ,V;sm NZ,2,Ľ;;48.152686;18.167435
50368;24;Nitra;Nové Zámky;Komjatice;I/64,NZ-NR,V;sm NR,2;;48.152686;18.167435
50371;24;Nitra;Levice;Veľký Ďur;I/51,NR-LV,O;sm LV,2,Ľ;;48.215534;18.449406
50372;24;Nitra;Levice;Veľký Ďur;I/51,LV-NR,O;sm NR,Vráble,2;;48.21551;18.4495
50373;24;Nitra;Levice;Veľký Ďur;I/51,NR-LV,O;výj sm LV,Ľ;;48.218521;18.45261
50374;24;Nitra;Levice;Veľký Ďur;I/51,LV-NR,O;príj.od LV,sm NR,Vráble;;48.218521;18.45261
50377;24;Nitra;Levice;Kalná n/Hronom;I/76,LV/NR-Štúro/NZ,lesopark,O;výjazd,sm Tekovský Hrádok,Želiezovce,1,Ľ ČS Jurki;;48.194448;18.514252
50378;24;Nitra;Levice;Kalná n/Hronom;I/76,Štúro/NZ-LV/NR,lesopark,O;príjazd Kalná n/Hr.,sm LV,1 ČS Jurki;;48.194448;18.514252
50379;24;Nitra;Levice;Kalná n/Hronom;I/76,LV/NR-Štúro/NZ,lesopark,O;výjazd,sm Tekovský Hrádok,Želiezovce,2,Ľ ČS Jurki;;48.194072;18.513493
50380;24;Nitra;Levice;Kalná n/Hronom;I/76,Štúro/NZ-LV/NR,lesopark,O;príjazd Kalná n/Hr.,sm LV,2 ČS Jurki;;48.194072;18.513493
50387;24;Nitra;Šaľa;Šaľa-Dlhá n/Váhom;Šaľa-Sereď/TT,O;výj.sm Sereď/TT,Ľ;;48.177465;17.856739
50388;24;Nitra;Šaľa;Šaľa-Dlhá n/Váhom;TT/Sereď-Šaľa,O;príj.od TT/Serede;;48.177465;17.856739
50389;24;Nitra;Šaľa;Šaľa-Trnovec n/Váhom;I/75,Šaľa-NZ,O;výj.sm NZ,Ľ;;48.155672;17.916967
50390;24;Nitra;Šaľa;Šaľa-Trnovec n/Váhom;I/75,NZ-Šaľa,O;príj.od NZ;;48.155672;17.916967
50394;24;Trnava;Piešťany;Piešťany;I/61,Žilinská,J;SZTŠ,autoservis,ČS,sm TN;;48.607399;17.836696
50421;24;Trnava;Galanta;Sereď;Dionýza Štúra,I/62,O;výj.sm diaľnica NR/TT,BA,Ľ centrum, park,miestne obch.centrum;;48.28384;17.731393
50422;24;Trnava;Galanta;Sereď;Dionýza Štúra,I/62,O;príj.od diaľnice NR/TT,BA centrum, park,miestne obch.centrum;;48.28384;17.731393
50424;24;Trnava;Galanta;Sereď;Trnavská,O;príj.od TT,smc,Ľ;;48.285434;17.711863
50425;24;Trnava;Galanta;Sereď;Trnavská,O;výj.sm TT;;48.285434;17.711863
50426;24;Trnava;Galanta;Sereď;Trnavská/Poľnonákup,O;príj.od TT,smc,Ľ Pečivárne Sereď, ČSShell;;48.283505;17.721755
50427;24;Trnava;Galanta;Sereď;Trnavská/Poľnonákup,O;výj.sm TT Pečivárne Sereď,ČS Shell;;48.283505;17.721755
50444;24;Nitra;Nové Zámky;Veľký Kýr;I/64,NR-NZ,Novozámocká,O;ČS,motorest,sm NR,Ľ;;48.173829;18.142344
50449;24;Nitra;Levice;Levice;SNP,J;parkov pri NsP,cintorín,ČS,1;;48.222882;18.613971
50450;24;Nitra;Levice;Levice;SNP,J;parkov pri NsP,cintorín,ČS,2;;48.222819;18.614082
50451;24;Trnava;Trnava;Trnava-Zavar;Hlavná;budova Obch.centra,smTN/PN/Se;;48.346628;17.672794
50452;24;Trnava;Piešťany;Piešťany;I/61,Žilinská,J;príj.od TN,parkov/lietadlo,smc;;48.607878;17.828786
50467;24;Bratislava;Pezinok;Modra;Dukelská/nemocnica,J;parkov,1;;48.329909;17.310813
50468;24;Bratislava;Pezinok;Modra;Dukelská/nemocnica,J;parkov,2;;48.330479;17.309008
50469;24;Bratislava;Pezinok;Modra;Dukelská/nemocnica,J;parkov,sm BA,3;;48.330617;17.30761
50470;24;Bratislava;Pezinok;Pezinok;1 mája/Komenského,J;futb.štadión,ZŠ,plavár,TESCO,1;;48.2844;17.257228
50471;24;Bratislava;Pezinok;Pezinok;1 mája/Komenského,J;futb.štadión,ZŠ,plavár,TESCO,2;;48.284474;17.257303
50472;24;Bratislava;Pezinok;Pezinok;1 mája/Komenského,J;futb.štadión,ZŠ,plavár,TESCO,3;;48.28454;17.25743
50483;24;Bratislava;Pezinok;Pezinok;Šenkvická/OC Storia,J;1,LIDL, DM, Pepco, Planeo, KIK, DR.Max;;48.290682;17.278151
50484;24;Bratislava;Pezinok;Pezinok;Šenkvická/OC Storia,J;2,LIDL, DM, Pepco, Planeo, KIK, DR.Max;;48.290835;17.278385
50485;24;Bratislava;Pezinok;Pezinok;Šenkvická/OC Storia,O;parkov,pneuserv,ČS,od Lidlu,1,Ľ autoumyvárka,Terno plus;;48.291954;17.278649
50486;24;Bratislava;Pezinok;Pezinok;Šenkvická/OC Storia,O;parkov,pneuserv,ČS,od Lidlu,2,Ľ autoumyvárka,Terno plus;;48.291977;17.278818
50487;24;Bratislava;Pezinok;Pezinok;Šenkvická/OC Storia,O;parkov,pneuserv,ČS,od cesty,1 autoumyvárka,LIDL;;48.291978;17.278835
50488;24;Bratislava;Pezinok;Pezinok;Šenkvická/OC Storia,O;parkov,pneuserv,ČS,od cesty,2 autoumyvárka,LIDL;;48.291978;17.278663
50489;24;Trenčín;Trenčín;Trenčín;M.R.Štefánika;oplot.nákup.centra,hotel,1 smer MAX;;48.894885;18.047605
50490;24;Trenčín;Trenčín;Trenčín;M.R.Štefánika;oplot.nákup.centra,hotel,2 smer MAX;;48.894955;18.047439
50491;24;Trenčín;Trenčín;Trenčín;M.R.Štefánika;oplot.nákup.centra,hotel,3 smer MAX;;48.895017;18.047309
50492;24;Trenčín;Trenčín;Trenčín;M.R.Štefánika;oplot.nákup.centra,hotel,4 smer MAX;;48.895097;18.047124
50493;24;Trenčín;Trenčín;Trenčín;M.R.Štefánika;oplot.nákup.centra,hotel,5 smer MAX;;48.895171;18.04701
50505;24;Trenčín;Trenčín;Trenčín;Považská,J;ZŠ Dukla,OC Magnus, smer centrum;;48.9006201;18.0585219
50506;24;Trenčín;Trenčín;Trenčín;Považská/Šoltésová,O;pred ZŠ Dukla,Magnus,od parku;;48.9001279;18.0579241
50507;24;Trenčín;Trenčín;Trenčín;Považská/Šoltésová,O;pred ZŠ Dukla,Magnus, smer Sihoť;;48.9001279;18.0579241
50509;24;Trenčín;Trenčín;Trenčín;Mládežnícka,J;parkov/športová hala,1;;48.8976198;18.0471819
50510;24;Trenčín;Trenčín;Trenčín;Mládežnícka,J;parkov/šport.hala,pri žel.trat pod hradom, centrum;;48.8970338;18.0415233
50511;24;Trenčín;Trenčín;Trenčín;Mládežnícka,J;parkov/špor.hala, pod hradom, centrum;;48.896996;18.0412502
50512;24;Trenčín;Trenčín;Trenčín;Mládežnícka,J;pred vstupom na futb.štadión,1 pod hradom, centrum,obchod.akadémia;;48.898106;18.043779
50513;24;Trenčín;Trenčín;Trenčín;Mládežnícka,J;pred vstupom na futb.štadión2 pod hradom, centrum,obchod.akadémia;;48.8980906;18.043838
50514;24;Trenčín;Trenčín;Trenčín;gen.Svobodu,J;parkov pri kostole, sídl.Juh smer OC Južanka;;48.8722633;18.0420394
50515;24;Trenčín;Trenčín;Trenčín;gen.Svobodu,O;sm sídlisko JUH,Ľ;;48.872522;18.041511
50516;24;Trenčín;Trenčín;Trenčín;gen.Svobodu,O;smer centrum;;48.872522;18.041511
50517;24;Trenčín;Trenčín;Trenčín;Saratovská,O;oproti Domu smútku,smc,Ľ;;48.8756254;18.0403335
50518;24;Trenčín;Trenčín;Trenčín;Saratovská,O;oproti Domu smútku,sm otočka;;48.8756254;18.0403335
50519;24;Trenčín;Trenčín;Trenčín;Saratovská,O;otočka MHD, Univerzita KFNitra;;48.8791588;18.0452582
50520;24;Trenčín;Trenčín;Trenčín;Saratovská,O;otočka MHD,smer centrum,Ľ Univerzita KF Nitra;;48.8791588;18.0452582
50523;24;Trenčín;Trenčín;Trenčín;Soblahovská,J;oproti OD Jednota,Lidl,smc,Ľ príjazd do centra;;48.8738187;18.0344102
50547;24;Bratislava;Pezinok;Modra;Trnavská cesta,O;Modra-TT,sm TT,Ľ;;48.348589;17.32649
50548;24;Bratislava;Pezinok;Modra;Trnavská cesta,O;TT-Modra,sm Modra;;48.348589;17.32649
50549;24;Bratislava;Pezinok;Modra;Trnavská cesta,O;TT-Modra,sm Modra,1,Ľ;;48.344337;17.328151
50550;24;Bratislava;Pezinok;Modra;Trnavská cesta,O;Modra-TT,sm TT,1;;48.344337;17.328151
50551;24;Bratislava;Pezinok;Modra;Trnavská cesta,O;TT-Modra,sm Modra,2,Ľ;;48.344568;17.324673
50552;24;Bratislava;Pezinok;Modra;Trnavská cesta,O;Modra-TT,sm TT,2;;48.344568;17.324673
50553;24;Trenčín;Trenčín;Trenčín;Mládežnícka,J;parkov/športová hala,2 pod hradom, centrum,obchod.akadémia;;48.897611;18.0471128
50554;24;Bratislava;Pezinok;Pezinok;parkovisko Lidl,V;OD Lidl,Mólo,Tesco,smTesco,1,Ľ;;48.279627;17.257565
50555;24;Bratislava;Pezinok;Pezinok;parkovisko Lidl,V;OD Lidl,Mólo,Tesco,sm sídl,1;;48.279483;17.257655
50556;24;Bratislava;Pezinok;Pezinok;parkovisko Lidl,V;OD Lidl,Mólo,Tesco,smTesco,2,Ľ;;48.279308;17.257767
50557;24;Bratislava;Pezinok;Pezinok;parkovisko Lidl,V;OD Lidl,Mólo,Tesco,sm sídl,2;;48.279168;17.257776
50558;24;Bratislava;Pezinok;Pezinok;parkovisko Lidl,V;OD Lidl,Mólo,Tesco,smTesco,3,Ľ;;48.278984;17.257919
50559;24;Bratislava;Pezinok;Pezinok;parkovisko Lidl,V;OD Lidl,Mólo,Tesco,sm sídl,3;;48.278863;17.257988
50560;24;Bratislava;Pezinok;Pezinok;kruhový objazd,O;OD Lidl,Mólo,Tesco,smc,1;;48.278705;17.257994
50561;24;Bratislava;Pezinok;Pezinok;kruhový objazd,O;OD Lidl,Mólo,Tesco,smc,2;;48.278733;17.258077
50562;24;Bratislava;Pezinok;Pezinok;kruhový objazd,O;OD Lidl,Mólo,Tesco,smc,3;;48.278771;17.258122
50567;24;Trenčín;Trenčín;Trenčín;Brnianska/Zlatovská,O;pri autoservise,smc,Ľ,1 priemyselná časť, smer centrum;;48.892749;18.013247
50568;24;Trenčín;Trenčín;Trenčín;Brnianska/Zlatovská,O;pri autoservise,sm BA,1 priemyselná časť, výjazd na výpadovku;;48.892749;18.013247
50579;24;Bratislava;Pezinok;Pezinok;Šenkvická/kruhový objazd,V;TERNO,ČS Slovnaft,sm BA,Ľ;;48.290158;17.28103
50580;24;Bratislava;Pezinok;Pezinok;Šenkvická/kruhový objazd,V;TERNO,ČS Slovnaft,sm Modra;;48.290158;17.28103
50587;24;Bratislava;Senec;Bernolákovo;Dukelská/Clementisova,J;výj.sm kruh.objazd/BA,SC,1;;48.2057585;17.2953443
50588;24;Bratislava;Senec;Bernolákovo;Dukelská/Clementisova,J;výj.sm kruh.objazd/BA,SC,2;;48.2058092;17.2953314
50589;24;Bratislava;Senec;Bernolákovo;Dukelská/Clementisova,J;ťah SC-BA,smer Bernolákovo,3;;48.2058543;17.2953054
50590;24;Bratislava;Senec;Bernolákovo;Dukelská/Clementisova,J;ťah SC-BA,smer obec,4;;48.2058908;17.2952689
50591;24;Bratislava;Senec;Bernolákovo;Dukelská/Clementisova,J;ťah SC-BA,sm BA,5;;48.2059377;17.2952259
50593;24;Trnava;Senica;Senica-Hlboké;I/51,TT-SE,O;pred Agrovýkrmom,sm SE,1,Ľ;;48.6317159;17.3954275
50594;24;Trnava;Senica;Senica-Hlboké;I/51,SE-TT,O;pred Agrovýkrmom,sm TT,1;;48.6318127;17.3949267
50595;24;Trnava;Senica;Senica-Hlboké;I/51,TT-SE,O;pred Agrovýkrmom,sm SE,2,Ľ;;48.6318788;17.3945932
50596;24;Trnava;Senica;Senica-Hlboké;I/51,SE-TT,O;pred Agrovýkrmom,sm TT,2;;48.631974;17.3940975
50597;24;Bratislava;Pezinok;Pezinok;Holubyho/Žel.stanica J;pred ŽS,zast.SAD,1;;48.282897;17.269827
50598;24;Bratislava;Pezinok;Pezinok;Holubyho/Žel.stanica,J;pred ŽS,zast.SAD,2;;48.282965;17.269989
50614;24;Trnava;Galanta;Sereď;Sereď-GA/TT-centr/Trnavská,O;výjazd sm TT,križ,Ľ,1 priemyselná časť;;48.279845;17.721922
50615;24;Trnava;Galanta;Sereď;Sereď-GA/TT-centr/Trnavská,O;príjazd do Serede, križ.1 priemyselná časť;;48.279845;17.721922
50616;24;Trnava;Galanta;Sereď;Sereď-GA/TT-centr/Trnavská,O;výjazd sm TT,križ,Ľ,2 priemyselná časť;;48.280193;17.720155
50617;24;Trnava;Galanta;Sereď;Sereď-GA/TT-centr/Trnavská,O;príjazd do Serede, križov.2 priemyselná časť;;48.280193;17.720155
50618;24;Bratislava;Pezinok;Pezinok;kruhový objazd,O;OD Lidl,Mólo,Tesco,od sídl,1;;48.278805;17.258117
50619;24;Bratislava;Pezinok;Pezinok;kruhový objazd,O;OD Lidl,Mólo,Tesco,od sídl,2;;48.278755;17.258056
50620;24;Bratislava;Pezinok;Pezinok;kruhový objazd,O;OD Lidl,Mólo,Tesco,od sídl,3;;48.278705;17.257994
50621;24;Trnava;Galanta;Galanta-Matúškovo;Matúškovská,O;výj.z GA sm Matúškovo,Ľ,2 ČS Pumpa;;48.174361;17.731507
50622;24;Trnava;Galanta;Galanta-Matúškovo;Matúškovská,O;príj.od Matúškova,smc,2 ČS Pumpa;;48.17433;17.731468
50623;24;Trnava;Trnava;Trnava;Bratislavská,BA-TT;oproti ČS Slovnaft,4 príjazd od BA;;48.357732;17.577705
50624;24;Trnava;Trnava;Trnava;Bratislavská,BA-TT;oproti ČS Slovnaft,5 príjazd od BA;;48.35763;17.577661
50631;24;Trenčín;Trenčín;Trenčín;Žilinská/Opatovská,Sihoť III,O;oproti pošte,sm Opatovská,Ľ;;48.897736;18.069539
50632;24;Trenčín;Trenčín;Trenčín;Žilinská/Opatovská,Sihoť III,O;oproti pošte,sm Str.št.ochr.;;48.897736;18.069539
50633;24;Trenčín;Trenčín;Trenčín;Opatovská/Kraskova,Sihoť IV,O;smTechn.služby,Ľ výjazd z mesta;;48.8987645;18.0764485
50634;24;Trenčín;Trenčín;Trenčín;Opatovská/Kraskova,Sihoť IV,O;Techn.služby,smc príjazd do centra;;48.8987645;18.0764485
50635;24;Trenčín;Trenčín;Trenčín;Saratovská/Šmidkeho,O;oproti cintorínu,smc,Ľ smer centrum;;48.876654;18.040236
50636;24;Trenčín;Trenčín;Trenčín;Saratovská/Šmidkeho,O;oproti cintorínu,sm otočka;;48.876654;18.040236
50653;24;Bratislava;Senec;Tomášov;Malinovská,O;sm Malinovo,Ľ;;48.144183;17.329779
50654;24;Bratislava;Senec;Tomášov;Malinovská,O;sm Tomášov;;48.144183;17.329779
50659;24;Trenčín;Trenčín;Trenčín;Železničná,O;parkov SAD,železničná stanica,smer centrum,Ľ;;48.895763;18.05086
50662;24;Trenčín;Trenčín;Trenčín;Železničná,O;parkov SAD,od parkov, železničná stanica;;48.895768;18.050842
50663;24;Trenčín;Trenčín;Trenčín;Opatovská/Kraskova,O;pri OC UniCentrum,od Opatovsk COOP Jednota;;48.8987046;18.0738027
50665;24;Trenčín;Trenčín;Trenčín;Električná,J;AZ oproti gymnáziu Ľ.Štúra,1 hlavný ťah mestom;;48.893046;18.033667
50666;24;Trenčín;Trenčín;Trenčín;Električná,O;AZ oproti gymnáziu Ľ.Štúra,2 hlavný ťah mestom, výjazd z mesta;;48.8932556;18.0342367
50680;24;Nitra;Komárno;Komárno;Gen.Klapku/Odborárov,V;sídl.Bašty,pri SAD/ŽSR,Ľ;;47.770912;18.118199
50681;24;Nitra;Komárno;Komárno;Gen.Klapku/Odborárov,V;sídl.Bašty,pri SAD/ŽSR,smSAD;;47.771035;18.117945
50687;24;Nitra;Šaľa;Šaľa-Trnovec n/Váhom;I/75,Šaľa-NR/NZ,J;križ,sm NR/NZ,Ľ;;48.155643;17.924447
50688;24;Nitra;Šaľa;Šaľa-Trnovec n/Váhom;križ I/75-II/562,NZ/NR/Šaľa;križ,rešt,parkov,sm Šaľa;;48.155871;17.928187
50689;24;Nitra;Šaľa;Šaľa-Trnovec n/Váhom;I/75,Šaľa-NR/NZ,J;sm NR/NZ,Ľ;;48.15554;17.926518
50695;24;Trenčín;Bánovce n/Bebravou;Bánovce n/Bebravou;Partizánska,V;šport.areál,oproti ZŠ,smc,Ľ;;48.714301;18.259799
50696;24;Trenčín;Bánovce n/Bebravou;Bánovce n/Bebravou;Partizánska,V;šport.areál,oproti ZŠ,sm TN;;48.714409;18.259889
50697;24;Trenčín;Bánovce n/Bebravou;Bánovce n/Bebravou;Svätoplukova,Kaufland,O;pri ČS Shell,oproti pošta,sm TN,Ľ;;48.728683;18.250083
50698;24;Trenčín;Bánovce n/Bebravou;Bánovce n/Bebravou;Svätoplukova,Kaufland,O;pri ČS Shell,oproti pošta,smc;;48.728683;18.250083
50700;24;Bratislava;Pezinok;Pezinok;Senecká,J;odbočka na Senec,sm BA,Ľ,1;;48.288355;17.279204
50701;24;Bratislava;Pezinok;Pezinok;Senecká,J;odbočka na Senec,sm BA,Ľ,2;;48.288361;17.278953
50702;24;Bratislava;Pezinok;Pezinok;Šenkvická/kruhový objazd,O;TERNO,ČS,sm kruh.obj.,Ľ;;48.289137;17.279103
50703;24;Bratislava;Pezinok;Pezinok;Šenkvická/kruhový objazd,O;TERNO,ČS,smc,BA;;48.289137;17.279103
50717;24;Nitra;Levice;Levice;Turecký rad,J;parkovisko, Möbelix,NAYvedľa Tesco,1;;48.224661;18.597189
50718;24;Nitra;Levice;Levice;Turecký rad,J;parkovisko,Möbelix,NAYvedľa Tesco,2;;48.224741;18.597188
50719;24;Nitra;Levice;Levice;Turecký rad,J;parkovisko, Möbelix,NAYvedľa Tesco,3;;48.224833;18.597193
50733;24;Nitra;Topoľčany;Topoľčany-Nemčice;II/514,Topoľčany-Hlohovec,O;sm Hlohovec,Ľ;;48.54949;18.11936
50734;24;Nitra;Topoľčany;Topoľčany-Nemčice;II/514,Hlohovec-Topoľčany,O;sm Topoľčany;;48.54949;18.11936
50749;24;Trenčín;Trenčín;Trenčín;Brnianska/Zlatovská,O;pri autoservise,smc,Ľ,2 priemyselná časť, príjazd do centra;;48.8919391;18.0139184
50750;24;Trenčín;Trenčín;Trenčín;Brnianska/Zlatovská,O;pri autoservise,sm BA,2 priemyselná časť, príjazd z centra;;48.8919391;18.0139184
50755;24;Trenčín;Trenčín;Trenčín;gen.Svobodu,O;kruh.objazd,sm sídl.Juh,Ľ;;48.871613;18.035407
50756;24;Trenčín;Trenčín;Trenčín;gen.Svobodu,O;kruh.objazd,sm Soblahovská;;48.871613;18.035407
50757;24;Trenčín;Trenčín;Trenčín;M.R.Štefánika,V;smc/sm Billa,pneuservis,Ľ smer centrum, MAX, ČS Slovnaft;;48.8951749;18.0682466
50758;24;Trenčín;Trenčín;Trenčín;M.R.Štefánika,V;pneuserv,Billa,sm Dubnica n/V. výjazd z mesta, ČS Slovnaft;;48.8951749;18.0682466
50765;24;Trnava;Galanta;Galanta;Šaľská,I/75,J;príj.od Šale,1,Ľ športový areál, autopredajňa, autoservis;;48.192873;17.742174
50766;24;Trnava;Galanta;Galanta;Šaľská,I/75,J;príj.od Šale,2,Ľ športový areál, autopredajňa, autoservis;;48.192987;17.741884
50767;24;Trnava;Galanta;Galanta;Šaľská,I/75,J;výj.sm.Šaľa,NZ,1 športový areál, autopredajňa, autoservis;;48.192855;17.744411
50768;24;Trnava;Galanta;Galanta;Šaľská,I/75,J;výj.sm.Šaľa,NZ,2 športový areál, autopredajňa, autoservis;;48.192791;17.7444
50769;24;Trenčín;Partizánske;Partizánske;Generála Svobodu,J;výjazd z Kauflandu,2 Lidl, Tesco;;48.625821;18.361088
50772;24;Bratislava;Senec;Senec;II/503,J;benz.pumpa OMV,1 výj.sm.diaľnica BA-TT-TN;;48.2242;17.383739
50773;24;Bratislava;Senec;Senec;II/503,J;benz.pumpa OMV,2 výj.sm.diaľnica BA-TT-TN;;48.2242;17.383568
50775;24;Trenčín;Trenčín;Trenčín;Soblahovská,O;parkovisko NS Družba;;48.8828541;18.0321197
50776;24;Trenčín;Trenčín;Trenčín;Soblahovská,O;parkovisko NS Družba;;48.8828541;18.0321197
50777;24;Trenčín;Trenčín;Trenčín;Soblahovská,O;nad parkoviskom Lidl,1;;48.8744647;18.0360133
50778;24;Trenčín;Trenčín;Trenčín;Soblahovská,J;nad parkoviskom Lidl,2;;48.8743352;18.0360464
50779;24;Trenčín;Myjava;Myjava;Hurbanova,1;MsÚ,pošta,poisťovňa;;48.751782;17.564172
50780;24;Trenčín;Myjava;Myjava;Hurbanova,2;MsÚ,pošta,poisťovňa;;48.751782;17.564172
50782;24;Trenčín;Partizánske;Partizánske;Generála Svobodu,J;výjazd z Kauflandu,1 Lidl, Tesco;;48.625923;18.361566
50787;24;Trnava;Galanta;Galanta;Bratislavská,I/75,O;ČS OMV, GA-BA výjazd sm. BA;;48.190209;17.69906
50790;24;Trnava;Senica;Senica;Hviezdoslavova;výjazd zo Senice,sm Čáčov,1;;48.67838;17.355641
50791;24;Trnava;Senica;Senica;Hviezdoslavova;výjazd zo Senice,sm Čáčov,2;;48.678316;17.355555
50792;24;Trnava;Piešťany;Banka;Bananská,O;sm Piešťany,Ľ;;48.584357;17.848722
50793;24;Trnava;Piešťany;Banka;Bananská,O;smer centrum,Moravany,;;48.584357;17.848722
50794;24;Trnava;Hlohovec;Hlohovec;Za Váhom,O;smer OC Váh, Tesco,Ľ;;48.433059;17.788682
50795;24;Trnava;Hlohovec;Hlohovec;Za Váhom,O;od OC Váh, Tesco cesta do centra mesta;;48.433059;17.788682
50796;24;Trnava;Hlohovec;Hlohovec;Za Váhom,O;od OC Váh, Tesco,Ľ,1 cesta do centra mesta;;48.43341;17.788508
50797;24;Trnava;Hlohovec;Hlohovec;Za Váhom,O;smer OC Váh, Tesco,1;;48.43341;17.788508
50798;24;Nitra;Nové Zámky;Nové Zámky;Ernestova bašta,J;prístup k centru mesta,1;;47.988302;18.164643
50799;24;Nitra;Nové Zámky;Nové Zámky;Ernestova bašta,J;prístup k centru mesta,2;;47.98827;18.164643
50800;24;Nitra;Nové Zámky;Nové Zámky;Ernestova bašta,J;prístup k centru mesta,3;;47.988245;18.164643
50801;24;Nitra;Nové Zámky;Nové Zámky;Ernestova bašta,J;prístup k centru mesta,4;;47.988216;18.164643
50809;24;Trnava;Dunajská Streda;Dunajská Streda;Trhovisko,O;mest.štadión,sm M.Dvorníky,Ľ širšie centrum;;47.996642;17.621941
50810;24;Trnava;Dunajská Streda;Dunajská Streda;Trhovisko,O;mestský štadión,smc širšie centrum;;47.996642;17.621941
50811;24;Trnava;Piešťany;Vrbové;M.R. Štefánika,J;hl.ulica,smer centrum kostol;;48.627544;17.719058
50812;24;Bratislava;Malacky;Studienka;II/590,O;sm Malacky, Studienka,Ľ;;48.537423;17.134273
50813;24;Bratislava;Malacky;Studienka;II/590,O;smer Senica;;48.537423;17.134273
50814;24;Nitra;Topoľčany;Hrušovany;I/64,TO-NR,J;sm TO,1,Ľ;;48.442454;18.095844
50815;24;Nitra;Topoľčany;Hrušovany;I/64,TO-NR,J;sm TO,2,Ľ;;48.442454;18.095914
50824;24;Trnava;Dunajská Streda;Dolný Bar;E-575/BA-KN,O;záhradníctvo Smer,sm DS,Ľ,1;;47.967478;17.677967
50825;24;Trnava;Dunajská Streda;Dolný Bar;E-575/BA-KN,O;záhradníctvo Smer,sm KN,1;;47.967478;17.677967
50826;24;Trnava;Dunajská Streda;Dolný Bar;E-575/BA-KN,O;záhradníctvo Smer,sm DS,Ľ,2;;47.967801;17.677693
50827;24;Trnava;Dunajská Streda;Dolný Bar;E-575/BA-KN,O;záhradníctvo Smer,sm KN,2;;47.967801;17.677693
50828;24;Trnava;Hlohovec;Hlohovec;Za Váhom,O;od OC Váh, Tesco,Ľ,2 cesta do centra mesta;;48.433456;17.787971
50829;24;Trnava;Hlohovec;Hlohovec;Za Váhom,O;smer OC Váh, Tesco,2;;48.433456;17.787971
50832;24;Trenčín;Myjava;Myjava;Nám. M.R.Štefánika;centrum, trhovisko, 1;;48.750542;17.565531
50833;24;Trenčín;Myjava;Myjava;Nám. M.R.Štefánika;centrum, trhovisko, 2;;48.750542;17.565531
50834;24;Trenčín;Partizánske;Partizánske;Generála Svobodu,J;pri Kauflande,1 oproti Lidl;;48.625901;18.361636
50835;24;Trenčín;Partizánske;Partizánske;Generála Svobodu,J;pri Kauflande,2 oproti Lidl;;48.626149;18.361497
50836;24;Trnava;Piešťany;Vrbové;M. A. Beňovského,V;sm Krakovany,PN,LIDL,Ľ;;48.616988;17.730414
50837;24;Trnava;Piešťany;Vrbové;M. A. Beňovského,V;smer centrum,LIDL;;48.616988;17.730414
50838;24;Bratislava;Senec;Ivanka pri Dunaji;Vajnorská,J;na oplotení oproti OD Tesco,3 smer METRO;;48.190539;17.249941
50839;24;Nitra;Levice;Levice;Mlynská,O;centrum,Ľ Kaufland;;48.21618;18.606805
50840;24;Nitra;Levice;Levice;Mlynská,O;centrum Kaufland;;48.21618;18.606805
50841;24;Nitra;Levice;Levice;Mlynská,V;centrum,Ľ Kaufland;;48.216251;18.606312
50842;24;Nitra;Levice;Levice;Mlynská,V;centrum Kaufland;;48.216251;18.606312
50843;24;Nitra;Topoľčany;Hrušovany;I/64,TO-NR,O;smer Nitra,Ľ;;48.433671;18.09416
50844;24;Nitra;Topoľčany;Hrušovany;I/64,NR-TO,O;smer TO;;48.433671;18.09416
50845;24;Nitra;Topoľčany;Topoľčany;Martina Benku, J;parkovisko pred OD Tesco,1 OD Euronics;;48.554938;18.180313
50846;24;Nitra;Topoľčany;Topoľčany;Martina Benku, J;parkovisko pred OD Tesco,2 OD Euronics;;48.554938;18.180313
50847;24;Trenčín;Púchov;Púchov;Okružná;smer centrum OC Stop shop, Tesco;;49.131569;18.328778
50848;24;Bratislava;Senec;Ivanka pri Dunaji;Vajnorská,J;na oplotení oproti OD Tesco,1 smer METRO;;48.190645;17.249844
50849;24;Bratislava;Senec;Ivanka pri Dunaji;Vajnorská,J;na oplotení oproti OD Tesco,2 smer METRO;;48.190731;17.249822
50852;24;Trenčín;Púchov;Púchov;Trenčianska, O;výjazd smer D1, Beluša,Ľ;;49.10988;18.326008
50853;24;Trenčín;Púchov;Púchov;Trenčianska, O;smer centrum;;49.10988;18.326008
50855;24;Trenčín;Nové Mesto n/Váhom;Nové Mesto nad Váhom;Malinovského;centrum, Kaufland, NC,1 Dráčik, Takko, Kik;;48.756724;17.837959
50856;24;Trenčín;Nové Mesto n/Váhom;Nové Mesto nad Váhom;Malinovského;centrum, Kaufland, NC,2 Dráčik, Takko, Kik;;48.756724;17.837959
50857;24;Bratislava;Pezinok;Viničné;Hlavná,O;výjazd smer Senec,Ľ;;48.265155;17.311405
50858;24;Bratislava;Pezinok;Viničné;Hlavná,O;príjazd do Viničného od Senca smer Pezinok;;48.265155;17.311405
50860;24;Trenčín;Trenčín;Trenčín;Brnianska,J;oproti SOU stavebné,sm BA Mercedes;;48.893447;18.012247
50861;24;Trnava;Piešťany;Krakovany;II/499,O;sm Piešťany,Ľ ČS Slovnaft;;48.6098;17.744279
50862;24;Trnava;Piešťany;Krakovany;II/499,O;sm Vrbové ČS Slovnaft;;48.6098;17.744279
50863;24;Bratislava;Malacky;Stupava;Malacká,O;sm Stupava,Ľ,1 stavebniny,priemyselný park;;48.283218;17.030795
50864;24;Bratislava;Malacky;Stupava;Malacká,O;sm Malacky,1 stavebniny,priemyselný park;;48.283218;17.030795
50865;24;Bratislava;Malacky;Stupava;Malacká cesta,O;sm Stupava,Ľ,2 stavebniny,priemyselný park;;48.282986;17.030557
50866;24;Bratislava;Malacky;Stupava;Malacká,O;sm Malacky,2 stavebniny,priemyselný park;;48.282986;17.030557
50869;24;Trenčín;Trenčín;Trenčín;gen. Svobodu,O;smc,Ľ OC, OD Hej.sk;;48.871479;18.034638
50870;24;Trenčín;Trenčín;Trenčín;gen. Svobodu,O;sm sídlisko Juh OC, OD Hej.sk;;48.871479;18.034638
50871;24;Trnava;Hlohovec;Leopoldov;Leopoldov-Piešťany,O;príj.od E-75,sm Hlohovec,Ľ;;48.439832;17.770999
50872;24;Trenčín;Trenčín;Trenčín;Soblahovská,O;nad parkoviskom Lidl,1 cintorín, park;;48.8744647;18.0360133
50873;24;Trenčín;Trenčín;Trenčín;Opatovská/Kraskova,O;od OC UniCentrum, COOP Jednota, parkovisko;;48.8987046;18.0738027
50874;24;Trenčín;Trenčín;Trenčín;Električná,O;Ľ,AZ oproti gymnáziu Ľ.Štúra,2 hlavný ťah mestom, sm centrum;;48.8932556;18.0342367
50875;24;Trnava;Galanta;Galanta;Bratislavská,I/75,O;ČS G & G, GA-BA,Ľ príjazd od BA, smer centrum;;48.190209;17.69906
50878;24;Trenčín;Ilava;Ilava;Štúrova,J;hl.ťah sm Dubnica, TN, I/61 Lidl Outlet;;48.996397;18.232759
50879;24;Trenčín;Ilava;Ilava;Štúrova,J;hl.ťah sm Dubnica, TN, I/61 Lidl Outlet;;48.996397;18.232759
50183;24;Nitra;Šaľa;Šaľa;I/75,GA-SA,Štúrova/SNP;križ.,diskont.predajňa Nemocnica;;48.153323;17.871405
50977;24;Bratislava;Senec;Kalinkovo;Hlavná/Konvalinková,J;sm Šamorín, III/1056,1;;48.05228;17.252169
50978;24;Bratislava;Senec;Kalinkovo;Hlavná/Konvalinková,J;sm Šamorín, III/1056,2;;48.05228;17.252169
50979;24;Nitra;Levice;Veľký Ďur;I/51,LV-NR,O;smer NR,Vráble,Ľ;;48.209423;18.46611
50980;24;Nitra;Levice;Veľký Ďur;I/51,LV-NR,O;smer Levice;;48.209423;18.46611
50983;24;Nitra;Nové Zámky;Nové Zámky;Bezručova,O;sm Šahy a LV,Ľ pri termálnom kúpalisku;;47.997913;18.180931
50984;24;Nitra;Nové Zámky;Nové Zámky;Bezručova,O;príj.od Šiah a LV pri termálnom kúpalisku, smc;;47.997913;18.180931
50998;24;Trenčín;Ilava;Ilava;Štúrova,O;nemocnica,OC Idea,autob.stanica,smer centrum;;48.994145;18.230867
50999;24;Trenčín;Ilava;Ilava;Štúrova,O;nemocnica,OC Idea,autob.stanica,smer OC;;48.994145;18.230867
51000;24;Trenčín;Ilava;Ilava;Štúrova,J;nemocnica,OC Idea,ČS-Oliva,1 Billa,DM,Intersport,Planeo;;48.993336;18.231325
51001;24;Trenčín;Ilava;Ilava;Štúrova,J;nemocnica,OC Idea,ČS-Oliva,2 Billa,DM,Intersport,Planeo;;48.993336;18.231325
51010;24;Nitra;Nové Zámky;Štúrovo;Komenského, O;I/76, smer NZ/KN, pri ČS Slovnaft,Ľ;;47.798672;18.696239
51014;24;Nitra;Nové Zámky;Štúrovo;Smetanova, O;Ľ,smer OD Coop Tempo, parkovisko;;47.790741;18.712751
51015;24;Nitra;Nové Zámky;Štúrovo;Smetanova, O;smer sídlisko, parkovisko OD COOP Jednota;;47.790741;18.712751
51020;24;Nitra;Nové Zámky;Nové Zámky;Nitrianska cesta,J;OC Piritov,oproti OC Tesco,Tatra banka, Mountfield,JYSK,Deichman 1;;47.999303;18.156911
51021;24;Nitra;Nové Zámky;Nové Zámky;Nitrianska cesta,J;OC Piritov,oproti OC Tesco,Tatra banka,Mountfield,JYSK,Deichman ,2;;47.999273;18.156917
51022;24;Trenčín;Trenčín;Trenčín;Hodžova,J;smer centrum,LIDL;;48.896642;18.06607
51023;24;Trenčín;Trenčín;Trenčín;Električná,J;II/507-smer centrum,OC Laugaricio;;48.892664;18.032897
51024;24;Trenčín;Trenčín;Trenčín;Soblahovská,O;smer centrum;;48.871445;18.034177
51025;24;Trenčín;Trenčín;Trenčín;Soblahovská,O;Ľ,smer MHSL,Leoni;;48.871445;18.034177
60001;24;Banská Bystrica;Lučenec;Fiľakovské Kováče;Lučenec-Fiľakovo,O;sm Fiľakovo/Maďarsko,Ľ;;48.293585;19.78072
60002;24;Banská Bystrica;Lučenec;Fiľakovské Kováče;Fiľakovo-Lučenec,O;sm Lučenec;;48.293585;19.78072
60005;24;Trenčín;Ilava;Dubnica n/Váhom;E-75/BA-ŽA,Prejtská;motorest,1;;48.977702;18.20632
60006;24;Trenčín;Ilava;Dubnica n/Váhom;E-75/BA-ŽA,Prejtská;motorest,2;;48.976673;18.204365
60015;24;Banská Bystrica;Zvolen;Dobrá Niva;E-77/Šahy-ZV,Slobody, J;príj.od Krup.,č.d.508,sm ZV,Ľ;;48.467897;19.096062
60024;24;Banská Bystrica;Žiar n/Hronom;Bzenica;E-571/BA-ZV-KE,V;Žarnovica-Žiar n/Hr.,sm ZH,Ľ smer BS;;48.529446;18.736058
60025;24;Banská Bystrica;Žiar n/Hronom;Bzenica;E-571/KE-ZV-BA,V;Žiar n/Hr.-Žarnovica,sm Žarn.;;48.530557;18.73972
60036;24;Banská Bystrica;Žiar n/Hronom;Kremnica-Bartoš.Lehôtka;Martin-Žiar n/Hr.,V;výj.z obce,sm Žiar n/Hr.,Ľ výrobňa Grotto;;48.647784;18.900239
60037;24;Banská Bystrica;Žiar n/Hronom;Kremnica-Bartoš.Lehôtka;Žiar n/Hr.-Martin,V;príj.do obce,sm Kremnica/MT výrobňa Grotto;;48.644962;18.898841
60040;24;Banská Bystrica;Žiar n/Hronom;Žiar n/Hronom-Lehôtka p/Breh.;E-571/KE-ZV-BA,J;č.d.53,sm Žarnovica/BA,1,Ľ;;48.545647;18.8121835
60041;24;Banská Bystrica;Žiar n/Hronom;Žiar n/Hronom-Lehôtka p/Breh.;E-571/KE-ZV-BA,J;č.d.53,sm Žarnovica/BA,2,Ľ;;48.545647;18.8121835
60045;24;Banská Bystrica;Žiar n/Hronom;Žiar n/Hronom;E-571/KE-ZV-BA,Ladom.Vieska,O;Citroen,sm BA,1,Ľ Slovnaft ČS;;48.577927;18.872346
60046;24;Banská Bystrica;Žiar n/Hronom;Žiar n/Hronom;E-571/BA-ZV-KE,Ladom.Vieska,O;Citroen,smer ZH,KE,1 Slovnaft ČS;;48.577927;18.872346
60047;24;Banská Bystrica;Žiar n/Hronom;Žiar n/Hronom;E-571/KE-ZV-BA,Ladom.Vieska,O;ČS Slovnaft,sm BA,2,Ľ Citroen;;48.577633;18.872001
60048;24;Banská Bystrica;Žiar n/Hronom;Žiar n/Hronom;E-571/BA-ZV-KE,Ladom.Vieska,O;ČS Slovnaft,smer ZH,KE,2 Citroen;;48.577633;18.872001
60049;24;Banská Bystrica;Žiar n/Hronom;Žiar n/Hronom;E-571/BA-ZV-KE,Ladom.Vieska,J;rázcestie,1;;48.57908;18.87342
60050;24;Banská Bystrica;Žiar n/Hronom;Žiar n/Hronom;E-571/BA-ZV-KE,Ladom.Vieska,J;rázcestie,2;;48.578958;18.873261
60052;24;Žilina;Kysucké Nové Mesto;Kysucké Nové Mesto;SNP;stanica SAD/ŽSR;;49.305195;18.783853
60056;24;Banská Bystrica;Detva;Kriváň;E-571/BA-ZV-KE,V;č.d.513,sm LC,Ľ;;48.529291;19.462089
60057;24;Banská Bystrica;Detva;Kriváň;E-571/KE-ZV-BA,V;č.d.513,sm ZV;;48.52662;19.463751
60058;24;Banská Bystrica;Brezno;Brezno;Tisovská,O;výj.na Tisovec,sm Tisovec,Ľ roľnícke družstvo;;48.800224;19.66585
60059;24;Banská Bystrica;Brezno;Brezno;Tisovská,O;príj.od Tisovca,smer centrum roľnícke družstvo;;48.800217;19.665883
60064;24;Banská Bystrica;Poltár;Kokava n/Rimavicou;Sládkovičova,V;príj.od ZV,ČS,sm Hnúšťa,Ľ futbalové ihrisko;;48.573132;19.835952
60065;24;Banská Bystrica;Poltár;Kokava n/Rimavicou;Sládkovičova,V;výj.sm ZV,ČS futbalové ihrisko;;48.571928;19.839865
60067;24;Trenčín;Ilava;Košeca;E-75/ŽA-BA;č.d.424,sm BA,Ľ;;49.0052757;18.2527563
60068;24;Banská Bystrica;Lučenec;Lučenec-Vidiná;Lučenec-Zvolen,V;ČS,Mliekárne,autobazár,sm ZV,Ľ;;48.350905;19.656456
60069;24;Banská Bystrica;Lučenec;Lučenec-Vidiná;Zvolen-Lučenec,V;ČS,Mliekárne,autobazár,sm LC;;48.350905;19.656456
60072;24;Banská Bystrica;Brezno;Heľpa;I/66,Brezno-Poprad,V;príj.od Brezna,smc/Poprad,Ľ železničná stanica;;48.857292;19.9606
60073;24;Banská Bystrica;Brezno;Heľpa;I/66,Poprad-Brezno,V;výj.sm Brezno železničná stanica;;48.857292;19.9606
60074;24;Trenčín;Prievidza;Handlová;E-572/ZH-PD,Prievidzská,O;výjazd smer PD,Ľ ČS Slovnaft,LIDL;;48.743852;18.7648817
60075;24;Trenčín;Prievidza;Handlová;E-572/PD-ZH,Prievidzská,O;príj.od PD,smer centrum ČS Slovnaft,LIDL;;48.743852;18.7648817
60076;24;Trenčín;Prievidza;Handlová;E-572/PD-ZH,Prievidzská;príj.od PD,č.d.49,smer centrum ČS Slovnaft,LIDL;;48.743193;18.764802
60079;24;Trenčín;Prievidza;Nováky;I/64,Prievidza-Topoľčany,O;NCHZ,sm Partizánske/TO,Ľ;;48.706743;18.537064
60080;24;Trenčín;Prievidza;Nováky;I/64,Topoľčany-Prievidza,O;NCHZ,smer centrum/PD;;48.706743;18.537064
60081;24;Trenčín;Prievidza;Nitrianske Pravno;nám.SNP;č.d.5-6,hotel COOP Jednota, SLSP;;48.869263;18.636957
60082;24;Trenčín;Prievidza;Nitrianske Pravno;I/64,ŽA-PD,Prievidzská;centr,fasáda,zákruta,sm PD COOP Jednota, SLSP;;48.867845;18.637218
60101;24;Žilina;Martin;Martin;I/65,ŽA-BB,ČA;prej.mestom,VUB,LIDL,sm BB;;49.074144;18.924811
60103;24;Banská Bystrica;Lučenec;Lučenec;Fiľakovská cesta,O;Billa,CBA,sm centrum,Ľ Nicholtrakt;;48.325293;19.673442
60104;24;Banská Bystrica;Lučenec;Lučenec;Fiľakovská cesta,O;Billa,CBA,sm Maďarsko Nicholtrakt;;48.325293;19.673442
60108;24;Banská Bystrica;Lučenec;Lučenec;Gemerská cesta,J;výp.sm RS,penzión Archia,Ľ;;48.337442;19.676866
60111;24;Banská Bystrica;Lučenec;Lučenec;Gemerská cesta/Továrenská, J;príj.od RS,penziónArchia,smc;;48.338192;19.677357
60112;24;Banská Bystrica;Lučenec;Lučenec;I/75,V.Krtíš-Lučenec,J;príj.od VK,Ľadovo,ČS,sm LC,1;;48.338924;19.626946
60113;24;Banská Bystrica;Lučenec;Lučenec;I/75,V.Krtíš-Lučenec,J;príj.od VK,Ľadovo,ČS,sm LC,2;;48.340324;19.628456
60124;24;Žilina;Liptovský Mikuláš;Liptovský Hrádok;SNP,J;stanica ŽSR, SAD,2 centrum, hotel Smrek;;49.037902;19.718762
60125;24;Žilina;Ružomberok;Ružomberok;E-50/PP-ŽA,časť Černová,O;výj.na MT,ČS,sm MT/ŽA,Ľ ČS Slovnaft,;;49.093256;19.260532
60126;24;Žilina;Ružomberok;Ružomberok;E-50/ŽA-PP,časť Černová,O;príj.od MT,ČS,smc/PP ČS Slovnaft,;;49.093237;19.263621
60127;24;Žilina;Ružomberok;Ružomberok;E-77/DK-RK-ZV,Biely Potok,V;výj.sm BB,Ľ;;49.04715;19.301863
60128;24;Žilina;Ružomberok;Ružomberok;E-77/ZV-RK-DK,Biely Potok,V;príj.od BB,smc;;49.047004;19.301896
60131;24;Žilina;Ružomberok;Ružomberok;E-50/ŽA-Tatry,Považská;vojenská nemocnica,2,;;49.085877;19.299557
60132;24;Žilina;Ružomberok;Ružomberok;E-50/Tatry-ŽA,Považská;vojenská nemocnica,1;;48.085937;19.299733
60133;24;Žilina;Ružomberok;Ružomberok;E-50/Tatry-ŽA,Považská;vchod do Nemocnice,sm ŽA VUB;;49.085627;19.300936
60135;24;Žilina;Ružomberok;Ružomberok;E-50/ŽA-Tatry,Považská;č.d.8,VÚB,sm Tatry,LM vojenská nemocnica;;49.08538;19.300416
60136;24;Žilina;Ružomberok;Ružomberok;E-50/ŽA-Tatry,Žilinská cesta,J;príj.od ŽA,garáž,smc,1 ČS Shell, cirkevná akadémia;;49.083045;19.277731
60137;24;Žilina;Ružomberok;Ružomberok;E-50/ŽA-Tatry,Žilinská cesta,J;príj.od ŽA,garáž,smc,2 ČS Shell, cirkevná akadémia;;49.083058;19.277521
60144;24;Banská Bystrica;Rimavská Sobota;Rimavská Sobota;Cukrovarská/Malohontská,J;R.S.K.,križ,výj.z RS vľavo LIDL;;48.384012;20.011249
60151;24;Trenčín;Prievidza;Prievidza;Košovská cesta,O;príj.od Handlovej,ČS,smc,Ľ Merkury Market, 350m, ČS Slovnaft 50 m;;48.760828;18.617224
60152;24;Trenčín;Prievidza;Prievidza;Košovská cesta,O;výj.sm Handlová,ČS Merkury Market, 350m,ČS Slovnaft 50 m;;48.760828;18.617224
60157;24;Trenčín;Prievidza;Prievidza;Rastislavova,O;PRIOR,na parkovisku/od ulice VUB,SLSP,základná škola;;48.771302;18.622366
60158;24;Trenčín;Prievidza;Prievidza;Rastislavova,O;PRIOR,na parkovisku/od PRIORu VUB,SLSP,základná škola;;48.771307;18.622388
60160;24;Trenčín;Prievidza;Prievidza;Ciglianska/Košovská cesta,V;príj.od Handl/TO,sm PD,Ľ Merkury Market,ČS Slovnaft;;48.759401;18.619237
60161;24;Trenčín;Prievidza;Prievidza;Ciglianska/Košovská cesta,V;výj.sm.Handlová/TO Merkury Market,ČS Slovnaft;;48.759426;18.619043
60162;24;Trenčín;Považská Bystrica;Považská Bystrica;Žilinská;centr,Dom služieb,pri MÚ;;49.11717;18.446326
60163;24;Trenčín;Považská Bystrica;Považská Bystrica;E-75/ŽA-BA,Sládkovičova;centrum,tržnica,sm BA,1 ČS Slovnaft;;49.115927;18.441225
60164;24;Trenčín;Považská Bystrica;Považská Bystrica;E-75/ŽA-BA,Sládkovičova;centrum,tržnica,sm BA,2 ČS Slovnaft;;49.115965;18.44108
60165;24;Banská Bystrica;Brezno;Polomka;I/66,Poprad-Brezno,V;výj.sm Brezno,šport.areál,Ľ ČS Slovnaft,základná škola,recyklačné centrum;;48.848338;19.844969
60166;24;Banská Bystrica;Brezno;Polomka;I/66,Brezno-Poprad,V;príj.od Brezna,šport.areál, ČS Slovnaft,základná škola,recyklačné centrum;;48.847307;19.842296
60167;24;Banská Bystrica;Brezno;Podbrezová;I/66,Brezno-BB,O;výj.sm BB,motorest,Ľ ČS Slovnaft,;;48.813919;19.496504
60168;24;Banská Bystrica;Brezno;Podbrezová;I/66,BB-Brezno,O;príj.od BB,motorest,sm Brezno ČS Slovnaft;;48.813919;19.496504
60169;24;Banská Bystrica;Brezno;Podbrezová;I/66,BB-Brezno,O;príj.od BB,záhrady,sm Brezno,Ľ ČS Slovnaft,motorest;;48.817324;19.49337
60170;24;Banská Bystrica;Brezno;Podbrezová;I/66,Brezno-BB,O;výj.sm BB,záhrady ČS Slovnaft,motorest;;48.817324;19.49337
60173;24;Trenčín;Prievidza;Oslany;Prievidza-Topoľčany,V;výj.sm TO,futb.ihr.,ČS,Ľ;;48.626296;18.46435
60174;24;Trenčín;Prievidza;Oslany;Topoľčany-Prievidza,V;príj.od TO,futb.ihr.,ČS,sm PD;;48.62429;18.462863
60182;24;Banská Bystrica;Lučenec;Šiatorská Bukovinka;I/71,Maď/Salgotarján-Lučenec,O;príj.od colnice MR,sm LC,Ľ;;48.189697;19.811146
60183;24;Banská Bystrica;Lučenec;Šiatorská Bukovinka;I/71,Lučenec-Maď/Salgotarján,O;výj.sm colnica MR;;48.189697;19.811146
60188;24;Banská Bystrica;Zvolen;Sliač;Clementisova,V;výj.sm diaľnica/E-77,Ľ cintorín;;48.611606;19.130254
60189;24;Banská Bystrica;Zvolen;Sliač;Clementisova,V;príj.od ZV,smc/letisk/kúpalis cintorín;;48.611498;19.130163
60199;24;Banská Bystrica;Žarnovica;Žarnovica;E-571/ZV-NR,Bystrická,V;príj.od ZH,ČS,Parket+,Ľ,sm NR stanica STK;;48.492729;18.726168
60200;24;Banská Bystrica;Žarnovica;Žarnovica;E-571/NR-ZV,Bystrická,V;výj.sm ZH,ČS,Parket+ stanica STK;;48.492634;18.726092
60201;24;Banská Bystrica;Zvolen;Zvolen;Štúrova,V;príj.do centra,gymnázium,Ľ;;48.5757774;19.1118968
60202;24;Banská Bystrica;Zvolen;Zvolen;Štúrova,V;výj. z centr,gymn.,sm sídlisko;;48.5757774;19.1118968
60203;24;Banská Bystrica;Zvolen;Zvolen;Rákoš, BB-ZV,V;príj.od BB,2xČS,OD,smc,Ľ NAY,;;48.589252;19.124758
60204;24;Banská Bystrica;Zvolen;Zvolen;Rákoš, ZV-BB,V;výj.sm BB,2xČS,OD NAY, TIKO;;48.589129;19.124823
60209;24;Banská Bystrica;Zvolen;Zvolen;Štúrova,O;výj.sm E-571,ČS,Billa,Ľ CBA;;48.577801;19.106363
60210;24;Banská Bystrica;Zvolen;Zvolen;Štúrova,O;príj.od E-571,ČS,Billa,smc CBA;;48.577801;19.106363
60213;24;Banská Bystrica;Zvolen;Zvolen;Balkán/Lesnícka,O;príj.k ČS Slovnaft/NAD,Ľ;;48.56902;19.113835
60214;24;Banská Bystrica;Zvolen;Zvolen;Balkán/Lesnícka,O;výj.od ČS Slovnaft/NAD;;48.56902;19.113835
60252;24;Banská Bystrica;Banská Bystrica;Banská Bystrica;Nové Kalište,J;sídl.Fončorda,Telekom,Billa,1 Fitness centrum;;48.728867;19.121824
60254;24;Banská Bystrica;Banská Bystrica;Banská Bystrica;Nové Kalište,J;sídl.Fončorda,Telekom,Billa,2 Fitness centrum;;48.729048;19.122121
60270;24;Banská Bystrica;Banská Bystrica;Banská Bystrica;Sadová,centr-Radvaň,J;McDonald,Essex,Dom nábytku,1 Europa SC, Kaufland;;48.727114;19.135953
60271;24;Banská Bystrica;Banská Bystrica;Banská Bystrica;Sadová,centr-Radvaň,J;McDonald,Essex,Dom nábytku,2 Europa SC, Kaufland;;48.72738;19.135926
60272;24;Banská Bystrica;Banská Bystrica;Banská Bystrica;Sadová,centr-Radvaň,J;McDonald,Essex,Dom nábytku,3 Europa SC, Kaufland;;48.727947;19.135896
60293;24;Banská Bystrica;Banská Bystrica;Banská Bystrica;Štefánikovo nábr./hotel Lux,J;I/66,križ,Dom kult.,ČS Shell,1 SAD,VUB;;48.735293;19.155996
60294;24;Banská Bystrica;Banská Bystrica;Banská Bystrica;Štefánikovo nábr./hotel Lux,J;I/66,križ,Dom kult.,ČS Shell,2 SAD,VUB;;48.73537;19.156146
60295;24;Banská Bystrica;Banská Bystrica;Banská Bystrica;Štefánikovo nábr./hotel Lux,J;I/66,križ,Dom kult.,ČS Shell,3 SAD,VUB;;48.735446;19.156214
60298;24;Žilina;Martin;Martin-Vrútky;Nábrežná;križ,neďaleko SAD,pošta CBA,Hotel Magura;;49.116687;18.928747
60314;24;Banská Bystrica;Brezno;Valaská;I/66/BB-Brezno,záhrady,V;ČS Titan,štadión,výj.sm BR,Ľ;;48.813242;19.585581
60315;24;Banská Bystrica;Brezno;Valaská;I/66/Brezno-BB,záhrady,V;štadión,príj.od BR,sm BB ČS Titan;;48.813242;19.585581
60318;24;Žilina;Martin;Sučany;E-50/PP-MT-ŽA,J;príj.od RK,smer MT psychiatr.liečebňa;;49.109006;19.000055
60321;24;Žilina;Martin;Martin-Vrútky;E-50/ŽA-MT,O;100 m od ČS Slovnaftsm MT,Ľ HUDY Sport;;49.126146;18.904738
60322;24;Žilina;Martin;Martin-Vrútky;E-50/MT-ŽA,O;100 m od ČS Slovnaft,sm ŽA HUDY Sport;;49.126146;18.904738
60324;24;Žilina;Martin;Martin-Vrútky;E-50/ŽA-MT/Dolná Kružná,O;sm MT,Ľ;;49.114421;18.915796
60325;24;Žilina;Martin;Martin-Vrútky;E-50/MT-ŽA/Dolná Kružná,O;sm ŽA;;49.114421;18.915796
60326;24;Žilina;Martin;Martin-Vrútky;E-50/ŽA-MT/Fr.partizánov,O;Gorenje,križov,sm MT,Ľ Depot office;;49.116199;18.922652
60327;24;Žilina;Martin;Martin-Vrútky;E-50/MT-ŽA/Fr.partizánov,O;Gorenje,križovatka,smer ŽA Depot office;;49.116199;18.922652
60328;24;Žilina;Martin;Martin-Vrútky;E-50/MT-ŽA/futbal.štadión,O;sm ŽA,1,Ľ;;49.111374;18.916368
60329;24;Žilina;Martin;Martin-Vrútky;E-50/ŽA-MT/futbal.štadión,O;sm MT,1;;49.111374;18.916368
60330;24;Žilina;Martin;Martin-Vrútky;E-50/MT-ŽA/futbal.štadión,O;sm ŽA,2,Ľ;;49.11165;18.916397
60331;24;Žilina;Martin;Martin-Vrútky;E-50/ŽA-MT/futbal.štadión,O;sm MT,2;;49.11165;18.916397
60384;24;Žilina;Žilina;Žilina-Dolný Hričov;E-75/ŽA-PB,O;sm PB,2,Ľ;;49.235377;18.647679
60385;24;Žilina;Žilina;Žilina-Dolný Hričov;E-75/PB-ŽA,O;sm ŽA;;49.235377;18.647679
60397;24;Žilina;Žilina;Žilina-Dolný Hričov;E-75/ŽA-PB,O;sm PB,5,Ľ;;49.228631;18.637128
60398;24;Žilina;Žilina;Žilina-Dolný Hričov;E-75/PB-ŽA,O;sm ŽA;;49.227947;18.635056
60401;24;Žilina;Žilina;Žilina-Dolný Hričov;E-75/ŽA-PB,O;sm PB,7,Ľ;;49.227103;18.631996
60402;24;Žilina;Žilina;Žilina-Dolný Hričov;E-75/PB-ŽA,O;sm ŽA;;49.227103;18.631996
60405;24;Žilina;Žilina;Žilina-Hričovské Podhradie;E-75/ŽA-PB,O;sm PB,Ľ;;49.224232;18.623911
60406;24;Žilina;Žilina;Žilina-Hričovské Podhradie;E-75/PB-ŽA,O;sm ŽA;;49.224232;18.623911
60422;24;Banská Bystrica;Žiar n/Hronom;Žiar n/Hr.-Šáš.Podhradie;E-571/KE-BA,píla Xénia,V;príj.od ZV,sm BA/Kremnica,1,Ľ;;48.588062;18.902178
60423;24;Banská Bystrica;Žiar n/Hronom;Žiar n/Hr.-Šáš.Podhradie;E-571/BA-KE,píla Xénia,V;výj.sm ZV/KE,1;;48.588067;18.902071
60424;24;Banská Bystrica;Žiar n/Hronom;Žiar n/Hr.-Šáš.Podhradie;E-571/KE-BA,R1,V;príj.od ZV,sm BA/Kremnica,2,Ľ;;48.588161;18.900401
60425;24;Banská Bystrica;Žiar n/Hronom;Žiar n/Hr.-Šáš.Podhradie;E-571/BA-KE, R1,V;výj.sm ZV/KE,2;;48.588155;18.900307
60426;24;Banská Bystrica;Detva;Detva;E-571/BA-KE,ČS Orlen,O;príj.od BA/ZV,sm KE,1,Ľ parkovisko ČS, oproti ČS Slovnaft;;48.54692;19.380566
60427;24;Banská Bystrica;Detva;Detva;E-571/KE-BA,ČS Orlen,O;výj.sm ZV/BA,1 Tesco, ČS ORLEN pri ceste I. triedy;;48.546465;19.380616
60428;24;Banská Bystrica;Detva;Detva;E-571/BA-KE,ČS Orlen,O;príj.od BA/ZV,sm KE,2,Ľ Tesco, ČS Slovnaft oproti;;48.546691;19.3904
60429;24;Banská Bystrica;Detva;Detva;E-571/KE-BA,ČS Orlen,O;výj.sm ZV/BA,2 Tesco, ČS PHM Orlen,pri ceste I. triedy;;48.546691;19.3904
60435;24;Banská Bystrica;Banská Bystrica;Banská Bystrica-Harmanec;ťah BB-MT/ŽA,križ,paneláky,J;sm horský prechod Šturec/MT/ŽA Harmanecké papierne;;48.796319;19.066343
60436;24;Banská Bystrica;Banská Bystrica;Banská Bystrica-Harmanec;ťah MT/ŽA-BB,križ,paneláky,J;smer BB,Ľ Harmanecké papierne;;48.800083;19.062506
60437;24;Banská Bystrica;Banská Bystrica;Banská Bystrica-Harmanec;ťah MT/ŽA-BB,Kartograf.ústav,J;smer Banska Bystrica Harmanecké papierne;;48.798217;19.08023
60439;24;Banská Bystrica;Banská Bystrica;Banská Bystrica-Staré Hory;I/59,ťah BB-Donovaly/RK,V;príj.od BB,Štátne lesy,sm RK,Ľ;;48.83642;19.104588
60440;24;Banská Bystrica;Banská Bystrica;Banská Bystrica-Staré Hory;I/59,ťah Donovaly/RK-BB,V;výj.sm BB,Štátne lesy;;48.837477;19.107417
60441;24;Banská Bystrica;Banská Bystrica;Banská Bystrica-Staré Hory;I/59,ťah Donovaly/RK-BB,V;príj.od RK,zast.SAD,sm BB,Ľ;;48.839423;19.118651
60442;24;Banská Bystrica;Banská Bystrica;Banská Bystrica-Staré Hory;I/59,ťah BB-Donovaly/RK,V;výj.sm RK,zast.SAD;;48.837339;19.118538
60443;24;Trenčín;Prievidza;Prievidza;Nábrežná/Kinekus, O;"parkov,od križovatky,1 TESCO; Kaufland 200m,ČS Shell, SOU";;48.776809;18.605753
60444;24;Trenčín;Prievidza;Prievidza;Nábrežná/Kinekus, O;"parkov,od križovatky,2 TESCO; Kaufland 200m,ČS Shell, SOU";;48.776956;18.605492
60445;24;Trenčín;Prievidza;Prievidza;Nábrežná/Kinekus, O;"od parkov,1 TESCO; Kaufland 200m,ČS Shell, SOU";;48.776809;18.605787
60446;24;Trenčín;Prievidza;Prievidza;Nábrežná/Kinekus, O;"od parkov,2 TESCO; Kaufland 200m,ČS Shell, SOU";;48.776965;18.60549
60456;24;Banská Bystrica;Žiar n/Hronom;Kremnica;I/65,MT-ZH,Dolná-Včelín,O;výj.sm ZH,ČS,rod.dom,2,Ľ autobazar;;48.691122;18.92206
60457;24;Banská Bystrica;Žiar n/Hronom;Kremnica;I/65,ZH-MT,Dolná-Včelín,O;príj.od ZH,ČS,rod.dom,2 autobazar;;48.691122;18.92206
60458;24;Žilina;Žilina;Žilina;Obvodová,sídlisko Solinky,O;príj.od sídl.,Metro,smc,1,Ľ;;49.197673;18.735103
60459;24;Žilina;Žilina;Žilina;Obvodová,sídlisko Solinky,O;príj.k sídlisku,Metro,1 smer OC MAX;;49.197673;18.735103
60460;24;Žilina;Žilina;Žilina;Obvodová,sídlisko Solinky,O;príj.od sídl.,Metro,smc,2,Ľ;;49.198954;18.734178
60461;24;Žilina;Žilina;Žilina;Obvodová,sídlisko Solinky,O;príj.k sídlisku,Metro,2 smer OC MAX;;49.198954;18.734178
60462;24;Žilina;Žilina;Žilina;Ľavobrežná/RK-BA/CA,obchvat,O;sm BA/CA,1,Ľ;;49.225641;18.756056
60463;24;Žilina;Žilina;Žilina;Ľavobrežná/BA/CA-RK,obchvat,O;sm RK,Teplička,1;;49.225641;18.756056
60464;24;Žilina;Žilina;Žilina;Ľavobrežná/RK-BA/CA,obchvat,O;sm BA/CA,2,Ľ;;49.226106;18.753795
60465;24;Žilina;Žilina;Žilina;Ľavobrežná/BA/CA-RK,obchvat,O;sm RK,Teplička,2;;49.226106;18.753795
60466;24;Žilina;Žilina;Žilina;Nemocničná/sm MT/RK,O;ČS,Tesco,križ,príj.odRondela,Ľ;;49.218707;18.757779
60467;24;Žilina;Žilina;Žilina;Nemocničná/sm BA/PD,O;ČS,Tesco,križ,sm Rondel/BA/PD;;49.218707;18.757779
60484;24;Banská Bystrica;Banská Bystrica;Banská Bystrica;A.Sládkoviča/Radvaň,O;T-MOBILE,sm Kremnička,Ľ TESCO,SLSP;;48.71786;19.132552
60485;24;Banská Bystrica;Banská Bystrica;Banská Bystrica;A.Sládkoviča/Radvaň,O;nábytok,T-mobile,smc,1 TESCO,SLSP;;48.71786;19.132552
60486;24;Banská Bystrica;Banská Bystrica;Banská Bystrica;A.Sládkoviča/Radvaň,O;nábytok,TMO,sm Kremnič,Ľ TESCO,SLSP;;48.717518;19.13259
60487;24;Banská Bystrica;Banská Bystrica;Banská Bystrica;A.Sládkoviča/Radvaň,O;TMO,Jednota,smc,2 TESCO,SLSP;;48.717518;19.13259
60488;24;Banská Bystrica;Banská Bystrica;Banská Bystrica;A.Sládkoviča/Radvaň,O;nábytok,Telecom,sm Kremnič,3,Ľ TESCO,SLSP;;48.717207;19.132556
60489;24;Banská Bystrica;Banská Bystrica;Banská Bystrica;A.Sládkoviča/Radvaň,O;TMO,Jednota,smc,3 TESCO,SLSP;;48.717207;19.132556
60490;24;Banská Bystrica;Banská Bystrica;Banská Bystrica;kpt.Nálepku/Radvaň,O;príj.od centra,sm ZŠ,Ľ Tesco extra;;48.727826;19.129071
60491;24;Banská Bystrica;Banská Bystrica;Banská Bystrica;kpt.Nálepku/Radvaň,O;Tesco extra,smer centrum;;48.727826;19.129071
60492;24;Banská Bystrica;Banská Bystrica;Banská Bystrica;J.Švermu/sídl.Fončorda,O;detské ihrisko,sm sídlisko,Ľ Hotel DIXON;;48.73441;19.125337
60493;24;Banská Bystrica;Banská Bystrica;Banská Bystrica;J.Švermu/sídl.Fončorda,O;detské ihrisko,sm NsP/UMB Hotel DIXON;;48.73441;19.125337
60494;24;Banská Bystrica;Banská Bystrica;Banská Bystrica;J.Švermu/sídl.Fončorda,O;kúpalisko,sm NsP/UMB,Ľ Hotel DIXON;;48.735115;19.123854
60495;24;Banská Bystrica;Banská Bystrica;Banská Bystrica;J.Švermu/sídl.Fončorda,O;kúpalisko,sm sídlisko Hotel DIXON;;48.735115;19.123854
60496;24;Banská Bystrica;Banská Bystrica;Banská Bystrica;J.Švermu/sídl.Fončorda,V;ZARES,kúpalisko,sm NsP/UMB,Ľ Hotel DIXON;;48.736047;19.123247
60497;24;Banská Bystrica;Banská Bystrica;Banská Bystrica;J.Švermu/sídl.Fončorda,V;ZARES,kúpalisko,sm sídlisko Hotel DIXON;;48.736205;19.123212
60498;24;Banská Bystrica;Banská Bystrica;Banská Bystrica;Na troskách,J;parkovisko pri Sberbank,2 Europa SCAllianz;;48.73188;19.138608
60499;24;Banská Bystrica;Banská Bystrica;Banská Bystrica;Na troskách,J;parkovisko pri Sberbank,3 Europa SCAllianz;;48.731807;19.138755
60500;24;Banská Bystrica;Banská Bystrica;Banská Bystrica;Zvolenská cesta/ŽS Radvaň,O;priemysel.časť,HM Tesco, zberný dvor,Ľ;;48.715974;19.139877
60501;24;Banská Bystrica;Banská Bystrica;Banská Bystrica;Zvolenská cesta/ŽS Radvaň,O;priemysel.časť,HM Tesco,Stavivo;;48.715974;19.139877
60504;24;Banská Bystrica;Banská Bystrica;Banská Bystrica;nám.Slobody/I 66 ZV-BR,O;pri Dome kultúry,sm ZV/BR,Ľ hotel LUX, VUB;;48.735777;19.156317
60505;24;Banská Bystrica;Banská Bystrica;Banská Bystrica;nám.Slobody/I 66 ZV-BR,O;pri Dome kultúry,smc hotel LUX, VUB;;48.735777;19.156317
60506;24;Banská Bystrica;Banská Bystrica;Banská Bystrica;A.Sládkoviča/Radvaň,O;Letecké opravovne,smc,Ľ;;48.70935;19.12998
60507;24;Banská Bystrica;Banská Bystrica;Banská Bystrica;A.Sládkoviča/Radvaň,O;Letecké opravovne,sm Kremnička;;48.70935;19.12998
60508;24;Banská Bystrica;Banská Bystrica;Banská Bystrica;Ľ.Štúra/Radvaň,O;Europa SC,sm Radvaň,Ľ Kaufland;;48.72695;19.136634
60509;24;Banská Bystrica;Banská Bystrica;Banská Bystrica;Ľ.Štúra/Radvaň,O;Europa SC,smer centrum Kaufland;;48.72695;19.136634
60514;24;Banská Bystrica;Banská Bystrica;Banská Bystrica;Radvanská/výpad.ZV/BA/Tesco,O;sm výpadovka ZV/BA,Ľ ČS Shell,Tesco,Tatrabanka;;48.716909;19.1351
60515;24;Banská Bystrica;Banská Bystrica;Banská Bystrica;Radvanská/výpad.ZV/BA/Tesco,O;sm Sládkovičova ul. ČS Shell,Tesco,Tatrabanka;;48.716909;19.1351
60526;24;Banská Bystrica;Banská Bystrica;Banská Bystrica;I/66/ZV-BB,Zvolenská cesta,O;Univ.M.Bella,smc,2,Ľ TESCO,ČS Shell,Tatrabanka;;48.716416;19.137405
60527;24;Banská Bystrica;Banská Bystrica;Banská Bystrica;I/66/BB-ZV,Zvolenská cesta,O;Univ.M.Bella,sm ZV/BA,2 TESCO,ČS Shell,Tatrabanka;;48.716416;19.137405
60530;24;Banská Bystrica;Banská Bystrica;Banská Bystrica;Poľná/Mládežnícka,J;VÚ trávn.porastov,sm Fončorda;;48.722587;19.125302
60531;24;Banská Bystrica;Banská Bystrica;Banská Bystrica;Moskovská,O;sm pláž.kúpalisko,NsP,Ľ;;48.724408;19.119129
60532;24;Banská Bystrica;Banská Bystrica;Banská Bystrica;Moskovská,O;sm Radvaň;;48.724408;19.119129
60533;24;Žilina;Martin;Martin;I/65,ŽA-BB,Cesta mieru,O;priem.zóna,JM Nisann,sm BB,1,Ľ Autosklo;;49.066175;18.91194
60534;24;Žilina;Martin;Martin;I/65,BB-ŽA,Cesta mieru,O;priem.zóna,JM Nisann,smc,1 Autosklo;;49.066175;18.91194
60535;24;Žilina;Martin;Martin;I/65,ŽA-BB,Cesta mieru,O;priem.zóna,JM Nisann,sm BB,2,Ľ Autosklo;;49.064134;18.911205
60536;24;Žilina;Martin;Martin;I/65,BB-ŽA,Cesta mieru,O;priem.zóna,JM Nisann,smc,2 Autosklo;;49.064134;18.911205
60544;24;Žilina;Žilina;Žilina;Rosinská cesta/sídl.Vlčince,O;sm Košická,1,Ľ športové gymnázium;;49.209348;18.772215
60545;24;Žilina;Žilina;Žilina;Rosinská cesta/sídl.Vlčince,O;sm ul.Vysokoškolákov,1 športové gymnázium;;49.209348;18.772215
60556;24;Banská Bystrica;Banská Bystrica;Banská Bystrica;Tatranská/sídl.Sásová,O;SOU poľnohosp.,sm Sásová,Ľ,2 OKTAN ČS;;48.753881;19.171683
60557;24;Banská Bystrica;Banská Bystrica;Banská Bystrica;Tatranská/sídl.Sásová,O;SOU poľnohosp.,smc,2 OKTAN ČS;;48.753881;19.171683
60571;24;Banská Bystrica;Banská Bystrica;Banská Bystrica;Kremnička/nadjazd,O;Hagard Hal,pivovar Urpín,Ľsmc SK Auto,Merkur Slovakia;;48.701317;19.131823
60572;24;Banská Bystrica;Banská Bystrica;Banská Bystrica;Kremnička/nadjazd,O;Hagard Hal,pivovar Urpín,sm Rd SK Auto,Merkur Slovakia;;48.701317;19.131823
60573;24;Banská Bystrica;Banská Bystrica;Banská Bystrica;Kremnička/Pršianska cesta,O;SOU,trolej-depo,smc,Ľ pivovar Urpín,priemyselná časť;;48.702535;19.127273
60574;24;Banská Bystrica;Banská Bystrica;Banská Bystrica;Kremnička/Pršianska cesta,O;SOU,trolej-depo,sm SOU pivovar Urpín, priemyselná časť;;48.702535;19.127273
60575;24;Banská Bystrica;Banská Bystrica;Banská Bystrica;I/66/BB-ZV,Zvolenská cesta,O;futb.ihr.,Citro/Seat,sm ZV,1,Ľ AAA auto,MÝTO - predaj pre kamiony;;48.698829;19.133736
60576;24;Banská Bystrica;Banská Bystrica;Banská Bystrica;I/66/ZV-BB,Zvolenská cesta,O;futb.ihr.,Citro/Seat,smc,1 AAA auto,MÝTO - predaj pre kamiony;;48.698829;19.133736
60577;24;Banská Bystrica;Banská Bystrica;Banská Bystrica;I/66/BB-ZV,Zvolenská cesta,O;futb.ihr.,Citro/Seat,sm ZV,2,Ľ AAA auto,MÝTO - predaj pre kamiony;;48.698427;19.13347
60578;24;Banská Bystrica;Banská Bystrica;Banská Bystrica;I/66/ZV-BB,Zvolenská cesta,O;futb.ihr.,Citro/Seat,smc,2 AAA auto,MÝTO - predaj pre kamiony;;48.698427;19.13347
60579;24;Banská Bystrica;Banská Bystrica;Banská Bystrica;I/66/BB-ZV,Zvolenská cesta,O;futb.ihr.,Citro/Seat,sm ZV,3,Ľ AAA auto,MÝTO - predaj pre kamiony;;48.698006;19.133292
60580;24;Banská Bystrica;Banská Bystrica;Banská Bystrica;I/66/ZV-BB,Zvolenská cesta,O;futb.ihr.,Citro/Seat,smc,3 AAA auto,MÝTO - predaj pre kamiony;;48.698006;19.133292
60587;24;Banská Bystrica;Banská Bystrica;Banská Bystrica;I/66/ZV-BB,Zvolenská cesta,O;Mercedes,ČS Slovnaft,smc,1,Ľ XXXLutz,Rempo,AAA Auto;;48.701825;19.133996
60588;24;Banská Bystrica;Banská Bystrica;Banská Bystrica;I/66/BB-ZV,Zvolenská cesta,O;Mercedes,ČS Slovnaft,smZV/BA,2 XXXLutz,Rempo,AAA Auto;;48.701825;19.133998
60589;24;Banská Bystrica;Banská Bystrica;Banská Bystrica;I/66/ZV-BB,Zvolenská cesta,O;Mercedes,ČS Slovnaft,smc,2,Ľ XXXLutz,Rempo,AAA Auto;;48.701703;19.134253
60590;24;Banská Bystrica;Banská Bystrica;Banská Bystrica;I/66/BB-ZV,Zvolenská cesta,O;Mercedes,ČS Slovnaft,smZV/BA,1 XXXLutz,Rempo,AAA Auto;;48.7017;19.134252
60593;24;Banská Bystrica;Veľký Krtíš;Veľký Krtíš;Tučekova,O;futb.štad.,plavár,sm Šahy,1,Ľ;;48.205078;19.341689
60594;24;Banská Bystrica;Veľký Krtíš;Veľký Krtíš;Tučekova,O;futb.štad.,plavár,príjazd;;48.205078;19.341689
60595;24;Banská Bystrica;Veľký Krtíš;Veľký Krtíš;Tučekova,O;futb.štad.,plavár,sm Šahy,2,Ľ;;48.204807;19.341769
60596;24;Banská Bystrica;Veľký Krtíš;Veľký Krtíš;Tučekova,O;futb.štad.,plav,sm ZV,mesto, 2;;48.204807;19.341769
60597;24;Banská Bystrica;Veľký Krtíš;Veľký Krtíš;Novohradská/Banícka,V;garáže,sm Lučenec,Ľ;;48.208943;19.354961
60598;24;Banská Bystrica;Veľký Krtíš;Veľký Krtíš;Novohradská/Banícka,V;garáže,sm SAD;;48.209081;19.354981
60599;24;Banská Bystrica;Veľký Krtíš;Veľký Krtíš;Novohradská/Banícka,V;komín,sm SAD,Ľ;;48.208824;19.355591
60600;24;Banská Bystrica;Veľký Krtíš;Veľký Krtíš;Novohradská/Banícka,V;komín,sm Lučenec;;48.20894;19.355613
60605;24;Trenčín;Prievidza;Prievidza;Olympionikov/Bojnická cesta,O;pri McDonalde,šport.hala,smc,1 ČS Shell;;48.77717;18.602056
60606;24;Trenčín;Prievidza;Prievidza;Olympionikov/Bojnická cesta,O;pri McDonalde,šport.hala,smMc2 ČS Shell;;48.77717;18.602056
60607;24;Trenčín;Prievidza;Prievidza;Bojnická cesta,O;zim.štadión,od hl.cesty,1 Kaufland,TESCO, ČS Shell, SOU;;48.776793;18.603774
60608;24;Trenčín;Prievidza;Prievidza;Bojnická cesta,O;zim.štadión,od hl.cesty,2 Kaufland,TESCO, ČS Shell, SOU;;48.776634;18.604227
60609;24;Trenčín;Prievidza;Prievidza;Bojnická cesta,O;zim.štadión,od zim.štadióna,1 Kaufland,TESCO, ČS Shell, SOU;;48.776634;18.604227
60610;24;Trenčín;Prievidza;Prievidza;Bojnická cesta,O;zim.štadión,od zim.štadióna,2 Kaufland,TESCO, ČS Shell, SOU;;48.773695;18.603665
60615;24;Trenčín;Prievidza;Prievidza;Ľ.Ondrejova/J.Okáľa,J;sídl,výmenník.stanica ČS Slovnaft, 400m sm: ZA, kino Baník;;48.782996;18.616173
60616;24;Trenčín;Prievidza;Prievidza;Ľ.Ondrejova/J.Francisciho,J;sídl,výmenník.stanica ČS Slovnaft, 200m sm: ZA, kino Baník;;48.78149;18.619063
60617;24;Trenčín;Prievidza;Prievidza;Ľ.Ondrejova/Tolstého,O;oproti ČS Slovnaft, sm.Kauflan OBI;;48.780962;18.621438
60618;24;Trenčín;Prievidza;Prievidza;Ľ.Ondrejova/Tolstého,O;oproti ČS Slovnaft, Kaufland OBI;;48.780962;18.621438
60619;24;Trenčín;Prievidza;Prievidza;nábr.sv.Cyrila/Dlhá,O;smer Handlová,Ľ;;48.769782;18.634918
60620;24;Trenčín;Prievidza;Prievidza;nábr.sv.Cyrila/Dlhá,O;smer centrum;;48.769782;18.634918
60623;24;Žilina;Ružomberok;Ružomberok;Makovického,J;parkovisko,ligový štadión,1 Tesco,Katolícka univerzita, smer Malinô Brdo, Hrabovo;;49.081488;19.282494
60624;24;Žilina;Ružomberok;Ružomberok;Makovického,J;parkovisko,ligový štadión,2 Tesco,Katolícka univerzita,smer Malinô Brdo, Hrabovo;;49.081519;19.282735
60634;24;Banská Bystrica;Zvolen;Zvolen;stanica SAD,J;ŽSR,Lidl,pošta,Tech.univ.1;;48.5700896;19.1177382
60635;24;Banská Bystrica;Zvolen;Zvolen;stanica SAD,J;ŽSR,Lidl,pošta,Tech.univ.2;;48.5701665;19.1177347
60636;24;Banská Bystrica;Zvolen;Zvolen;stanica SAD,J;ŽSR,Lidl,pošta,Tech.univ.3;;48.5702433;19.1177322
60637;24;Banská Bystrica;Zvolen;Zvolen;stanica SAD,J;ŽSR,Lidl,pošta,Tech.univ.4;;48.5703153;19.1177299
60638;24;Banská Bystrica;Zvolen;Zvolen;stanica SAD,J;ŽSR,Lidl,pošta,Tech.univ.5;;48.5703872;19.1177268
60639;24;Banská Bystrica;Zvolen;Zvolen;stanica SAD,J;ŽSR,Lidl,pošta,Tech.univ.6;;48.5704623;19.1177252
60640;24;Banská Bystrica;Rimavská Sobota;Rimavská Sobota;Jánošíkova/Malohontská,O;centrum,pošta,od pešej zóny,1 CBA;;48.382625;20.015559
60641;24;Banská Bystrica;Rimavská Sobota;Rimavská Sobota;Jánošíkova/Malohontská,O;centrum,pošta,od pešej zóny,2 CBA;;48.382679;20.015486
60642;24;Banská Bystrica;Rimavská Sobota;Rimavská Sobota;Jánošíkova/Malohontská,O;centrum,pošta,od pešej zóny,3 CBA;;48.382756;20.01541
60643;24;Banská Bystrica;Rimavská Sobota;Rimavská Sobota;Jánošíkova/Malohontská,O;centrum,pošta,od Malohontsk.1 CBA;;48.382756;20.01541
60644;24;Banská Bystrica;Rimavská Sobota;Rimavská Sobota;Jánošíkova/Malohontská,O;centrum,pošta,od Malohont.2 CBA;;48.382679;20.015486
60645;24;Banská Bystrica;Rimavská Sobota;Rimavská Sobota;Jánošíkova/Malohontská,O;centrum,pošta,od Malohontsk.3 CBA;;48.382625;20.015559
60646;24;Banská Bystrica;Rimavská Sobota;Rimavská Sobota;Malohontská,O;centr,pošta,rešt,od peš.zóny;;48.382376;20.015893
60647;24;Banská Bystrica;Rimavská Sobota;Rimavská Sobota;Malohontská,O;centr,pošta,rešt,od Malohontsk;;48.382376;20.015893
60654;24;Banská Bystrica;Rimavská Sobota;Rimavská Sobota;Jánošíkova,O;obyt.blok č.45,sm Okružná,Ľ CBA;;48.380774;20.012394
60655;24;Banská Bystrica;Rimavská Sobota;Rimavská Sobota;Jánošíkova,O;obyt.blok č.45,smer centrum CBA;;48.380774;20.012394
60660;24;Banská Bystrica;Rimavská Sobota;Rimavská Sobota;Školská,O;Vinár.závody,sm Fiľakovo,Ľ;;48.379907;20.025558
60661;24;Banská Bystrica;Rimavská Sobota;Rimavská Sobota;Školská,O;Vinár.závody,smc príjazd od Fiľakova;;48.379907;20.025558
60662;24;Banská Bystrica;Rimavská Sobota;Rimavská Sobota;Školská,O;garáže,žel.trať,sm Fiľakovo,Ľ;;48.378023;20.029481
60663;24;Banská Bystrica;Rimavská Sobota;Rimavská Sobota;Školská,O;garáže,žel.trať,smer centrum;;48.378023;20.029481
60667;24;Banská Bystrica;Rimavská Sobota;Rimavská Sobota;Malohontská,O;garáže,sm Jánošíkova,Ľ;;48.383309;20.013663
60668;24;Banská Bystrica;Rimavská Sobota;Rimavská Sobota;Malohontská,O;garáže,sm E-571;;48.383309;20.013663
60670;24;Banská Bystrica;Rimavská Sobota;Rimavská Sobota;arm.gen.L.Svobodu,O;most cez Rimavu,smCukrovarsk,Ľ TESCO;;48.385827;19.999587
60671;24;Banská Bystrica;Rimavská Sobota;Rimavská Sobota;arm.gen.L.Svobodu,O;most cez Rimavu,smOkružná TESCO;;48.385827;19.999587
60673;24;Banská Bystrica;Lučenec;Lučenec;Olbrachtova/tržnica,O;od Olbrachtovej,1;;48.326784;19.666556
60674;24;Banská Bystrica;Lučenec;Lučenec;Olbrachtova/tržnica,O;od Olbrachtovej,2;;48.326783;19.666538
60675;24;Banská Bystrica;Lučenec;Lučenec;Olbrachtova/tržnica,O;od trhoviska,1;;48.326699;19.666942
60676;24;Banská Bystrica;Lučenec;Lučenec;Olbrachtova/tržnica,O;od trhoviska,2;;48.326698;19.666925
60677;24;Banská Bystrica;Lučenec;Lučenec;Vajanského,O;príj.od V.Krtíša,SPP,ČS,smc,1;;48.315817;19.668868
60678;24;Banská Bystrica;Lučenec;Lučenec;Vajanského,O;príj.od V.Krtíša,SPP,ČS,smc,2;;48.315798;19.669213
60679;24;Banská Bystrica;Lučenec;Lučenec;Haličská,O;výj.sm V.Krtíš,Ľ;;48.338458;19.63294
60680;24;Banská Bystrica;Lučenec;Lučenec;Haličská,O;príj.od V.Krtíša,smc;;48.338458;19.63294
60681;24;Banská Bystrica;Lučenec;Lučenec;Haličská,O;príj.od V.Krtíša,smc,Ľ;;48.334174;19.636691
60682;24;Banská Bystrica;Lučenec;Lučenec;Haličská,O;výj.sm V.Krtíš;;48.334174;19.636691
60683;24;Banská Bystrica;Lučenec;Lučenec;Zvolenská cesta,O;výj.sm Zvolen,Merkury Market,cyklochodník,1,Ľ;;48.344504;19.658266
60684;24;Banská Bystrica;Lučenec;Lučenec;Zvolenská cesta,O;príj.od Zvolena,Merkury Market,cyklochodník,smc,1;;48.344504;19.658266
60685;24;Banská Bystrica;Lučenec;Lučenec;Zvolenská cesta,O;výj.sm Zvolen,Merkury Market,cyklochodník,2,Ľ;;48.350947;19.660497
60686;24;Banská Bystrica;Lučenec;Lučenec;Zvolenská cesta,O;príj.od Zvolena,Merkury Market,cyklochodník,smc,2;;48.350947;19.660497
60687;24;Žilina;Žilina;Žilina;Na Šefranici,O;pri firme T+T,sm Jánošíkova,Ľ základná škola;;49.227312;18.729737
60688;24;Žilina;Žilina;Žilina;Na Šefranici,O;pri firme T+T,sm Murgašova základná škola;;49.227312;18.729737
60706;24;Žilina;Žilina;Žilina;E-50/RK-ZA/Košická,O;križ so sv.Cyrila/Metoda,smc,Ľ AAA auto;;49.216561;18.765378
60707;24;Žilina;Žilina;Žilina;E-50/RK-ZA/Košická,O;križ so sv.Cyrila/Metoda,sm RK AAA auto;;49.216561;18.765378
60723;24;Žilina;Liptovský Mikuláš;Liptovský Mikuláš;Garbiarska;OC Liptov,Tilia,Jednota,1 Stopshop;;49.081076;19.616306
60724;24;Žilina;Liptovský Mikuláš;Liptovský Mikuláš;Garbiarska;OZ Liptov,Tilia,Jednota,2 Stopshop;;49.081087;19.616043
60728;24;Žilina;Žilina;Žilina;Kvačalova,J;na parkovisku,smc,Ľ reštaurácia;;49.218176;18.713464
60741;24;Trenčín;Považská Bystrica;Považská Bystrica;Považské Podhradie,V;budova SAD,smc,Ľ;;49.130173;18.442841
60742;24;Trenčín;Považská Bystrica;Považská Bystrica;Považské Podhradie,V;budova SAD,sm ŽA;;49.130066;18.442786
60743;24;Trenčín;Považská Bystrica;Považská Bystrica;Považské Podhradie,J;admin.budova SAD,sm ŽA;;49.129247;18.442261
60753;24;Banská Bystrica;Brezno;Brezno;I/66,výpadovka na BB,J;výjazd na BB,LIDL,1 nemocnica,lekáreň;;48.807209;19.625774
60754;24;Banská Bystrica;Brezno;Brezno;I/66,výpadovka na BB,J;výjazd na BB,LIDL,2 nemocnica,lekáreň;;48.807249;19.625891
60755;24;Trenčín;Prievidza;Prievidza;nábr.sv.Metoda,J;za odb.do centra,sm Handlová;;48.768719;18.624292
60758;24;Trenčín;Prievidza;Prievidza;Novackého/Energetikov,O;parkov ABC Market,od Novac.1 Jednota COOP, 100m;;48.777423;18.642217
60759;24;Trenčín;Prievidza;Prievidza;Novackého/Energetikov,O;parkov ABC Market,od Novac.2 Jednota COOP, 100m;;48.777573;18.642441
60760;24;Trenčín;Prievidza;Prievidza;Novackého/Energetikov,O;parkov ABC Market,od Energ.1 Jednota COOP, 100m;;48.777423;18.642217
60761;24;Trenčín;Prievidza;Prievidza;Novackého/Energetikov,O;parkov ABC Market,od Energ.2 Jednota COOP, 100m;;48.777573;18.642441
60764;24;Trenčín;Prievidza;Prievidza;V.Clementisa/Snežienková,J;dom č.37;;48.781961;18.64019
60767;24;Trenčín;Prievidza;Prievidza;Ľ.Ondrejova/Tolstého,J;ČS Slovnaft,sm.Kaufland,1 OBI;;48.780604;18.621591
60768;24;Trenčín;Prievidza;Prievidza;Ľ.Ondrejova/Tolstého,J;ČS Slovnaft,sm.Kaufland,2 OBI;;48.780497;18.621517
60769;24;Trenčín;Prievidza;Prievidza;Novackého/Kuzmányho;križov,oplotenie RD Jednota COOP, 300m;;48.77553;18.640208
60789;24;Žilina;Ružomberok;Ružomberok;Bottova,O;smc/Zárevúca,Ľ vojenská nemocnica;;49.075963;19.304613
60790;24;Žilina;Ružomberok;Ružomberok;Bottova,O;smer centrum,vojenská nemocn.;;49.075963;19.304613
60797;24;Žilina;Liptovský Mikuláš;Liptovský Mikuláš;Demänovská cesta,O;areál Vojen.akad.,sm Jasná,1,Ľ;;49.069416;19.591204
60798;24;Žilina;Liptovský Mikuláš;Liptovský Mikuláš;Demänovská cesta,O;areál Vojen.akad.,sm LM,1;;49.069416;19.591204
60799;24;Žilina;Liptovský Mikuláš;Liptovský Mikuláš;Demänovská cesta,O;areál Vojen.akad.,sm Jasná,2,Ľ;;49.069013;19.590911
60800;24;Žilina;Liptovský Mikuláš;Liptovský Mikuláš;Demänovská cesta,O;areál Vojen.akad.,sm LM,2;;49.069013;19.590911
60834;24;Žilina;Martin;Martin;Jilemnického/Košútska,O;príj.od PP/ZA,Kaufland,Ľ,smc McDonald,Renault+Dacia;;49.086979;18.932832
60835;24;Žilina;Martin;Martin;Jilemnického/Košútska,O;Kaufland,výj.sm PP/ZA McDonald,Renault+Dacia;;49.086979;18.932832
60839;24;Žilina;Žilina;Žilina;Košická/SAD,J;na oplotení SAD,oproti TESCO,1 ČS Tesco;;49.219119;18.758085
60840;24;Žilina;Žilina;Žilina;Košická/SAD,J;na oplotení SAD,oproti TESCO,2 ČS Tesco;;49.21917;18.757974
60841;24;Žilina;Žilina;Žilina;Košická/SAD,J;na oplotení SAD,oproti TESCO,3 ČS Tesco;;49.219207;18.757795
60842;24;Žilina;Žilina;Žilina;Košická/SAD,J;na oplotení SAD,oproti TESCO,4 ČS Tesco;;49.219312;18.757397
60843;24;Žilina;Žilina;Žilina;Košická/SAD,J;na oplotení SAD,oproti TESCO,5 ČS Tesco;;49.219319;18.757309
60844;24;Žilina;Žilina;Žilina;Košická/SAD,J;na oplotení SAD,oproti TESCO,6 ČS Tesco;;49.219348;18.7572
60852;24;Žilina;Žilina;Žilina;Mostná,O;šport.hala Bôrik,parkovisko,Ľ;;49.213869;18.744844
60853;24;Žilina;Žilina;Žilina;Mostná,O;šp.hala Bôrik,sm OC Dubeň;;49.213869;18.744844
60854;24;Žilina;Žilina;Žilina;Hlinská/Poľná,O;pri zastávke MHD,sm PD,Ľ Gymnázium,dievčenská škola;;49.206731;18.734758
60855;24;Žilina;Žilina;Žilina;Hlinská/Poľná,O;pri zastávke MHD,smc Gymnázium,dievčenská škola;;49.206731;18.734758
60866;24;Banská Bystrica;Banská Bystrica;Banská Bystrica;I/66/ZV-BB,Zvolenská cesta,O;garáže,smc,1,Ľ;;48.71932;19.13752
60867;24;Banská Bystrica;Banská Bystrica;Banská Bystrica;I/66/BB-ZV,Zvolenská cesta,O;garáže,sm ZV/BA,1 McDonald;;48.71932;19.13752
60868;24;Banská Bystrica;Banská Bystrica;Banská Bystrica;I/66/ZV-BB,Zvolenská cesta,O;ČS OMV,smc,2,Ľ McDonald;;48.722033;19.137041
60869;24;Banská Bystrica;Banská Bystrica;Banská Bystrica;I/66/BB-ZV,Zvolenská cesta,O;ČS OMV,sm ZV/BA,2 McDonald;;48.722033;19.137041
60870;24;Banská Bystrica;Banská Bystrica;Banská Bystrica;I/66/ZV-BB,Zvolenská cesta,O;ČS OMV,smc,3,Ľ McDonald;;48.722216;19.137021
60871;24;Banská Bystrica;Banská Bystrica;Banská Bystrica;I/66/BB-ZV,Zvolenská cesta,O;ČS OMV,sm ZV/BA,3 McDonald;;48.722216;19.137021
60872;24;Banská Bystrica;Banská Bystrica;Banská Bystrica;I/66/ZV-BB,Zvolenská cesta,O;ČS OMV,smc,4,Ľ McDonald;;48.722625;19.136957
60873;24;Banská Bystrica;Banská Bystrica;Banská Bystrica;I/66/BB-ZV,Zvolenská cesta,O;ČS OMV,sm ZV/BA,4 McDonald;;48.722625;19.136957
60875;24;Žilina;Turčianske Teplice;Turčianske Teplice;Kollárova,J;SPA & AQUAPARK parkov,1 Billa,SLSP;;48.8637;18.85759
60876;24;Žilina;Turčianske Teplice;Turčianske Teplice;Kollárova,J;SPA & AQUAPARK,parkov,2 Billa,SLSP;;48.863706;18.857711
60877;24;Žilina;Turčianske Teplice;Turčianske Teplice;Kollárova,J;SPA & AQUAPARK,parkov,3 Billa,SLSP;;48.863738;18.857881
60878;24;Žilina;Turčianske Teplice;Turčianske Teplice;Kollárova,J;SPA & AQUAPARK,parkov,4 Billa,SLSP;;48.863747;18.858053
60885;24;Žilina;Martin;Martin;I/65,BB-MT,Jahodnícka,O;pri CBA,sm Kollárova,Ľ daňový úrad,poliklinika+Medima;;49.056379;18.918545
60886;24;Žilina;Martin;Martin;I/65,BB-MT,Jahodnícka,O;pri CBA,smer centrum daňový úrad,poliklinika+Medima;;49.056379;18.918545
60891;24;Banská Bystrica;Banská Bystrica;Banská Bystrica;J.Švermu/sídl.Fončorda,O;Kraj.úrad,Európa center,smc,Ľ Slovnaft ČS;;48.728624;19.134585
60892;24;Banská Bystrica;Banská Bystrica;Banská Bystrica;J.Švermu/sídl.Fončorda,O;Kraj.úrad,Európa center,smFonč Slovnaft ČS;;48.728624;19.134585
60893;24;Banská Bystrica;Banská Bystrica;Banská Bystrica;Okružná,O;oproti kostolu,sm Radvaň,Ľ;;48.726843;19.122589
60894;24;Banská Bystrica;Banská Bystrica;Banská Bystrica;Okružná,O;oproti kostolu,smc;;48.726843;19.122589
60895;24;Banská Bystrica;Banská Bystrica;Banská Bystrica;Poľná/Mládežnícka,V;ZŠ,gymnázium,smc/Radvaň,Ľ;;48.722653;19.125528
60896;24;Banská Bystrica;Banská Bystrica;Banská Bystrica;Poľná/Mládežnícka,V;ZŠ,gymnázium,sm Fončorda;;48.722712;19.125799
60897;24;Banská Bystrica;Banská Bystrica;Banská Bystrica;nám.Ľ.Štúra,O;nákup-zábav.centrum,smc,Ľ Kaufland;;48.724563;19.133067
60898;24;Banská Bystrica;Banská Bystrica;Banská Bystrica;nám.Ľ.Štúra,O;nákup-zábav.centrum,smFončorda Kaufland;;48.724563;19.133067
60899;24;Banská Bystrica;Banská Bystrica;Banská Bystrica;A.Sládkoviča/Radvaň;oproti nábytku a penziónu,1 COOP Jednota,SLSP;;48.719547;19.132302
60900;24;Banská Bystrica;Banská Bystrica;Banská Bystrica;A.Sládkoviča/Radvaň;oproti nábytku a penziónu,2 COOP Jednota,SLSP;;48.719631;19.13233
60901;24;Banská Bystrica;Banská Bystrica;Banská Bystrica;A.Sládkoviča/Radvaň,O;oproti ČS ORLEN,NAY,smTesco,Ľ XXXLutz;;48.712628;19.13371
60902;24;Banská Bystrica;Banská Bystrica;Banská Bystrica;A.Sládkoviča/Radvaň,O;oproti ČS ORLEN,NAY,smRadvaň XXXLutz;;48.712663;19.13371
60903;24;Banská Bystrica;Banská Bystrica;Banská Bystrica;Partizánska cesta,V;oproti Tlačiarňam,smc,Ľ Slovnaft ČS;;48.7403;19.171147
60904;24;Banská Bystrica;Banská Bystrica;Banská Bystrica;Partizánska cesta,V;oproti Tlačiarňam,sm Sásová/BR Slovnaft ČS;;48.740298;19.17087
60905;24;Banská Bystrica;Banská Bystrica;Banská Bystrica;Rudohorská/Starohorská,O;pri nákup.centrách,smc,Ľ,2;;48.757561;19.166593
60906;24;Banská Bystrica;Banská Bystrica;Banská Bystrica;Rudohorská/Starohorská,O;pri nákup.centrách,sm Sásová,2;;48.757561;19.166593
60915;24;Žilina;Martin;Martin-Vrútky;Nábrežná,V;pri rieke,paneláky,smc,Ľ;;49.110236;18.922735
60916;24;Žilina;Martin;Martin-Vrútky;Nábrežná,V;pri rieke,paneláky,sm MT;;49.110236;18.922735
60917;24;Žilina;Martin;Martin-Vrútky;E-50/MT-ŽA/futbal.štadión,V;sm ŽA,Ľ;;49.110975;18.916306
60918;24;Žilina;Martin;Martin-Vrútky;E-50/MT-ŽA/futbal.štadión,V;sm MT;;49.110975;18.916306
60919;24;Žilina;Martin;Martin-Vrútky;E-50/MT-ŽA,J;križ,Harley Pub,sm ŽA,Ľ,1 Ignis krby;;49.120191;18.910166
60920;24;Žilina;Martin;Martin-Vrútky;E-50/MT-ŽA,J;križ,Harley Pub,sm ŽA,Ľ,2 Ignis krby;;49.120191;18.910199
60945;24;Banská Bystrica;Brezno;Brezno;Novomeského,V;zim.štad.,ČS,príj.od BB,smc,Ľ Lidl,ČS Shell;;48.805859;19.626284
60946;24;Banská Bystrica;Brezno;Brezno;Novomeského,V;zim.štadión,ČS,výjazd sm BB Lidl,ČS Shell;;48.805831;19.626425
60947;24;Banská Bystrica;Brezno;Brezno;Novomeského,O;vchod na zim.štad.smc,Ľ Tesco, ČS Shell,autob.zastávka;;48.805718;19.626957
60948;24;Banská Bystrica;Brezno;Brezno;Novomeského,O;vchod na zim.štad.sm BB Tesco, ČS Shell;;48.805718;19.626957
60949;24;Banská Bystrica;Brezno;Brezno;Novomeského,3-panel;zim.štad.,príj.od BB,smc,Ľ Tesco, ČS Shell;;48.805437;19.628337
60950;24;Banská Bystrica;Brezno;Brezno;Novomeského,3-panel;zim.štadión,výjazd sm BB Tesco, ČS Shell;;48.8054;19.628566
60951;24;Banská Bystrica;Brezno;Brezno;Novomeského,3-panel;zim.štadión,smNovomeského Tesco, ČS Shell;;48.805524;19.628502
60952;24;Banská Bystrica;Brezno;Brezno;čs.armády,O;zim.štadión,Tesco,sm čs.arm.,1 lekáreň;;48.806373;19.628553
60953;24;Banská Bystrica;Brezno;Brezno;čs.armády,O;zim.štadión,Tesco,sm čs.arm.,2 lekáreň;;48.80638;19.628708
60954;24;Banská Bystrica;Brezno;Brezno;čs.armády,O;zim.štadión,Tesco,sm Novom.,1 lekáreň;;48.80638;19.628708
60955;24;Banská Bystrica;Brezno;Brezno;čs.armády,O;zim.štadión,Tesco,sm Novom.,2 lekáreň;;48.806373;19.628553
60956;24;Banská Bystrica;Brezno;Brezno;čs.armády,J;medzi Tesco a futb.štad.,smc,1 lekáreň;;48.807191;19.629162
60957;24;Banská Bystrica;Brezno;Brezno;čs.armády,J;medzi Tesco a futb.štad.,smc,2 lekáreň;;48.807122;19.629169
60958;24;Banská Bystrica;Brezno;Brezno;čs.armády,J;medzi Tesco a futb.štad.,smc,3 lekáreň;;48.807065;19.629175
60959;24;Banská Bystrica;Brezno;Brezno;čs.armády,J;medzi Tesco a futb.štad.,smc,4 lekáreň;;48.807008;19.629181
60960;24;Banská Bystrica;Rimavská Sobota;Rimavská Sobota;Železničná-ŽSR/SAD,O;križ,bližšie k SAD,od ŽSR Milk Agro potraviny;;48.384494;20.028243
60961;24;Banská Bystrica;Rimavská Sobota;Rimavská Sobota;Železničná-ŽSR/SAD,O;križ,bližšie k SAD,od reštaurá Milk Agro potraviny;;48.384494;20.028243
60962;24;Banská Bystrica;Rimavská Sobota;Rimavská Sobota;Železničná-ŽSR/SAD,O;križ,bližšie k ŽSR,od reštaurá Milk Agro potraviny;;48.384569;20.028115
60963;24;Banská Bystrica;Rimavská Sobota;Rimavská Sobota;Železničná-ŽSR/SAD,O;križ,bližšie k ŽSR,od ŽSR Milk Agro potraviny;;48.384569;20.028115
60966;24;Banská Bystrica;Banská Bystrica;Banská Bystrica;Tatranská/sídl.Sásová,O;SOU poľnohosp.,sm Sásová,Ľ,1 OKTAN ČS;;48.753155;19.173788
60967;24;Banská Bystrica;Banská Bystrica;Banská Bystrica;Tatranská/sídl.Sásová,O;SOU poľnohosp.,smc,1 OKTAN ČS;;48.753155;19.173788
60968;24;Banská Bystrica;Banská Bystrica;Banská Bystrica;Rudohorská/Starohorská,O;pri nákup.centrách,smc,Ľ,1;;48.757809;19.166807
60969;24;Banská Bystrica;Banská Bystrica;Banská Bystrica;Rudohorská/Starohorská,O;pri nákup.centrách,sm Sásová,1;;48.757809;19.166807
60972;24;Banská Bystrica;Banská Bystrica;Banská Bystrica;29 augusta/kruh.objazd,O;oproti Žel.stanici,Kaufland, SLSP;;48.735874;19.163147
60973;24;Banská Bystrica;Banská Bystrica;Banská Bystrica;29 augusta/kruh.objazd,O;oproti ŽS,Kaufland,od nástupíš SLSP;;48.735874;19.163147
60974;24;Banská Bystrica;Banská Bystrica;Banská Bystrica;Mádežnícka,J;križ,oproti katolíc.kostolu;;48.726817;19.12161
60980;24;Banská Bystrica;Žiar n/Hronom;Žiar n/Hronom-Ladom.Vieska;E-571/KE-ZV-BA,Ladom.Vieska,V;ČOV,výj.sm BA,1,Ľ škoda,citroen,woodcote;;48.576988;18.871676
60981;24;Banská Bystrica;Žiar n/Hronom;Žiar n/Hronom-Ladom.Vieska;E-571/BA-ZV-KE,Ladom.Vieska,V;ČOV,príj.od BA,1 škoda,citroen,woodcote;;48.576884;18.871571
60982;24;Banská Bystrica;Žiar n/Hronom;Žiar n/Hronom-Ladom.Vieska;E-571/KE-ZV-BA,Ladom.Vieska,V;ČOV,výj.sm BA,3,Ľ škoda,citroen,woodcote;;48.576229;18.871101
60983;24;Banská Bystrica;Žiar n/Hronom;Žiar n/Hronom-Ladom.Vieska;E-571/BA-ZV-KE,Ladom.Vieska,V;ČOV,príj.od BA,3 škoda,citroen,woodcote;;48.576143;18.87099
60984;24;Banská Bystrica;Žiar n/Hronom;Žiar n/Hronom-Ladom.Vieska;E-571/KE-ZV-BA,Ladom.Vieska,V;ČOV,výj.sm BA,2,Ľ škoda,citroen,woodcote;;48.576608;18.87141
60985;24;Banská Bystrica;Žiar n/Hronom;Žiar n/Hronom-Ladom.Vieska;E-571/BA-ZV-KE,Ladom.Vieska,V;ČOV,príj.od BA,2 škoda,citroen,woodcote;;48.576477;18.871322
60986;24;Banská Bystrica;Žiar n/Hronom;Žiar n/Hronom;E-571/BA-ZV-KE,Ladom.Vieska,J;rázcestie,3;;48.578824;18.873234
61004;24;Trenčín;Prievidza;Prievidza;Olympionikov/Bojnická cesta,O;pri McDonalde,šport.hala,smMc1 ČS Shell;;48.777095;18.602022
61005;24;Trenčín;Prievidza;Prievidza;Olympionikov/Bojnická cesta,O;pri McDonalde,šport.hala,smc,2 ČS Shell;;48.777095;18.602022
61006;24;Trenčín;Prievidza;Prievidza;Nábrežná/Tesco-Okay,O;parkov,od KiNEKUS,1 Kaufland 100m, ČS Shell, SOU;;48.77737;18.606729
61007;24;Trenčín;Prievidza;Prievidza;Nábrežná/Tesco-Okay,O;parkov,od KiNEKUS,2 Kaufland 100m, ČS Shell, SOU;;48.777335;18.606941
61008;24;Trenčín;Prievidza;Prievidza;Nábrežná/Tesco-Okay,O;parkov,od Tesca,1 Kaufland 100m, ČS Shell, SOU;;48.777332;18.606978
61009;24;Trenčín;Prievidza;Prievidza;Nábrežná/Tesco-Okay,O;parkov,od Tesca,2 Kaufland 100m, ČS Shell, SOU;;48.777367;18.606765
61012;24;Žilina;Tvrdošín;Tvrdošín;E-77,Poľsko-Dolný Kubín,J;centr,Lidl,parkov,sm DK,Ľ,1;;49.332724;19.5539
61013;24;Žilina;Tvrdošín;Tvrdošín;E-77,Poľsko-Dolný Kubín,J;centr,Lidl,parkov,sm DK,Ľ,2;;49.332647;19.554014
61014;24;Žilina;Tvrdošín;Tvrdošín;E-77,Poľsko-Dolný Kubín,J;centr,Lidl,parkov,sm DK,Ľ,3;;49.332582;19.55411
61015;24;Žilina;Tvrdošín;Tvrdošín;E-77,Dolný Kubín-Poľsko,O;výj.sm Trstená/CLO Poľsko,Ľ;;49.341327;19.562794
61016;24;Žilina;Tvrdošín;Tvrdošín;E-77,Poľsko-Dolný Kubín,O;príj.od Trstená/CLO Poľsko,smc;;49.341327;19.562794
61026;24;Žilina;Martin;Martin;I/18,ŽA-RK,O;ČS Slovnaft,sm RK,Ľ;;49.094415;18.943548
61027;24;Žilina;Martin;Martin;I/18,RK-ŽA,O;ČS Slovnaft,sm MT,ŽA;;49.094415;18.943548
61028;24;Žilina;Martin;Martin;I/18,RK-ŽA,O;ČS Slovnaft,sm MT,ŽA,Ľ;;49.094285;18.943591
61029;24;Žilina;Martin;Martin;I/18,ŽA-RK,O;ČS Slovnaft,sm RK;;49.094285;18.943591
61032;24;Trenčín;Prievidza;Nitrianske Pravno;ťah PB/ŽA-PD,Prievidzská,V;výjazd sm PD,Ľ;;48.862462;18.642907
61033;24;Trenčín;Prievidza;Nitrianske Pravno;ťah PB/ŽA-PD,Prievidzská,V;príjazd od Prievidze;;48.862462;18.642907
61044;24;Banská Bystrica;Zvolen;Zvolen;E-571/KE-ZV-BA,Lučenecká,V;oproti SOU drev,smc/BA,Ľ,1;;48.5670188;19.1488108
61045;24;Banská Bystrica;Zvolen;Zvolen;E-571/BA-ZV-KE,Lučenecká,V;oproti SOU drev,sm LC/KE,1;;48.5670188;19.1488108
61046;24;Banská Bystrica;Zvolen;Zvolen;E-571/KE-ZV-BA,Lučenecká,V;oproti SOU drev,smc/BA,Ľ,2;;48.5669265;19.1490142
61047;24;Banská Bystrica;Zvolen;Zvolen;E-571/BA-ZV-KE,Lučenecká,V;oproti SOU drev,sm LC/KE,2;;48.5669265;19.1490142
61048;24;Banská Bystrica;Zvolen;Zvolen;T.G.Masaryka/SAD,O;oproti VŠ-lesnícka,smSAD,Ľ Lidl;;48.5717837;19.1210156
61049;24;Banská Bystrica;Zvolen;Zvolen;T.G.Masaryka/SAD,O;oproti VŠ-lesnícka,smc Lidl;;48.5717837;19.1210156
60970;24;Banská Bystrica;Banská Bystrica;Banská Bystrica;29 augusta,O;oproti želez.stanici,od SLSP,Ľ Kaufland;;48.736665;19.162711
60971;24;Banská Bystrica;Banská Bystrica;Banská Bystrica;29 augusta,O;oproti Žel.stanici,SLSP,sm ZV Kaufland;;48.736665;19.162711
61070;24;Banská Bystrica;Zvolen;Zvolen;Hronská,O;príj.od E-77,gymnáz.,smc,Ľ,2 Kaufland;;48.574732;19.112574
61071;24;Banská Bystrica;Zvolen;Zvolen;Hronská,O;výj.sm E-77,gymnázium,2 Kaufland;;48.574732;19.112574
61074;24;Žilina;Dolný Kubín;Dlhá n/Oravou;E-77/Dolný Kubín-Tvrdošín,O;prejazd obcou,sm Tvrdošín, Zuberec;;49.266296;19.447431
61354;24;Žilina;Dolný Kubín;Dlhá n/Oravou;E-77/Tvrdošín-Dolný Kubín,O;prejazd obcou, smer Dolný Kubín,Ľ;;49.266296;19.447431
61079;24;Žilina;Tvrdošín;Habovka;cesta Zuberec-Podbiel,J;parkov Jednota,sm Podbiel;;49.270914;19.608316
61090;24;Žilina;Liptovský Mikuláš;Liptovský Hrádok;J.D.Matejovie,J;Nemocnica/parkovisko;;49.040927;19.725022
61091;24;Žilina;Liptovský Mikuláš;Liptovský Hrádok;J.D.Matejovie,O;parkov medzi OD a NsP,1 Nemocnica;;49.040962;19.721608
61092;24;Žilina;Liptovský Mikuláš;Liptovský Hrádok;J.D.Matejovie,O;parkov medzi OD a NsP,2 Nemocnica;;49.039814;19.720642
61093;24;Žilina;Liptovský Mikuláš;Liptovský Hrádok;J.D.Matejovie,O;parkov medzi OD a NsP,1,smc Nemocnica;;49.039144;19.721058
61094;24;Žilina;Liptovský Mikuláš;Liptovský Hrádok;J.D.Matejovie,O;parkov medzi OD a NsP,2,smc Nemocnica;;49.040749;19.721977
61095;24;Banská Bystrica;Zvolen;Zvolen;T.G.Masaryka/SAD,V;pred SAD,oproti Kaufland,1,Ľ Slovnaft ČS;;48.569922;19.112226
61096;24;Banská Bystrica;Zvolen;Zvolen;T.G.Masaryka/SAD,V;pred SAD,oproti Kaufland,1,smc Slovnaft ČS;;48.569983;19.11203
61097;24;Banská Bystrica;Zvolen;Zvolen;T.G.Masaryka/SAD,V;pred SAD,oproti Kaufland,2,Ľ Slovnaft ČS;;48.570192;19.111307
61098;24;Banská Bystrica;Zvolen;Zvolen;T.G.Masaryka/SAD,V;pred SAD,oproti Kaufland,2,smc Slovnaft ČS;;48.570253;19.11114
61115;24;Banská Bystrica;Zvolen;Zvolen;E-571/KE-ZV-BA,Lučenecká,O;pod zimným štadiónom,smBA,Ľ,1;;48.5668587;19.1197232
61116;24;Banská Bystrica;Zvolen;Zvolen;E-571/BA-ZV-KE,Lučenecká,O;pod zimným štadiónom,sm.cent 1;;48.5668587;19.1197232
61117;24;Banská Bystrica;Zvolen;Zvolen;E-571/KE-ZV-BA,Lučenecká,O;pod zimným štadiónom,smBA,Ľ,2;;48.5666858;19.1193279
61118;24;Banská Bystrica;Zvolen;Zvolen;E-571/BA-ZV-KE,Lučenecká,O;pod ZŠ,smer centrum, KE,2;;48.5666858;19.1193279
61119;24;Banská Bystrica;Zvolen;Zvolen;E-571/KE-ZV-BA,Lučenecká,O;pod zimným štadiónom,smBA,Ľ,3;;48.566796;19.120867
61120;24;Banská Bystrica;Zvolen;Zvolen;E-571/BA-ZV-KE,Lučenecká,O;pod zimným štad.smer centrum 3;;48.566711;19.120759
61121;24;Banská Bystrica;Zvolen;Zvolen;E-571/KE-ZV-BA,Lučenecká,O;pod zimným štadiónom,smBA,Ľ,4;;48.566682;19.120652
61122;24;Banská Bystrica;Zvolen;Zvolen;E-571/BA-ZV-KE,Lučenecká,O;pod zimným štadiónom,4 smer ZV, KE;;48.566711;19.120502
61123;24;Banská Bystrica;Lučenec;Lučenec-časť Fabianka;I/71,CLO MR-LC,O;príj.od Maď.,smc,Ľ,1;;48.321929;19.695651
61124;24;Banská Bystrica;Lučenec;Lučenec-časť Fabianka;I/71,LC-CLO MR,O;výj.sm Maď.,1;;48.321929;19.695651
61125;24;Banská Bystrica;Lučenec;Lučenec-časť Fabianka;I/71,CLO MR-LC,O;príj.od Maď.,smc,Ľ,2;;48.323913;19.694271
61126;24;Banská Bystrica;Lučenec;Lučenec-časť Fabianka;I/71,LC-CLO MR,O;výj.sm Maď.,2;;48.323913;19.694271
61127;24;Banská Bystrica;Lučenec;Lučenec-časť Fabianka;I/71,LC-CLO MR,O;výj.sm Maď.,jazdec.areál,Ľ,1;;48.326194;19.700287
61128;24;Banská Bystrica;Lučenec;Lučenec-časť Fabianka;I/71,CLO MR-LC,O;príj.od Maď.,jazdec.areál,1;;48.326181;19.70031
61129;24;Banská Bystrica;Lučenec;Lučenec-časť Fabianka;I/71,LC-CLO MR,O;výj.sm Maď.,jazdec.areál,Ľ,2;;48.32395;19.702422
61130;24;Banská Bystrica;Lučenec;Lučenec-časť Fabianka;I/71,CLO MR-LC,O;príj.od Maď.,jazdec.areál,2;;48.32395;19.702422
61135;24;Žilina;Tvrdošín;Trstená-Liesek;ťah Trstená-CLO PL,O;sm CLO PL/Suchá Hora,Ľ,2;;49.362742;19.6592
61136;24;Žilina;Tvrdošín;Trstená-Liesek;ťah CLO PL-Trstená,O;príj.od CLO PL/SucháHora,smc,1;;49.362692;19.659373
71476;24;Prešov;Poprad;Poprad;Štefánikova/Kežmarská,J;zimný štadión,oproti Tatravagónke,Ľ;;49.060768;20.312461
61142;24;Žilina;Námestovo;Rabča;ťah Námestovo-CLO PL,O;výj.smCLO PL/Such.Hora,Ľ;;49.5001679;19.4651142
61143;24;Žilina;Námestovo;Rabča;ťah CLO PL-Námestovo,O;príj.od CLO PL/Such.Hora,smNámestovo;;49.5001679;19.4651142
61144;24;Banská Bystrica;Žiar n/Hronom;Žiar n/Hronom;E-572/SNP,O;oproti ČS Shell,sm ZH,Ľ,1;;48.5817507;18.8665785
61145;24;Banská Bystrica;Žiar n/Hronom;Žiar n/Hronom;E-572/SNP,O;oproti ČS Shell,1 smer Ladomerská Vieska;;48.5817507;18.8665785
61146;24;Banská Bystrica;Žiar n/Hronom;Žiar n/Hronom;E-572/SNP,O;oproti ČS Shell,sm ZH,Ľ,2;;48.5820336;18.8662427
61147;24;Banská Bystrica;Žiar n/Hronom;Žiar n/Hronom;E-572/SNP,O;oproti ČS Shell,2, smer Ladomerská Vieska;;48.5820336;18.8662427
61153;24;Trenčín;Prievidza;Prievidza;Nábrežná/Tesco-Nay,J;od parkov-Tesco,Kaufland,1 ČS Shell, SOU;;48.77734;18.608103
61154;24;Trenčín;Prievidza;Prievidza;Nábrežná/Tesco-Nay,J;od parkov-Tesco,Kaufland,2 ČS Shell, SOU;;48.777318;18.608039
61155;24;Banská Bystrica;Banská Bystrica;Banská Bystrica;Námestie L.Svobodu,J;parkov,Roosveltova nemocnica,1;;48.745057;19.116301
61156;24;Banská Bystrica;Banská Bystrica;Banská Bystrica;Námestie L.Svobodu,J;parkov,Roosveltova nemocnica,2;;48.745144;19.11643
61157;24;Banská Bystrica;Banská Bystrica;Banská Bystrica;Hutná,J;parkov,všešportový areál,ČS Slovnaft ČS,plaváreň;;48.730545;19.13157
61158;24;Banská Bystrica;Banská Bystrica;Banská Bystrica;Okružná,O;Fončorda,areál ZŠ,Billa,smc,Ľ Fitnes centrum;;48.727231;19.125226
61159;24;Banská Bystrica;Banská Bystrica;Banská Bystrica;Okružná,O;Fončorda,areál ZŠ,Billa,smNová Fitnes centrum;;48.727231;19.125226
61166;24;Trenčín;Prievidza;Prievidza;Rastislavova,J;PRIOR,parkovisko,1 VUB,SLSP,základná škola;;48.770739;18.621268
61167;24;Trenčín;Prievidza;Prievidza;Rastislavova,J;PRIOR,parkovisko,2 VUB,SLSP,základná škola;;48.77075;18.621338
61168;24;Trenčín;Prievidza;Prievidza;Mariánska,O;parkov,od Mariánskej,1;;48.774115;18.625463
61169;24;Trenčín;Prievidza;Prievidza;Mariánska,O;parkov,od Mariánskej,2;;48.77413;18.625549
61170;24;Trenčín;Prievidza;Prievidza;Mariánska,O;parkov,od Vansovej,1;;48.77414;18.625559
61171;24;Trenčín;Prievidza;Prievidza;Mariánska,O;parkov,od Vansovej,2;;48.77413;18.625479
61172;24;Trenčín;Prievidza;Prievidza;Mariánska/Hviezdoslavova,O;park.Mariánska,od ulice,1;;48.774052;18.625726
61173;24;Trenčín;Prievidza;Prievidza;Mariánska/Hviezdoslavova,O;park.Mariánska,od ulice,2;;48.774066;18.625752
61174;24;Trenčín;Prievidza;Prievidza;Mariánska/Hviezdoslavova,O;park.Mariánska,z parkoviska,1;;48.77378;18.625527
61175;24;Trenčín;Prievidza;Prievidza;Mariánska/Hviezdoslavova,O;park.Mariánska,z parkoviska,2;;48.773765;18.625527
61176;24;Banská Bystrica;Banská Bystrica;Banská Bystrica;Na troskách,J;parkovisko pri Sberbank,1 Europa SCAllianz;;48.73173;19.138494
61177;24;Banská Bystrica;Banská Bystrica;Banská Bystrica;Na troskách,J;parkovisko pri Sberbank,4 Europa SCAllianz;;48.731706;19.138521
61179;24;Žilina;Liptovský Mikuláš;Liptovský Hrádok;Liptovský Peter,O;sm.Poprad-Tatry,Ľ;;49.055174;19.734299
61180;24;Žilina;Liptovský Mikuláš;Liptovský Hrádok;Liptovský Peter,O;sm.Liptovský Hrádok;;49.055174;19.734299
61181;24;Žilina;Liptovský Mikuláš;Liptovský Hrádok;Liptovský Peter,O;sm.Liptovský Hrádok,Ľ;;49.055138;19.734749
61182;24;Žilina;Liptovský Mikuláš;Liptovský Hrádok;Liptovský Peter,O;sm.Poprad-Tatry;;49.055138;19.734749
61183;24;Žilina;Martin;Martin;Jilemnického/Dúbravca,O;pri ČS Shell,smc,Ľ Billa,Kaufland,McDonalds;;49.090743;18.933302
61184;24;Žilina;Martin;Martin;Jilemnického/Dúbravca,O;pri ČS Shell,smZA,PP Billa,Kaufland,McDonalds;;49.090743;18.933302
61190;24;Žilina;Liptovský Mikuláš;Liptovský Hrádok;cesta I/18,J;smer PP ČS Slovnaft;;49.038366;19.729872
61191;24;Žilina;Dolný Kubín;Dolný Kubín;areál OC Kaufland,J;medzi OC Kaufland a OC Tesco,1 Lidl, PLANEO;;49.214825;19.298876
61192;24;Žilina;Dolný Kubín;Dolný Kubín;areál OC Kaufland,J;medzi OC Kaufland a OC Tesco,2 Lidl,PLANEO;;49.214927;19.29887
61193;24;Žilina;Dolný Kubín;Dolný Kubín;areál OC Kaufland,J;medzi OC Kaufland a OC Tesco,3 Lidl,PLANEO;;49.21499;19.298822
61194;24;Žilina;Dolný Kubín;Dolný Kubín;areál OC Kaufland,J;medzi OC Kaufland a OC Tesco,4 Lidl,PLANEO;;49.215088;19.298763
61195;24;Žilina;Dolný Kubín;Dolný Kubín;areál OC Kaufland,J;medzi OC Kaufland a OC Tesco,5 Lidl,PLANEO;;49.21519;19.298693
61196;24;Žilina;Dolný Kubín;Dolný Kubín;areál OC Kaufland,J;medzi OC Kaufland a OC Tesco,6 Lidl,PLANEO;;49.215316;19.298672
61197;24;Žilina;Žilina;Žilina-Teplička nad Váhom;II/583 ZA-Terchová,J;sm Terchová, závod KIA,;;49.225242;18.785688
61198;24;Žilina;Liptovský Mikuláš;Pribylina;cesta II/537,O;sm. Liptovský Peter,Ľ;;49.102083;19.797599
61199;24;Žilina;Liptovský Mikuláš;Pribylina;cesta II/537,O;sm. Vysoké Tatry;;49.102083;19.797599
61202;24;Žilina;Liptovský Mikuláš;Liptovský Mikuláš;Ráztocká, I/18,J;smer LM, Ľ Tatralandia, Liptov Aréna, Zoo;;49.096295;19.586949
61203;24;Žilina;Liptovský Mikuláš;Liptovský Mikuláš;Ráztocká, I/18,J;smer RK,Orava, Poľsko Tatralandia, Liptov Aréna, Zoo;;49.096527;19.586498
61204;24;Žilina;Liptovský Mikuláš;Liptovský Mikuláš;Podtatranského,J;smer PP,1 pri žel. stanici;;49.087098;19.62392
61205;24;Žilina;Liptovský Mikuláš;Liptovský Mikuláš;Podtatranského,J;smer PP,2 pri žel. stanici;;49.087098;19.62392
61210;24;Banská Bystrica;Zvolen;Zvolen-Kováčová;Kúpeľná,O;na otočke autobusov,od ulice,1 Holiday Park,kúpele;;48.606872;19.101775
61211;24;Banská Bystrica;Zvolen;Zvolen-Kováčová;Kúpeľná,O;na otočke autobusov,od ulice,2 Holiday Park,kúpele;;48.606872;19.101775
61212;24;Banská Bystrica;Zvolen;Zvolen-Kováčová;Kúpeľná,O;na otočke autobusov,do ulice,1 Holiday Park,kúpele;;48.606872;19.101775
61213;24;Banská Bystrica;Zvolen;Zvolen-Kováčová;Kúpeľná,O;na otočke autobusov,do ulice,2 Holiday Park,kúpele;;48.606872;19.101775
61222;24;Banská Bystrica;Revúca;Revúca;M. R. Štefánika,O;cesta II/532, sm Jelšava,Ľ OD Tesco, stavebniny;;48.677332;20.127274
61223;24;Banská Bystrica;Revúca;Revúca;M. R. Štefánika,O;cesta II/532, smc OD Tesco, stavebniny;;48.677332;20.127274
61224;24;Žilina;Ružomberok;Ružomberok;I/59,Bystrická;križovatka pri Mondi,1 OC CITY Market;;49.07684;19.31672
61225;24;Žilina;Ružomberok;Ružomberok;I/59,Bystrická;križovatka pri Mondi,2 OC CITY Market;;49.076864;19.316722
61226;24;Banská Bystrica;Brezno;Brezno;Rohozná, O;I/72,sm Tisovec, Ľ;;48.793217;19.717189
61227;24;Banská Bystrica;Brezno;Brezno;Rohozná, O;I/72,smer centrum;;48.793217;19.717189
61228;24;Banská Bystrica;Lučenec;Lučenec-Vidiná;Zvolenská,O;cesta III/2666,sm Lučenec, Ľ oproti Merkury Market;;48.345441;19.658465
61229;24;Banská Bystrica;Lučenec;Lučenec-Vidiná;Zvolenská,O;cesta III/2666,sm Vidiná oproti Merkury Market;;48.345441;19.658465
61234;24;Žilina;Čadca;Čadca;Staničná, J;SAD, železničná stanica;;49.444495;18.786391
61239;24;Žilina;Čadca;Čadca;Staničná,O;príjazd k SAD, ŽSR stanici,1 pri COOP Jednota;;49.44385;18.78685
61240;24;Žilina;Čadca;Čadca;Staničná,O;príjazd k SAD, ŽSR stanici,2 pri COOP Jednota;;49.44385;18.78685
61241;24;Žilina;Čadca;Čadca;Staničná,O;parkovisko SAD, ŽSR stanica,1 pri COOP Jednota;;49.44385;18.78685
61242;24;Žilina;Čadca;Čadca;Staničná,O;parkovisko SAD, ŽSR stanica,2 pri COOP Jednota;;49.44385;18.78685
61243;24;Banská Bystrica;Lučenec;Lovinobaňa;SNP,O;cesta I/16,sm KE,LC, Ľ;;48.447303;19.579035
61244;24;Banská Bystrica;Lučenec;Lovinobaňa;SNP,O;cesta I/16,sm ZV,BA;;48.447303;19.579035
61245;24;Žilina;Tvrdošín;Tvrdošín;Vojtaššákova;cesta I/59 sm. D.Kubín centrum;;49.335609;19.559161
61246;24;Žilina;Liptovský Mikuláš;Liptovský Hrádok;SNP,J;smer LM,stanica ŽSR, SAD,1 centrum, hotel Smrek;;49.03785;19.71955
61247;24;Banská Bystrica;Veľký Krtíš;Veľký Krtíš;Lučenská,J;Stred-Sever parkovisko;;48.212466;19.3463
61248;24;Banská Bystrica;Veľký Krtíš;Veľký Krtíš;Lučenská,J;Stred-Sever,Ľ sm Lučenec;;48.212323;19.34721
61251;24;Banská Bystrica;Veľký Krtíš;Veľký Krtíš;Novohradská,O;smer Lučenec,Ľ;;48.211338;19.356377
61252;24;Banská Bystrica;Veľký Krtíš;Veľký Krtíš;Novohradská,O;smer autobusová stanica;;48.211338;19.356377
61253;24;Banská Bystrica;Veľký Krtíš;Veľký Krtíš;Janka Kráľa,O;smer centrum VK,Ľ;;48.211788;19.334026
61254;24;Banská Bystrica;Veľký Krtíš;Veľký Krtíš;Janka Kráľa,O;smer Dudince,;;48.211788;19.334026
61290;24;Banská Bystrica;Rimavská Sobota;Rimavská Sobota-Bátka;E-571/KE-ZV-BA,O;Rožňava-Rim.Sobota,sm BA,oproti CS,Ľ,1;;48.380182;20.172997
61291;24;Banská Bystrica;Rimavská Sobota;Rimavská Sobota-Bátka;E-571/BA-ZV-KE,O;Rim.Sobota-Rožňava,sm KE,oproti CS,1;;48.380182;20.172997
61292;24;Banská Bystrica;Rimavská Sobota;Rimavská Sobota-Bátka;E-571/KE-ZV-BA,O;Rožňava-Rim.Sobota,sm BA,oproti futb.št.,Ľ,2;;48.380328;20.172194
61293;24;Banská Bystrica;Rimavská Sobota;Rimavská Sobota-Bátka;E-571/BA-ZV-KE,O;Rim.Sobota-Rožňava,sm KE,oproti futb.št.,2;;48.380328;20.172194
61295;24;Žilina;Dolný Kubín;Dolný Kubín-Veľký Bysterec;I/70,Zochova,O, 001b;príjazd z Veličnej do DK,Ľ 001b;;49.214453;19.2839
61296;24;Žilina;Dolný Kubín;Dolný Kubín-Veľký Bysterec;I/70,Zochova,O, 001a;výjazd z DK do Veličnej, 001a;;49.214453;19.2839
61297;24;Žilina;Dolný Kubín;Veličná;I/70,O, 002b;výjazd Veličnej na DK,Ľ 002b;;49.20876;19.257354
61298;24;Žilina;Dolný Kubín;Veličná;I/70,O, 002a;príjazd do Veličnej z DK, 002a;;49.20876;19.257354
61299;24;Žilina;Dolný Kubín;Veličná;I/70,O, 003b;príjazd z DK do Veličnej,Ľ 003b;;49.208561;19.257913
61300;24;Žilina;Dolný Kubín;Veličná;I/70,O, 003a;výjazd z Veličnej na DK, 003a;;49.208561;19.257913
61301;24;Žilina;Dolný Kubín;Veličná;I/70,J, 004;výjazd z Veličnej na DK, 004;;49.207437;19.251734
61302;24;Žilina;Dolný Kubín;Jasenová;E77,O, 002b;výjazd z RK do DK,Jasenová,Ľ,1 002b;;49.159091;19.295573
61303;24;Žilina;Dolný Kubín;Jasenová;E77,O, 001b;výjazd z RK do DK,Jasenová,Ľ,2 001b;;49.159091;19.295573
61304;24;Žilina;Dolný Kubín;Jasenová;E77,O, 001a;výjazd z DK do RK,Valaská Dubová,Ľ,2 001a;;49.159091;19.295573
61305;24;Žilina;Dolný Kubín;Jasenová;E77,O, 002a;výjazd z DK do RK,Valaská Dubová,Ľ,1 002a;;49.159091;19.295573
61306;24;Žilina;Dolný Kubín;Jasenová;E77,J, 003;výjazd z RK do DK,Ľ, odpočívadlo Brestová 003;;49.158995;19.295177
61307;24;Žilina;Dolný Kubín;Jasenová;E77,J, 004;výjazd z DK do RK, odpočívadlo Brestová, 004;;49.158592;19.294207
61308;24;Žilina;Tvrdošín;Trstená;I/59,O, 005b;príjazd z Tvrdošína do Trstenej,Ľ, Bepa Stavebniny 005b;;49.353103;19.587632
61309;24;Žilina;Tvrdošín;Trstená;I/59,O, 005a;výjazd z Trstenej do Tvrdošína, Bepa Stavebniny 005a;;49.353103;19.587632
61310;24;Žilina;Tvrdošín;Trstená;I/59,J, 006;výjazd z hran.prechodu, smer Trstená, 006;;49.39021;19.641051
61311;24;Žilina;Tvrdošín;Trstená;I/59,O, 007b;výjazd z Trstenej k hradničnému prechodu,Ľ, 007b;;49.399048;19.649528
61312;24;Žilina;Tvrdošín;Trstená;I/59,O, 007a;výjazd z hraničného prech.smer Trstená, 007a;;49.399048;19.649528
61313;24;Žilina;Tvrdošín;Trstená;I/59,O, 008b;výjazd z Trstenej k hraničnému prechodu,Ľ, 008b;;49.399753;19.650172
61314;24;Žilina;Tvrdošín;Trstená;I/59,O, 008a;výjazd z hraničného prechodu,Trstená, 008a;;49.399753;19.650172
61315;24;Žilina;Tvrdošín;Trstená;I/59,Krakovská,Benzinol,O, 009b;výjazd z Trstenej k hraničnému prechodu,Ľ 009b;;49.400116;19.650505
61316;24;Žilina;Tvrdošín;Trstená;I/59,Krakovská,Benzinol,O, 009a;výjazd z hraničného prech. smer Trstená, 009a;;49.400116;19.650505
61317;24;Žilina;Tvrdošín;Trstená;I/59,O, 010b;výjazd z Trstenej k hraničnému prechodu,Ľ, 010b;;49.401258;19.651567
61318;24;Žilina;Tvrdošín;Trstená;I/59,O, 010a;výjazd z hraničného prechodu,smer Trstená, 010a;;49.401258;19.651567
61320;24;Žilina;Tvrdošín;Čimhová;II/520,O, 002b;príjazd z hraničného prechodu do Trstenej,Ľ, 002b;;49.359817;19.710279
61321;24;Žilina;Tvrdošín;Čimhová;II/520,O, 002a;výjazd z Trstenej k hraničnému prechodu, 002a;;49.359817;19.710279
61322;24;Žilina;Tvrdošín;Vitanová;II/520,Hradská,O, 003;príjazd z hraničného prechodu do Trstenej, 1;;49.360948;19.724273
61323;24;Žilina;Tvrdošín;Vitanová;II/520,Hradská,O, 004;príjazd z hraničného prechodu do Trstenej, 2;;49.360948;19.724273
61324;24;Žilina;Dolný Kubín;Zázrivá;II/583,O, 001b;výjazd z Terchovej do DK,Ľ, 001b;;49.261823;19.151406
61325;24;Žilina;Dolný Kubín;Zázrivá;II/583,O, 001a;príjazd z DK do Zázrivej,sm Terchová 001a;;49.261823;19.151406
61326;24;Žilina;Dolný Kubín;Zázrivá;II/583,O, 002b;výjazd zo Zázrivej,sm od Terchovej do DK,Ľ 002b;;49.262296;19.151535
61327;24;Žilina;Dolný Kubín;Zázrivá;II/583,O, 002a;príjazd z DK do Zázrivej,sm Terchová, 002a;;49.262296;19.151535
61328;24;Žilina;Dolný Kubín;Zázrivá;II/583,O, 003b;výjazd z DK do Terchovej,Ľ 003b;;49.265505;19.108211
61329;24;Žilina;Dolný Kubín;Zázrivá;II/583,O, 003a;výjazd z Terchovej do DK, 003a;;49.265505;19.108211
61330;24;Žilina;Dolný Kubín;Zázrivá;II/583,O, 004b;výjazd z Dolného Kubína do Terchovej,Ľ 004b;;49.264974;19.10673
61331;24;Žilina;Dolný Kubín;Zázrivá;II/583,O, 004a;výjazd z Terchovej do DK, Zázrivej, 004a;;49.264974;19.10673
61332;24;Žilina;Dolný Kubín;Zázrivá;II/583,O, 005b;výjazd z DK do Terchovej,Ľ 005b;;49.264418;19.105142
61333;24;Žilina;Dolný Kubín;Zázrivá;II/583,O, 005a;výjazd z Terchovej do DK, Zázrivej 005a;;49.264418;19.105142
61334;24;Žilina;Žilina;Terchová;II/583,J, 006;výjazd z Terchovej,sm zo ZA do Zázrivej,Ľ 006;;49.256709;19.042779
61335;24;Žilina;Liptovský Mikuláš;Vyšná Boca;I/72,O, 001b;výjazd z LH k Čertovici,Ľ 001b;;48.931928;19.754623
61336;24;Žilina;Liptovský Mikuláš;Vyšná Boca;I/72,O, 001a;výjazd z Čertovice do LH, 001a;;48.931928;19.754623
61337;24;Žilina;Námestovo;Hruštín;I/78,O, 001b;ťah DK-Námestovo,Ľ 001b;;49.306549;19.353003
61338;24;Žilina;Námestovo;Hruštín;I/78,O, 001a;ťah Námestovo-DK, 001a;;49.306549;19.353003
61340;24;Žilina;Námestovo;Hruštín;I/78,O, 002a;ťah DK-Námestova, 002a;;49.314271;19.348454
61341;24;Žilina;Námestovo;Babín;I/78,O, 003b;výjazd z Hruštína,ťah DK - Námestovo,Ľ 003b;;49.328304;19.364444
61342;24;Žilina;Námestovo;Babín;I/78,O, 003a;príjazd do Hruštína,ťah Námestovo - DK, 003a;;49.328304;19.364444
61343;24;Žilina;Námestovo;Babín;I/78,O, 004b;výjazd z Hruštína, ťah DK - Námestovo,Ľ 004b;;49.328865;19.367243
61344;24;Žilina;Námestovo;Babín;I/78,O, 004a;výjazd z Babína,ťah Námestovo -DK, 004a;;49.328865;19.367243
61345;24;Žilina;Námestovo;Námestovo;I/78,O, 005b;výjazd z O.Jesenice, smer z DK do Námestova,Ľ 005b;;49.394784;19.454519
61346;24;Žilina;Námestovo;Námestovo;I/78,O, 005a;príjazd do O.Jesenice, smer z Námestova do DK, 005a;;49.394784;19.454519
61347;24;Žilina;Námestovo;Námestovo;I/78,O, 006b;výjazd z Námestova do Klina,Ľ, 006b;;49.421313;19.494618
61348;24;Žilina;Námestovo;Námestovo;I/78,O, 006a;príjazd z Klina do Námestova, 006a;;49.421313;19.494618
61349;24;Žilina;Námestovo;Rabča;I/78,O, 007b;výjazd z Rabče.smer z O.Polhora do Námestova,Ľ 007b;;49.462968;19.501571
61350;24;Žilina;Námestovo;Rabča;I/78,O, 007a;príjazd do Rabče,smer z Námestova do O.Polhory 007a;;49.462968;19.501571
61351;24;Žilina;Tvrdošín;Zuberec;II/584,Borová,O, 001b;príjazd do Zuberca, smer z LM do Zuberca,Ľ 001b;;49.257391;19.61212
61352;24;Žilina;Tvrdošín;Zuberec;II/584,Borová,O, 001a;výjazd zo Zuberca do LM, 001a;;49.257391;19.61212
61355;24;Banská Bystrica;Lučenec;Lučenec;Vajanského,O;výjazd z LC,smer V.Krtíš,SPP,ČS,Ľ,1;;48.315798;19.669213
61356;24;Banská Bystrica;Lučenec;Lučenec;Vajanského,O;výjazd z LC,smer V.Krtíš,SPP,ČS,Ľ,2;;48.315817;19.668868
61357;24;Žilina;Ružomberok;Ružomberok;Stará mlynská,O;OC ADRIA,TESCO,park.,1.Ľ;;49.080681;19.306151
61358;24;Žilina;Ružomberok;Ružomberok;Stará mlynská,O;OC ADRIA,TESCO,park.,2.Ľ;;49.08068;19.306106
61359;24;Žilina;Ružomberok;Ružomberok;Stará mlynská,O;OC ADRIA,TESCO,park.,3.Ľ;;49.080683;19.306052
61360;24;Žilina;Ružomberok;Ružomberok;Stará mlynská,O;OC ADRIA,TESCO,park.,1.;;49.080683;19.306052
61361;24;Žilina;Ružomberok;Ružomberok;Stará mlynská,O;OC ADRIA,TESCO,park.,2.;;49.08068;19.306106
61362;24;Žilina;Ružomberok;Ružomberok;Stará mlynská,O;OC ADRIA,TESCO,park.,3;;49.080681;19.306151
70002;24;Košice;Košice;Košice-Barca;E-71/Južná trieda/Hečkova,V;príj.od Maď,ČS Slovnaft,smc,Ľ;;48.675248;21.269386
70003;24;Košice;Košice;Košice-Barca;E-71/Južná trieda/Hečkova,V;výj.na Maď,ČS Slovnaft,sm Maď.;;48.67543;21.269373
70006;24;Košice;Košice;Košice-Juh;Južná trieda/Jantárová;firma Cezema,križ,1 ČS SlovnaftŽSR malá stanica;;48.704464;21.263177
70007;24;Košice;Košice;Košice-Juh;Južná trieda/Jantárová;firma Cezema,križ,2 ČS SlovnaftŽSR malá stanica;;48.704432;21.262885
70008;24;Košice;Košice;Košice-Juh;Južná trieda/Jantárová;firma Cezema,križ,3 ČS SlovnaftŽSR malá stanica;;48.704425;21.262644
70022;24;Košice;Košice;Košice-Juh;Jantárová,J;hotel Strojár,OD Kerimax,križ ČS OMV,Slovnaft,;;48.704137;21.260509
70037;24;Košice;Košice;Košice-Západ;Popradská/Bardejovská;Kaufland,garáž,smc;;48.702129;21.2344
70048;24;Košice;Košice;Košice-Luník IX.;tr.KVP,O;sm letisko/RV,Ľ;;48.698682;21.226058
70049;24;Košice;Košice;Košice-Luník IX.;tr.KVP,O;smc/sídl.KVP;;48.698682;21.22606
70050;24;Košice;Košice;Košice-Západ;tr.KVP/Popradská,O;jazdecký areál,smc/tr.SNP,Ľ;;48.72142;21.224926
70051;24;Košice;Košice;Košice-Západ;tr.KVP/Popradská,O;jazdecký areál,sm sídl.KVP;;48.72142;21.224926
70052;24;Košice;Košice;Košice-Západ;Toryská/Ružová,V;križ,piváreň U zajaca,smc,Ľ OC Galéria;;48.714319;21.242179
70053;24;Košice;Košice;Košice-Západ;Toryská/Ružová,V;križ,pivár U zajaca,sm tr.SNP OC Galéria;;48.714305;21.242456
70054;24;Košice;Košice;Košice-Západ;Vojenská;internáty,business centrum;;48.719601;21.245118
70057;24;Košice;Košice;Košice-Nad jazerom;Slanecká,O;smc,Mitsubishi,colný sklad,Ľ;;48.673865;21.301259
70058;24;Košice;Košice;Košice-Nad jazerom;Slanecká,O;Mitsubishi,colný skl.,sm Sl.N.;;48.673865;21.301259
70062;24;Košice;Košice;Košice-Pereš;E-571/ZV-RV-KE,odb.na letis,J;príj.od ZV/RV,smc,Ľ;;48.683074;21.215829
70067;24;Košice;Košice;Košice-Sever;Watsonova,J;OU,OA,objazd sm Prešov,1;;48.730505;21.240063
70068;24;Košice;Košice;Košice-Sever;Watsonova,J;OU,OA,objazd sm Prešov,2;;48.730306;21.240251
70077;24;Košice;Košice;Košice-sídlisko Ťahanovce;Hlinkova/Hypmark Tesco,O;ČS Benzin.,sm PO/sídl.Darg.h,Ľ;;48.742656;21.26485
70078;24;Košice;Košice;Košice-sídlisko Ťahanovce;Hlinkova/Hypmark Tesco,O;ČS Benzin.,smc;;48.742656;21.26485
70079;24;Košice;Košice;Košice-sídlisko Ťahanovce;Americká,O;METRO,sm sídlisko,Ľ;;48.754336;21.266534
70080;24;Košice;Košice;Košice-sídlisko Ťahanovce;Americká,O;METRO,smc;;48.754336;21.266534
70089;24;Košice;Košice;Košice-Šaca;E-571/ZV-RV-KE,Ľ;rešt.U námorníka,auto-moto,1 smer centrum;;48.628434;21.164915
70090;24;Košice;Košice;Košice-Šaca;E-571/ZV-RV-KE,Ľ;rešt.U námorníka,auto-moto,2 smer centrum;;48.628346;21.165025
70091;24;Košice;Košice;Košice-Šebastovce;E-71/Šebastovská,O;výp.na Maď.,hotel Šebastovce,Ľ;;48.65732;21.270988
70092;24;Košice;Košice;Košice-Šebastovce;E-71/Šebastovská,O;príj.od Maď.,hotel Šebastovce;;48.65732;21.270988
70095;24;Košice;Košice;Košice-Vyšné Opátske;Južné nábrežie,O;2xČS,objazd,sm E-71,2, Ľ;;48.707121;21.279756
70096;24;Košice;Košice;Košice-Vyšné Opátske;Južné nábrežie,O;2xČS,objazd,smc/PO,1;;48.707121;21.279756
70097;24;Košice;Košice;Košice-Sever;Festivalové nám.,J;kruh.obj.,ČS Slovn.,amfiteáter;;48.727582;21.239937
70099;24;Košice;Košice;Košice-Dargovských hrdinov;E-50/Sečovská,J;ČS Oktan,príj.od MI,smc,1;;48.723914;21.289608
70100;24;Košice;Košice;Košice-Dargovských hrdinov;E-50/Sečovská,J;ČS Oktan,príj.od MI,smc,2;;48.721981;21.291553
70101;24;Košice;Košice;Košice-Dargovských hrdinov;tr.arm.gen.L.Svobodu,O;autobazár,smc/PO/E-50 Tesco,NAY,OBI,Tatrabanka;;48.742864;21.272968
70102;24;Košice;Košice;Košice-Dargovských hrdinov;tr.arm.gen.L.Svobodu,O;autobazár,sm sídlisko/MI,Ľ Tesco,NAY,OBI,Tatrabanka;;48.742864;21.272968
70104;24;Košice;Košice;Košice-Dargovských hrdinov;E-50/Sečovská/Nižná úvrať,J;príj.od MI,sm KE/Niž.úvrať;;48.726882;21.280803
70105;24;Košice;Košice;Košice-Dargovských hrdinov;Prešovská,príj.od E-50,V;ČS OMV,smer KE,Ľ Tesco, NAY, OBI,Tatrabanka;;48.737636;21.273636
70106;24;Košice;Košice;Košice-Dargovských hrdinov;Prešovská,príj.od E-50,V;ČS,OMV,OBI,smer PO Tesco, NAY,Tatrabanka;;48.737408;21.27367
70111;24;Košice;Košice;Košice-Dargovských hrdinov;tr.arm.gen.L.Svobodu/Kurská,J;v zákrute,smer sídl.,1,Ľ Tesco,NAY,OBI,Tatrabanka;;48.743942;21.27419
70112;24;Košice;Košice;Košice-Dargovských hrdinov;tr.arm.gen.L.Svobodu/Kurská,J;v zákrute,sm KE/PO,2 Tesco,NAY,OBI,Tatrabanka;;48.744;21.274602
70113;24;Košice;Košice;Košice-Dargovských hrdinov;Sečovská/Herlianska/Svobodu,3P;ČS Slovnaft,od gen.Svobodu,1,Ľ škola;;48.729228;21.291354
70114;24;Košice;Košice;Košice-Dargovských hrdinov;Sečovská/Herlianska/Svobodu,3P;ČS Slovnaft,od Sečovsk.,sm MI/UK škola;;48.729117;21.291482
70115;24;Košice;Košice;Košice-Dargovských hrdinov;Sečovská/Herlianska/Svobodu,3P;ČS Slovnaft,od Herlianskej,sm KE škola;;48.729278;21.291524
70116;24;Košice;Košice;Košice-Dargovských hrdinov;tr.arm.gen.Svobodu/Benadova,V;OD Ondava,LIDL,smc/PO,Ľ poliklinika,pošta;;48.739584;21.280861
70117;24;Košice;Košice;Košice-Dargovských hrdinov;tr.arm.gen.Svobodu/Benadova,V;OD Ondava,LIDL,smer MI poliklinika,pošta;;48.739767;21.280848
70120;24;Košice;Košice;Košice-Dargovských hrdinov;Hlinkova/tr.arm.gen.Svobodu,J;príj.z centra/od HMTesco,1 NAY,OBI,Tatrabanka;;48.742571;21.273425
70121;24;Košice;Košice;Košice-Dargovských hrdinov;Hlinkova/tr.arm.gen.Svobodu,J;príj.z centra/od HMTesco,2 NAY,OBI,Tatrabanka;;48.742434;21.273452
70122;24;Košice;Košice;Košice-Dargovských hrdinov;Hlinkova/tr.arm.gen.Svobodu,J;príj.z centra/od HMTesco,3 NAY,OBI,Tatrabanka;;48.742265;21.273533
70128;24;Prešov;Prešov;Prešov;Slovenská;centrum,Allianz,parkovisko1 úrad práce;;48.999682;21.24227
70129;24;Prešov;Prešov;Prešov;Slovenská;centrum,Allianz,parkovisko2 úrad práce;;48.999682;21.24227
70136;24;Prešov;Prešov;Prešov;17.novembra,O;objazd mesta,areál VŠ,sm PP,Ľ;;48.987265;21.237568
70137;24;Prešov;Prešov;Prešov;17.novembra,O;objazd mesta,areál VŠ,sm KE;;48.987265;21.237568
70143;24;Prešov;Prešov;Prešov;E-50/PO-KE,Petrovan/ČS Shell,O;výj.sm KE,servis VW,Ľ Auto Alles;;48.956344;21.262274
70144;24;Prešov;Prešov;Prešov;E-50/KE-PO,Petrovan/ČS Shell,O;servis VW,od ČS Auto Alles;;48.956344;21.262274
70145;24;Prešov;Prešov;Prešov;E-371/PO-SK/MI/BJ,Vranovská;križovatka,Jednota,1 nákupné stredisko,;;49.022323;21.27932
70146;24;Prešov;Prešov;Prešov;E-371/PO-SK/MI/BJ,Vranovská;križovatka,Jednota,2 nákupné stredisko;;49.022188;21.279016
70147;24;Prešov;Prešov;Prešov;E-371/PO-SK/MI/BJ,Vranovská;križovatka,Jednota,3 nákupné stredisko;;49.022093;21.278884
70149;24;Prešov;Prešov;Prešov;Východná/NsP;križovatka od Sekčova;;48.990037;21.250732
70156;24;Prešov;Prešov;Prešov;Škultétyho/Budovateľská;blízko centr,vyskošk.intern.1 začiatok priemyselnej zony;;48.986923;21.243188
70164;24;Prešov;Prešov;Prešov-Ľubotice;objazd KE-PO-SK/BJ,O;Hinrichs,smBJ/SK,2,Ľ smer priemyselná zona;;49.006483;21.264898
70165;24;Prešov;Prešov;Prešov-Ľubotice;objazd SK/BJ-PO-KE,O;smer Sekčov,MAX,2;;49.006471;21.264881
70166;24;Prešov;Prešov;Prešov-Ľubotice;objazd KE-PO-SK/BJ,O;Hinrichs,smBJ/SK,3,Ľ smer priemyselná zona;;49.011038;21.265791
70167;24;Prešov;Prešov;Prešov-Ľubotice;objazd SK/BJ-PO-KE,O;smer Sekčov,MAX,3;;49.011038;21.265791
70168;24;Prešov;Prešov;Prešov-Ľubotice;objazd KE-PO-SK/BJ,sm SK/BJ,J;zast.MHD,za odb.do Ľubotíc autobazár;;49.013318;21.267416
70169;24;Prešov;Prešov;Prešov-Ľubotice;objazd KE-PO-SK/BJ,sm SK/BJ,J;pred výj.na Bardejovskú ul. autobazár;;49.016217;21.270618
70170;24;Prešov;Prešov;Prešov-Ľubotice;odbočka z Bardejovskej,J;sm sídl.Sekčov,vľavo smer MAX;;49.015696;21.270029
70171;24;Prešov;Prešov;Prešov-Ľubotice;odbočka z Bardejovskej,J;smer centrum,vpravo smer MAX;;49.014824;21.268821
70172;24;Prešov;Prešov;Prešov-Ľubotice;spoj.E-50/E-371,Bardejovská,O;sm SK/MI/BJ,Ľ autobazár,domáce centrum-voda,plyn,kurenie;;49.016254;21.269607
70173;24;Prešov;Prešov;Prešov-Ľubotice;spoj.E-50/E-371,Bardejovská,O;príj.od SK/MI/BJ,sm PO/centr;;49.016254;21.269607
70175;24;Prešov;Prešov;Prešov-Ľubotice;spoj.E-50/E-371,Bardejovská,V;výj.sm SK/MI/BJ,pred nadj.,Ľ;;49.013381;21.263848
70176;24;Prešov;Prešov;Prešov-Ľubotice;spoj.E-50/E-371,Bardejovská,V;príj.od SK/MI/BJ,smc vjazd do priemyselnej zony;;49.013443;21.264035
70181;24;Prešov;Bardejov;Bardejov;Partizánska/Mlynská/Gorkého,J;križ,šport.hala,trhovisko,1,Ľ;;49.292921;21.268469
70182;24;Prešov;Bardejov;Bardejov;Partizánska/Mlynská/Gorkého,J;križ,šport.hala,trhovisko,2,Ľ;;49.292749;21.268464
70183;24;Prešov;Bardejov;Bardejov;Duklianska/Lidl,J;križovatka,smer kúpele,1,Ľ Stop shop-JYSK,OKAY,DM Drogerie;;49.302507;21.283025
70184;24;Prešov;Bardejov;Bardejov;Duklianska/Lidl,J;križovatka,smer kúpele,2,Ľ Stop Shop-JYSK,OKAY,DM Drogerie;;49.302387;21.283208
70194;24;Prešov;Svidník;Giraltovce;E-371,Prešov-Dukla/CLO Poľ;príj.od PO,sm CLO Poľ,Ľ;;49.116737;21.516525
70195;24;Prešov;Vranov n/Topľou;Hanušovce n/Topľou;I/18,VT-PO,Kukorelliho,J;ČS Slovnaft,sm PO,Ľ pneuservis;;49.029188;21.515109
70203;24;Prešov;Humenné;Humenné;Humenné-Medzilaborce,O;Základ.škola,Ľvýjazd na ML,ihrisko,škôlka,Ford;;48.936134;21.919674
70204;24;Prešov;Humenné;Humenné;Medzilaborce-Humenné,O;príjazd od ML,smer centrum,Základná škola,ihrisko,škôlka,Ford;;48.936154;21.919697
70205;24;Prešov;Prešov;Chminianska Nová Ves;E-50,Prešov-Poprad,O;sm Poprad,zast.SAD,Ľ stavebniny;;49.00191;21.090437
70206;24;Prešov;Prešov;Chminianska Nová Ves;E-50,Poprad-Prešov,O;sm Prešov,zast.SAD stavebniny;;49.00191;21.090437
70217;24;Košice;Sobrance;Krčava;E-50,CLO Ukrajina-MI/KE,J;centr,sm MI/KE;;48.67891;22.247245
70218;24;Prešov;Levoča;Levoča;stanica SAD a ŽSR,O;od príjazdu k ŽSR,Billa LIDL;;49.01895;20.586409
70219;24;Prešov;Levoča;Levoča;stanica SAD a ŽSR,O;od nástupiští SAD,Billa LIDL;;49.01895;20.586409
70221;24;Prešov;Levoča;Levoča;E-50,PP-PO;križ,oplot.domu,sm Prešov,1,Ľ kruhový objazd,BILLA,LIDL;;49.02136;20.584449
70222;24;Prešov;Levoča;Levoča;E-50,PP-PO;križ,oplot.domu,smer centrum,2 kruhový objazd,BILLA,LIDL;;49.021348;20.584745
70223;24;Prešov;Levoča;Levoča;E-50,PP-PO;križ,oplot.domu,sm Prešov,4,Ľ kruhový objazd,BILLA,LIDL;;49.021346;20.585007
70224;24;Prešov;Levoča;Levoča;E-50,PP-PO;križ,oplot.domu,sm Prešov,5,Ľ kruhový objazd,BILLA,LIDL;;49.021345;20.585285
70227;24;Prešov;Prešov;Lipníky;E-371/PO-CLO Poľ/MI;č.d.76,smer Poľsko/MI,Ľ;;49.050302;21.397803
70228;24;Prešov;Medzilaborce;Medzilaborce;Dobrianskeho,V;príj.od Humenn,neďal.ŽSR,smc,Ľ;;49.265912;21.902649
70229;24;Prešov;Medzilaborce;Medzilaborce;Dobrianskeho,V;výj.sm Humenné,neďal.ŽSR;;49.265912;21.902649
70240;24;Prešov;Vranov n/Topľou;Nižný Hrabovec;I/18,MI-VT/PO,V;žel.nadjazd,Bukóza,sm VT/PO,Ľ;;48.850522;21.741006
70241;24;Prešov;Vranov n/Topľou;Nižný Hrabovec;I/18,VT/PO-MI,V;žel.nadjazd,Bukóza,sm MI;;48.851041;21.734738
70242;24;Košice;Rožňava;Plešivec;E-571/RS-KE/stanica SAD,O;nástupištia,križ,sm RV;;48.548808;20.406225
70243;24;Košice;Rožňava;Plešivec;E-571/KE-RS/stanica SAD,O;nástupištia,križ,sm RS,Ľ;;48.548783;20.406225
70247;24;Prešov;Poprad;Poprad;I/67,PP-KK,Štefánikova/Vagónka;výjazd smer Kežmarok,1 zimný štadion,ČS Oktan;;49.061892;20.315496
70248;24;Prešov;Poprad;Poprad;I/67,PP-KK,Štefánikova/Vagónka;príjazd od Kežmarku,2 zimný štadion,ČS Oktan;;49.061769;20.315246
70249;24;Prešov;Poprad;Poprad;I/67,PP-KK,Štefánikova/Vagónka;výjazd smer Kežmarok,3 zimný štadion,ČS Oktan;;49.061656;20.315012
70250;24;Prešov;Poprad;Poprad;I/67,PP-KK,Štefánikova/Vagónka;výjazd smer Kežmarok,4 zimný štadion,ČS Oktan;;49.06148;20.314609
70257;24;Košice;Gelnica;Prakovce;Rožňava-Gelnica;zast.ŽSR/SAD,sm Gelnica/SN;;48.813814;20.909666
70258;24;Prešov;Bardejov;Raslavice;Hlavná/parčík,J;VÚB,polícia,sm Prešov;;49.146832;21.316316
70259;24;Prešov;Bardejov;Raslavice;Hlavná/nákup.stredisko,J;parkov,zast.SAD,sm Bardejov,Ľ;;49.151031;21.311491
70260;24;Košice;Rožňava;Rožňava;stanica SAD/Zelen.stromu,O;DU,Tesco,smer Billa,Ľ;;48.659944;20.534406
70261;24;Košice;Rožňava;Rožňava;stanica SAD/Zelen.stromu,O;smc/DU, Tesco;;48.659956;20.534369
70267;24;Prešov;Sabinov;Sabinov;I/68,PO-St.Ľubov,V;príj.od PO,smc/St.Ľubovňa,Ľ;;49.096399;21.108333
70268;24;Prešov;Sabinov;Sabinov;I/68,St.Ľubov-PO,V;výj.sm PO;;49.09645;21.108174
70269;24;Prešov;Sabinov;Sabinov;I/68,PO-St.Ľubov,Murgašova,J;centr,hotel,príj.k SAD/ŽSR,Ľ;;49.104067;21.092181
70282;24;Prešov;Snina;Snina;stanica SAD,J;nástupištia,sm CLO Ukrajina;;48.986447;22.149754
70284;24;Prešov;Vranov n/Topľou;Soľ;I/18,Vranov-Prešov;oplotenie PD,sm Prešov,Ľ;;48.9216;21.60224
70287;24;Košice;Spišská Nová Ves;Spišská Nová Ves;centrum,Školská,J;2,nákupné centrum,parkov 101 drogerie, Univerzita Konštantína Filozofa,COOP Jednota;;48.946617;20.564719
70288;24;Košice;Spišská Nová Ves;Spišská Nová Ves;Štefánikovo nám,J;centr,parkov,SLSP,Okresný úrad lekáreň,Nemocnica;;48.947097;20.560946
70290;24;Prešov;Levoča;Spišské Podhradie;Štefánikova,O;centrum,parkov,rešt,sm SNV,Ľ Coop jednota,Nábytok;;48.995016;20.752871
70291;24;Prešov;Levoča;Spišské Podhradie;Štefánikova,O;centr,OÚ,parkov,rešt,sm KE COOP Jednota,Nábytok;;48.995016;20.752871
70292;24;Prešov;Stará Ľubovňa;Stará Ľubovňa;Jarmočná;príj.od PO,rešt,Daň.úrad,smc;;49.30112;20.693576
70294;24;Prešov;Stará Ľubovňa;Stará Ľubovňa;I/68,PP-CLO Poľ/Poľská;výj.sm KK/PP/CLO Poľ,ČS,rešt,Ľ;;49.309788;20.682907
70298;24;Prešov;Stropkov;Stropkov;Hviezdoslavova/Hlavná;príjazd,SAD,smer centrum,1 Tesco.Lidl,Nemocnica;;49.1977;21.653391
70299;24;Prešov;Stropkov;Stropkov;Hviezdoslavova/Hlavná;príjazd,SAD,smer centrum,2 Tesco, Lidl,Nemocnica;;49.197638;21.653657
70300;24;Prešov;Stropkov;Stropkov;Šarišská/jazdecký areál,J;príj.od Svidníka,smc,Ľ ZOO;;49.211113;21.647761
70308;24;Prešov;Prešov;Prešov-Svinia;E-50,Poprad-Prešov,O;sm Prešov,zast.SAD,Ľ;;49.012031;21.124486
70309;24;Prešov;Prešov;Prešov-Svinia;E-50,Prešov-Poprad,O;sm Poprad,zast.SAD;;49.012031;21.124486
70314;24;Košice;Trebišov;Trebišov;Ľ.Podjavorinskej/Komenského;od Ľ.Podjavorinskej,SAD/ŽSR;;48.631267;21.714789
70317;24;Košice;Trebišov;Trebišov;M.R.Štefánika,O;výj.sm Slov.N.Mesto/Maďarsko,Ľ ČS Slovnaft;;48.605081;21.719585
70318;24;Košice;Trebišov;Trebišov;M.R.Štefánika,O;príj.od Slov.Nového Mesta ČS Slovnaft;;48.605081;21.719585
70321;24;Prešov;Prešov;Tulčík;Prešov-Bardejov,J;príj.od PO,sm BJ,Ľ;;49.085213;21.308321
70322;24;Prešov;Prešov;Tulčík;Bardejov-Prešov,J;príj.od BJ,sm PO;;49.095003;21.306937
70331;24;Prešov;Vranov n/Topľou;Vranov n/Topľou;Prešovská,J;príjazd od Prešova,1 ČS Shell, ČS Slovnaft;;48.882758;21.662654
70332;24;Prešov;Vranov n/Topľou;Vranov n/Topľou;Prešovská,J;príjazd od Prešova,2 ČS Shell, ČS Slovnaft;;48.882607;21.662669
70333;24;Prešov;Vranov n/Topľou;Vranov n/Topľou;PO-TV,ČS Slovnaft;príj.od PO,2xČS,sm Trebišov,Ľ;;48.882421;21.662467
70335;24;Košice;Košice;Košice-Juh;E-571/Moldavská,HM Optima,O;vjazd od RV,smc/Optima,4 XXXLutz,ČS OMV,Tatrabanka,VUB,Billa;;48.695811;21.235237
70336;24;Košice;Košice;Košice-Juh;E-571/Moldavská,HM Optima,O;výjazd,sm RV,2,Ľ XXXLutz,ČS OMV,Tatrabanka,VUB,Billa;;48.696057;21.235392
70337;24;Košice;Košice;Košice-Juh;parkovisko pri HM Optima,O;príj.od sídl.Nad jazerom/MR,1 XXXLutz,ČS OMV,Tatrabanka,VUB,Billa;;48.694094;21.238485
70338;24;Košice;Košice;Košice-Juh;parkovisko pri HM Optima,O;príj.od sídl.Nad jazerom/MR,2 XXXLutz,ČS OMV,Tatrabanka,VUB,Billa;;48.694193;21.238703
70339;24;Košice;Košice;Košice-Juh;parkovisko pri HM Optima,O;príj.od sídl.Nad jazerom/MR,3 XXXLutz,ČS OMV,Tatrabanka,VUB,Billa;;48.694278;21.238886
70340;24;Košice;Košice;Košice-Juh;parkovisko pri HM Optima,O;od HM Optima,2 XXXLutz,ČS OMV,Tatrabanka,VUB,Billa;;48.694278;21.238886
70341;24;Košice;Košice;Košice-Juh;parkovisko pri HM Optima,O;od HM Optima,3 XXXLutz,ČS OMV,Tatrabanka,VUB,Billa;;48.694193;21.238703
70342;24;Košice;Košice;Košice-Juh;parkovisko pri HM Optima,O;od HM Optima,4 XXXLutz,ČS OMV,Tatrabanka,VUB,Billa;;48.694094;21.238485
70343;24;Košice;Košice;Košice-Juh;E-571/Moldavská,HM Optima,O;vjazd od RV,smc/Optima,3 XXXLutz,ČS OMV,Tatrabanka,VUB,Billa;;48.696057;21.235392
70344;24;Košice;Košice;Košice-Juh;E-571/Moldavská,HM Optima,O;výjazd,sm RV,1,Ľ XXXLutz,ČS OMV,Tatrabanka,VUB,Billa;;48.695811;21.235237
70345;24;Košice;Košice;Košice-Juh;E-571/Moldavská,HM Optima,O;príjazd od RV,smc/Optima,2 XXXLutz,ČS OMV,Tatrabanka,VUB,Billa;;48.696315;21.235633
70346;24;Košice;Košice;Košice-Juh;E-571/Moldavská,HM Optima,O;vjazd na park.V,3,Ľ XXXLutz,ČS OMV,Tatrabanka,VUB,Billa;;48.696315;21.235633
70347;24;Košice;Košice;Košice-Juh;E-571/Moldavská,HM Optima,O;príjazd od RV,smc/Optima,1 XXXLutz,ČS OMV,Tatrabanka,VUB,Billa;;48.696587;21.235907
70348;24;Košice;Košice;Košice-Juh;E-571/Moldavská,HM Optima,O;vjazd,na park.V,4,Ľ XXXLutz,ČS OMV,Tatrabanka,VUB,Billa;;48.696587;21.235907
70349;24;Košice;Košice;Košice-Juh;Moldavská/Mazda,HM Optima,O;vjazd,sm Optima,Ľ XXXLutz,ČS OMV,Tatrabanka,VUB,Billa;;48.696745;21.236587
70350;24;Košice;Košice;Košice-Juh;Moldavská/Mazda,HM Optima,O;výjazd,smc/RV XXXLutz,ČS OMV,Tatrabanka,VUB,Billa;;48.696745;21.236587
70351;24;Košice;Košice;Košice-Juh;Moldavská/Mazda,HM Optima,O;vjazd,sm Mazda XXXLutz,ČS OMV,Tatrabanka,VUB,Billa;;48.696771;21.237034
70352;24;Košice;Košice;Košice-Juh;Moldavská/Mazda,HM Optima,O;výjazd,smc/RV XXXLutz,ČS OMV,Tatrabanka,VUB,Billa;;48.696771;21.237034
70362;24;Košice;Košice;Košice-Dargovských hrdinov;Maršála Koneva,O;parkov pri NsP,od parkoviska LIDL,škola;;48.739094;21.282399
70363;24;Košice;Košice;Košice-Dargovských hrdinov;Maršála Koneva,O;parkov pri NsP,od zast.MHD LIDL,škola;;48.739094;21.282399
70364;24;Košice;Košice;Košice-Dargovských hrdinov;tr.arm.gen.Svobodu,O;OC Ondava,pošta,sm MI,Ľ poliklinika, VUB;;48.737204;21.283381
70365;24;Košice;Košice;Košice-Dargovských hrdinov;tr.arm.gen.Svobodu,O;OC Ondava,pošta,sm PO poliklinika, VUB;;48.737204;21.283381
70366;24;Košice;Košice;Košice-Dargovských hrdinov;tr.arm.gen.Svobodu/pošta 22,O;pri pošte a VÚB,sm MI,Ľ;;48.736586;21.284116
70367;24;Košice;Košice;Košice-Dargovských hrdinov;tr.arm.gen.Svobodu/pošta 22,O;pri pošte a VÚB,sm PO;;48.736586;21.284116
70368;24;Košice;Košice;Košice-Dargovských hrdinov;tr.arm.gen.Svobodu/OC Torysa,O;pri OC Torysa,sm MI,Ľ VUB,pošta;;48.734045;21.28514
70369;24;Košice;Košice;Košice-Dargovských hrdinov;tr.arm.gen.Svobodu/OC Torysa,O;pri OC Torysa,sm PO VUB,pošta;;48.734045;21.28514
70370;24;Košice;Košice;Košice-Dargovských hrdinov;tr.arm.gen.Svobodu/Laborec,O;príj.k OC Laborec,ČS Slovnaft,škola;;48.730274;21.289691
70371;24;Košice;Košice;Košice-Dargovských hrdinov;tr.arm.gen.Svobodu/Laborec,O;výj.na tr.arm.gen.L.Svobodu ČS Slovnaft,škola;;48.730274;21.289691
70372;24;Košice;Košice;Košice-Dargovských hrdinov;tr.arm.gen.Svobodu/Lukoil,O;detské ihrisko,od ČS Slovnaft, škola;;48.730469;21.290438
70373;24;Košice;Košice;Košice-Dargovských hrdinov;tr.arm.gen.Svobodu/ČS Slovnaft,O;príj.na tr.Svobodu,od cesty škola;;48.730469;21.290438
70379;24;Košice;Michalovce;Veľké Kapušany;sídl.P.O.Hviezdoslava,križov,J;križ MI/Kráľ.Chlmec;;48.553038;22.07078
70380;24;Košice;Spišská Nová Ves;Spišská Nová Ves;Chrapčiakova/SAD,O;OBI,od nástupišťa ,Kaufland,2;;48.949464;20.556595
70381;24;Košice;Spišská Nová Ves;Spišská Nová Ves;Chrapčiakova/SAD,O;OBI,od Chrapčiakovej ul. Kaufland,1;;48.949464;20.556595
70382;24;Košice;Spišská Nová Ves;Spišská Nová Ves;Elektrárenská/Jednota COOP,O;od Elektrárenskej ul. Zimný štadion,Hotel Šport,Sociálna poisťovňa;;48.943279;20.561028
70383;24;Košice;Spišská Nová Ves;Spišská Nová Ves;Elektrárenská/Jednota COOP,O;od parkoviska Zimný štadion,Hotel Šport,Sociálna poisťovňa;;48.943279;20.561028
70384;24;Košice;Spišská Nová Ves;Spišská Nová Ves;parkovisko/Jednota COOP,O;od cesty,1 Zimný štadion,Hotel Šport,Sociálna poisťovňa;;48.944024;20.559853
70385;24;Košice;Spišská Nová Ves;Spišská Nová Ves;parkovisko/Jednota COOP,O;od cesty,2 Zimný štadion,Hotel Šport,Sociálna poisťovňa;;48.944024;20.559853
70386;24;Košice;Spišská Nová Ves;Spišská Nová Ves;parkovisko/Jednota COOP,O;od cesty,3 Zimný štadion,Hotel Šport,Sociálna poisťovňa;;48.944223;20.55956
70387;24;Košice;Spišská Nová Ves;Spišská Nová Ves;parkovisko/Jednota COOP,O;od parkoviska,1 Zimný štadion,Hotel Šport,Sociálna poisťovňa;;48.944379;20.559858
70388;24;Košice;Spišská Nová Ves;Spišská Nová Ves;parkovisko/Jednota COOP,O;od parkoviska,2 Zimný štadion,Hotel Šport,Sociálna poisťovňa;;48.944403;20.55984
70389;24;Košice;Spišská Nová Ves;Spišská Nová Ves;parkovisko/Jednota COOP,O;od parkoviska,3 Zimný štadion,Hotel Šport,Sociálna poisťovňa;;48.944255;20.559556
70394;24;Prešov;Kežmarok;Spišská Belá;I/67,CLO Poľsko-Kežmarok,J;príj.od Kežmarku,smc ČS OMV;;49.17997;20.453633
70395;24;Prešov;Kežmarok;Spišská Belá;I/67,CLO Poľsko-Kežmarok,J;výj.sm Kežmarok ČS OMV;;49.184361;20.448713
70398;24;Prešov;Prešov;Prešov-Svinia;E-50,Poprad-Prešov,J;sm Prešov,1,Ľ;;49.008278;21.124717
70399;24;Prešov;Prešov;Prešov-Svinia;E-50,Poprad-Prešov,J;sm Prešov,2,Ľ;;49.008278;21.124717
70413;24;Prešov;Prešov;Prešov;Čapajevova,O;Polygraf Print,sm Jazdecká,Ľ parkúr,štadion,jazdiarne;;49.009926;21.232691
70414;24;Prešov;Prešov;Prešov;Čapajevova,O;Polygraf Print,smc parkúr,štadion,jazdiarne;;49.009926;21.232691
70415;24;Prešov;Prešov;Prešov;Jazdecká,O;Polygraf Print,sm sídl.III,Ľ parkúr,štadion,jazdiarne;;49.010296;21.231344
70416;24;Prešov;Prešov;Prešov;Jazdecká,O;Polygraf Print,smČapajevo/smc parkúr,štadion,jazdiarne;;49.010296;21.231344
70421;24;Prešov;Prešov;Prešov;Rusínska/ČS Slovnaft,O;sm Lidl,Ľ cyklochodník, OC EPERIA, ASKO,Hornbach,LIDL;;48.991668;21.261381
70422;24;Prešov;Prešov;Prešov;Rusínska/ČS Slovnaft,O;sm Východná ul. cyklochodník,OC EPERIA, ASKO,Hornbach,LIDL;;48.991668;21.261381
70423;24;Prešov;Prešov;Prešov;Rusínska/od mostu vpravo,O;sm Lidl,Sekčov,Ľ cyklochodník,OC EPERIA, ASKO,Hornbach,LIDL;;48.991557;21.26224
70424;24;Prešov;Prešov;Prešov;Rusínska/od mostu vpravo,O;sm Východná ul. cyklochodník,OC EPERIA ,ASKO,Hornbach,LIDL;;48.991557;21.26224
70427;24;Prešov;Prešov;Prešov;Rusínska/od zast.MHD vpravo,O;sm Lidl,Ľ cyklochodník,OC EPERIA ,ASKO,Hornbach,LIDL;;48.991327;21.264063
70428;24;Prešov;Prešov;Prešov;Rusínska/od zast.MHD vpravo,O;sm most/Východná ul. cyklochodník,OC EPERIA ,ASKO,Hornbach,LIDL;;48.991327;21.264063
70429;24;Prešov;Prešov;Prešov;Rusínska/gen.Svob./ČS Slovnaft,O;oproti Lidl,sm gen.Svobodu,Ľ cyklochodník,OC EPERIA ,ASKO,Hornbach,LIDL;;48.991173;21.265012
70430;24;Prešov;Prešov;Prešov;Rusínska/gen.Svob./ČS Slovnaft,O;oproti Lidl,sm most/Východná cyklochodník,OC EPERIA, ASKO,Hornbach,LIDL;;48.991173;21.265012
70431;24;Prešov;Prešov;Prešov;Rusínska/gen.Svobodu/Lidl,O;Lidl,pri zast.MHD,smVýchodná,Ľ cyklochodník,OC EPERIA, ASKO,Hornbach,LIDL;;48.990947;21.263238
70432;24;Prešov;Prešov;Prešov;Rusínska/gen.Svobodu/Lidl,O;Lidl,pri zast.MHD,sm Sekčov cyklochodník,OC EPERIA, ASKO,Hornbach,LIDL;;48.990947;21.263238
70433;24;Prešov;Prešov;Prešov;Rusínska/pri moste,O;smer most/Východná,Ľ cyklochodník ,ASKO,Hornbach,LIDL;;48.991109;21.262184
70434;24;Prešov;Prešov;Prešov;Rusínska/pri moste,O;smer Sekčov, ASKO,Hornbach,LIDL;;48.991109;21.262184
70459;24;Prešov;Prešov;Prešov;tr.L.Svobodu/Tábor/Sekčov,O;objazd,ČS,križ,NsP,sm BJ,Ľ Alza,BRW nábytok,OC EPERIA;;48.993317;21.266719
70460;24;Prešov;Prešov;Prešov;tr.L.Svobodu/Tábor/Sekčov,O;objazd,ČS,križ,NsP,sm Lidl Alza,BRW nábytok,OC EPERIA;;48.993317;21.266719
70463;24;Košice;Rožňava;Rožňava;Pionierov/Šafárikova,O;múzeum,MÚ,MP,potok,smKošická,Ľ;;48.656394;20.531664
70464;24;Košice;Rožňava;Rožňava;Pionierov/Šafárikova,O;múzeum,MÚ,MP,potok,smŠafárikov;;48.656361;20.531647
70465;24;Košice;Rožňava;Rožňava;Budovateľská/Pionierov,J;obyt.blok,zákl.škola,sm Košick;;48.657103;20.534372
70466;24;Košice;Rožňava;Rožňava;Budovateľská/Jovická,O;SAD,Tesco,križ,smer centrum;;48.658892;20.535117
70467;24;Košice;Rožňava;Rožňava;Budovateľská/Jovická,O;SAD,Tesco,križ,smKE;;48.658917;20.535106
70468;24;Košice;Rožňava;Rožňava;Záhradnícka,O;garáže,smKrásnohorská,Ľ;;48.659339;20.537881
70469;24;Košice;Rožňava;Rožňava;Záhradnícka,O;garáže,smKošická;;48.659344;20.537914
70472;24;Košice;Rožňava;Rožňava;Štítnická,J;výj.smPoprad,zim.štadión;;48.659831;20.521936
70478;24;Košice;Košice;Košice-Barca;E-50/letisko,O;pri letisku,Valleo,sm letis.Ľ;;48.675556;21.234167
70479;24;Košice;Košice;Košice-Barca;letisko/E-50,O;pri letisku,Valleo,sm E-50;;48.675556;21.234167
70484;24;Košice;Košice;Košice-Barca;letisko/E-50,O;cesta z letiska,sm E-50 ,Ľ;;48.686787;21.225766
70485;24;Košice;Košice;Košice-Barca;E-50/letisko,O;príj.od E-50,sm letisko;;48.686787;21.225766
70486;24;Košice;Košice;Košice-Sever;Vodárenská/Národná,O;križ,sm Hlinkova,Ľ,1;;48.741927;21.249741
70487;24;Košice;Košice;Košice-Sever;Vodárenská/Národná,O;križ,sm Národná trieda;;48.741927;21.249741
70488;24;Košice;Košice;Košice-Sever;Vodárenská/Národná,J;garáže,sm Hlinkova,Ľ,2;;48.741875;21.250644
70489;24;Košice;Košice;Košice-Juh;Jantárová/Omská,O;križ,ČS Shell,sm Južná tr.,Ľ ČS SlovnaftŽSR malá stanica;;48.704677;21.264911
70490;24;Košice;Košice;Košice-Juh;Jantárová/Omská,O;križ,ČS Shell,sm Palackého ČS Slovnaft,ŽSR malá stanica;;48.704677;21.264911
70491;24;Košice;Košice;Košice-Juh;Jantárová/Jarmočná,J;ŽSR KE-Predmestie,sm Palackého ČS Slovnaft,;;48.709382;21.26546
70492;24;Košice;Košice;Košice-Sever;Komenského,dopr.inšpektorát,J;TU,Kraj.úrad,parkov;;48.73578;21.245855
70500;24;Prešov;Poprad;Poprad;L.Svobodu,J;sm Juh III.,nová výstavba Supermerket CBA,Všeobecná ZP;;49.048924;20.286033
70501;24;Prešov;Poprad;Poprad;I/67,KK-PP,Štefánikova,O;Vagónka,príj.od Kežmarku,Ľ,1 zimný štadion,CS OKTAN;;49.065553;20.321529
70502;24;Prešov;Poprad;Poprad;I/67,PP-KK,Štefánikova,O;Vagónka,výj sm Kežmarok,1 zimný štadion,CS OKTAN;;49.065553;20.321529
70503;24;Prešov;Poprad;Poprad;I/67,KK-PP,Štefánikova,O;Vagónka,príj.od Kežmarku,Ľ,2 zimný štadion,CS OKTAN;;49.06343;20.318613
70504;24;Prešov;Poprad;Poprad;I/67,PP-KK,Štefánikova,O;Vagónka,výj sm Kežmarok,2 zimný štadion,CS OKTAN;;49.06343;20.318613
70505;24;Prešov;Poprad;Poprad;I/67,KK-PP,Štefánikova,J;parkov pri zábav.centre,1 Daňový úrad,ČSOB,UNicredit,sredné školy;;49.057345;20.302909
70506;24;Prešov;Poprad;Poprad;I/67,KK-PP,Štefánikova,J;parkov pri zábav.centre,2 Daňový úrad,ČSOB,UNicredit,sredné školy;;49.057379;20.303481
70507;24;Prešov;Poprad;Poprad;I/67,KK-PP,Štefánikova,J;parkovisko, hlavný ťah Daňový úrad,ČSOB,UNicredit,sredné školy;;49.057683;20.30542
70513;24;Prešov;Prešov;Prešov;Volgogradská/nám.Kráľovnej,O;oproti NC Družba,sm sídl.III,Ľ ČS Shell,Tesco,domov sociálnych služieb;;49.007712;21.221267
70514;24;Prešov;Prešov;Prešov;Volgogradská/nám.Kráľovnej,O;oproti NC Družba,smc ČS Shell,Tesco,domov sociálnych služieb;;49.007712;21.221267
70515;24;Prešov;Prešov;Prešov;Novomeského/tr.L.Svobodu,J;križ,Lidl,ČS Slovnaft,smc/Lidl,Ľ OC EPERIA;;48.990461;21.266053
70516;24;Prešov;Prešov;Prešov;Novomeského/tr.L.Svobodu,J;križ,Lidl,ČS Lukoil,sm Sekč kaufland,Mobelix,OC EPERIA;;48.99041;21.265883
70519;24;Prešov;Prešov;Prešov;Solivarská/OC Krížik,O;1,oproti výj.od HM Tesco,OMV, Decathlon;;48.982674;21.25445
70520;24;Prešov;Prešov;Prešov;Solivarská/OC Krížik,J;2,oproti výj.od HM Tesco,OMV, Decathlon;;48.982594;21.254603
70521;24;Prešov;Prešov;Prešov;OC MAX/Vihorlatská,O;križ,sm sídl.Sekčov,Ľ McDonald,Nicholtrakt-pneu,CBA;;49.000599;21.269643
70522;24;Prešov;Prešov;Prešov;OC MAX/Vihorlatská,O;križ,sm L.Svobodu McDonald,Nicholtrakt-pneu,CBA;;49.000599;21.269643
70523;24;Prešov;Prešov;Prešov;OCMAX/Vihorlatská,V;križ,sm sídl.Sekčov,Ľ parkovislo ,CBA, konečná MHD,;;49.00084;21.270807
70524;24;Prešov;Prešov;Prešov;OC MAX/Vihorlatská,V;križ,sm L.Svobodu parkovisloMAX,CBA, konečná MHD;;49.000867;21.270944
70531;24;Prešov;Poprad;Poprad;Bernolákova,J;parkov medzi VÚB a MÚ,1 Hotel Satel,Ekonom.fakulta UMB;;49.056181;20.295816
70532;24;Prešov;Poprad;Poprad;Bernolákova,J;parkov medzi VÚB a MÚ,2 Hotel Satel,Ekonom.fakulta UMB;;49.056069;20.295879
70533;24;Prešov;Prešov;Prešov;Mukačevská,O;jazdecký areál,sm Jazdecká,Ľ parkúr,štadion,jazdiarne;;49.010839;21.230624
70534;24;Prešov;Prešov;Prešov;Mukačevská,O;jazdecký areál,smVolgogradská parkúr,štadion,jazdiarne;;49.010839;21.230624
70535;24;Prešov;Prešov;Prešov;Tomášikova,O;let.kúpalis,minigolf,Ľ lanové centrum;;49.016441;21.229173
70536;24;Prešov;Prešov;Prešov;Tomášikova,O;let.kúpalis,minigolf,smBajkals lanové centrum;;49.016441;21.229173
70539;24;Prešov;Prešov;Prešov;tr.L.Svobodu/P.Horova,O;MOBELIX,Kaufland,sm Lidl,Ľ SOUel-tech,Intersport,OC EPERIA;;48.984417;21.263373
70540;24;Prešov;Prešov;Prešov;tr.L.Svobodu/P.Horova,O;Mobelix,smSolivarská Kaufland, SOU elektrotech.,Intersport,OC EPERIA;;48.984417;21.263373
70541;24;Košice;Košice;Košice-Dargovských hrdinov;tr.arm.gen.Svobodu/ČS Slovnaft,V;reštaur,fitnes,sm MI,Ľ škola;;48.731373;21.290115
70542;24;Košice;Košice;Košice-Dargovských hrdinov;tr.arm.gen.Svobodu/ČS Slovnaft,V;reštaur,fitnes,smc škola;;48.731224;21.290108
70545;24;Košice;Rožňava;Rožňava-Brzotín;I/67,Pri nadjazde,V;pneuservis,smKE,Ľ;;48.642911;20.5255
70546;24;Košice;Rožňava;Rožňava-Brzotín;I/67,Pri nadjazde,V;pneuservis,smer centrum;;48.642883;20.525464
70547;24;Košice;Rožňava;Rožňava-Jablonov n/Turňou;areál ČS Slovnaft,J;parkov,smer Rožňava RS/BA;;48.595925;20.686492
70548;24;Košice;Rožňava;Rožňava-Jablonov n/Turňou;areál ČS Slovnaft,J;parkov,sm KE,Ľ,1;;48.595958;20.687458
70549;24;Košice;Rožňava;Rožňava-Jablonov n/Turňou;areál ČS Slovnaft,J;parkov,sm KE,Ľ,2;;48.595894;20.687475
70550;24;Košice;Rožňava;Rožňava;Štítnická,O;areál športu,smer PP/RevúcaĽ;;48.659264;20.523614
70551;24;Košice;Rožňava;Rožňava;Štítnická,O;areál športu,smer centrum;;48.659289;20.523622
70563;24;Prešov;Prešov;Prešov;Budovateľská/Škultétyho,J;CBA,blízko centra,1 vysokoškolské internáty,začiatok priemyselnej zony;;48.986703;21.242869
70564;24;Prešov;Prešov;Prešov;Budovateľská/Škultétyho,J;CBA,blízko centra,2 vysokoškolské internáty,začiatok priemyselnej zony;;48.986625;21.242909
70565;24;Košice;Košice;Košice-Západ;Bardejovská,V;Doprav.podnik,sm Kaufland,Ľ,1;;48.702246;21.235199
70566;24;Košice;Košice;Košice-Západ;Bardejovská,V;Doprav.podnik,sm tr.SNP,1;;48.702128;21.235104
70567;24;Košice;Košice;Košice-Západ;Bardejovská,V;Doprav.podnik,sm Kaufland,Ľ,2;;48.702648;21.235638
70568;24;Košice;Košice;Košice-Západ;Bardejovská,V;Doprav.podnik,sm tr.SNP,2;;48.702497;21.235528
70569;24;Košice;Košice;Košice-Západ;Bardejovská,V;Doprav.podnik,sm Kaufland,Ľ,3;;48.703001;21.235957
70570;24;Košice;Košice;Košice-Západ;Bardejovská,V;Doprav.podnik,sm tr.SNP,3;;48.702861;21.235881
70579;24;Košice;Trebišov;Dargov;E-50/KE-MI,O;centrum obce,sm MI,Ľ;;48.732985;21.593325
70580;24;Košice;Trebišov;Dargov;E-50/MI-KE,O;centrum obce,sm KE;;48.732776;21.594029
70581;24;Košice;Trebišov;Dargov;E-50/MI-KE,J;príjazd od MI,sm KE;;48.732098;21.569879
70582;24;Košice;Trebišov;Dargov;E-50/KE-MI,O;výjazd sm MI,Ľ;;48.731921;21.596158
70583;24;Košice;Trebišov;Dargov;E-50/MI-KE,O;príjazd od MI,sm KE;;48.731921;21.596158
70585;24;Košice;Michalovce;Lúčky;E-50/MI-SO,J;príj.od MI,č.d.64,sm SO/UA;;48.76412;22.030758
70586;24;Košice;Michalovce;Lúčky;E-50/MI-SO,J;centrum obce,sm SO/UA,Ľ;;48.769985;22.037004
70587;24;Košice;Michalovce;Lúčky;E-50/SO-MI,J;centrum obce,sm MI;;48.769985;22.037004
70588;24;Košice;Michalovce;Lúčky;E-50/MI-SO,O;výjazd sm SO/UA,Ľ;;48.769803;22.048425
70589;24;Košice;Michalovce;Lúčky;E-50/SO-MI,O;príjazd od SO/UA,sm MI;;48.769803;22.048425
70594;24;Košice;Sobrance;Nižná Rybnica;E-50/SO-MI,O;príjazd od SO/UA,sm MI,Ľ družstvo;;48.75053;22.150785
70595;24;Košice;Sobrance;Nižná Rybnica;E-50/MI-SO,O;výjazd smer Sobrance,Ukrajina družstvo;;48.75053;22.150785
70596;24;Košice;Sobrance;Orechová;E-50/SO-UA,O;pri potravinách,sm UA,Ľ;;48.705782;22.230157
70597;24;Košice;Sobrance;Orechová;E-50/UA-SO,O;pri potravinách,sm SO/MI;;48.705782;22.230157
70598;24;Košice;Sobrance;Orechová;E-50/UA-SO,O;č.d.28,sm SO/MI,Ľ;;48.70106;22.223494
70599;24;Košice;Sobrance;Orechová;E-50/SO-UA,O;č.d.28,sm UA;;48.70106;22.223494
70606;24;Košice;Michalovce;Pozdišovce;E-50/KE-MI,O;sm MI,4,Ľ;;48.722442;21.852197
70607;24;Košice;Michalovce;Pozdišovce;E-50/MI-KE,O;sm KE,4;;48.722442;21.852197
70608;24;Košice;Michalovce;Pozdišovce;E-50/KE-MI,O;sm MI,5,Ľ;;48.722611;21.852375
70609;24;Košice;Michalovce;Pozdišovce;E-50/MI-KE,O;sm KE,5;;48.722611;21.852375
70610;24;Košice;Sobrance;Sobrance;Michalovská,E-50,O;príj.od MI,smc/UA,1,Ľ Slovakia TREND;;48.751249;22.172038
70611;24;Košice;Sobrance;Sobrance;Michalovská,E-50,O;príj.od MI,smc/UA,2,Ľ Slovakia TREND;;48.749763;22.17101
70612;24;Košice;Sobrance;Sobrance;Michalovská,E-50,O;výjazd sm MI,1 Slovakia TREND;;48.751249;22.172038
70613;24;Košice;Sobrance;Sobrance;Michalovská,E-50,O;výjazd sm MI,2 Slovakia TREND;;48.749763;22.17101
70614;24;Košice;Sobrance;Sobrance;Pri Parku,E-50,O;LIDL,výjazd sm UA,Ľ;;48.746193;22.184815
70615;24;Košice;Sobrance;Sobrance;Pri Parku,E-50,O;LIDL,príjazd od UA,smc/MI;;48.746193;22.184815
70619;24;Košice;Sobrance;Tibava;E-50/SO-UA,J;príjazd od SO,sm UA;;48.742066;22.200305
70620;24;Košice;Trebišov;Trebišov;SNP/Nemocničná,V;NsP,križov,sm gymnázium,Ľ Nemocnica,lekáreň,kostol,Mestský úrad;;48.61747;21.717567
70621;24;Košice;Trebišov;Trebišov;SNP/Nemocničná,V;NsP,križov,sm Nemocničná ul. Gymnázium,lekáreň,kostol,Mestský úrad,;;48.61747;21.717567
70622;24;Košice;Trebišov;Trebišov;SNP,J;parkov,sm Nemocničná ul. Nemocnica,lekáreň,kostol,Gymnázium,Mestský úrad;;48.618433;21.717215
70623;24;Košice;Michalovce;Trhovište;E-50/MI-KE;fasáda domu,križ na VV,sm KE;;48.701105;21.807953
70626;24;Košice;Michalovce;Veľké Kapušany;Zelená,O;žel.priecestie,výjazd sm UA,Ľ priemyselný obvod;;48.553423;22.087197
70627;24;Košice;Michalovce;Veľké Kapušany;Zelená,O;žel.priecestie,príj.od UA priemyselný obvod;;48.553423;22.087197
70628;24;Košice;Michalovce;Veľké Kapušany;Veškovská,O;výjazd sm MI,2,Ľ;;48.569096;22.091519
70629;24;Košice;Michalovce;Veľké Kapušany;Veškovská,O;príj.od MI,smc,2;;48.569096;22.091519
70630;24;Košice;Michalovce;Zalužice;E-50/SO-MI,J;zast.SAD,smMI;;48.762262;21.984926
70633;24;Košice;Michalovce;Zalužice;E-50/SO-MI,V;centr obce,v záhrade,sm MI,Ľ;;48.757571;21.989338
70634;24;Košice;Michalovce;Zalužice;E-50/MI-SO,V;centr obce,v záhrade,sm SO/UA;;48.756827;21.98696
70635;24;Košice;Michalovce;Zalužice;E-50/SO-MI,O;ČS Slovnaft,výjazd sm MI,1,Ľ;;48.753325;21.974712
70636;24;Košice;Michalovce;Zalužice;E-50/MI-SO,O;ČS Slovnaft,príj.od MI,sm SO,1;;48.753325;21.974712
70637;24;Košice;Michalovce;Zalužice;E-50/SO-MI,O;ČS Slovnaft,výjazd sm MI,2,Ľ;;48.752555;21.971298
70638;24;Košice;Michalovce;Zalužice;E-50/MI-SO,O;ČS Slovnaft,príj.od MI,sm SO,2;;48.752555;21.971298
70639;24;Košice;Michalovce;Závadka;E-50/SO-MI,J;príj.od SO/UA,sm MI;;48.769929;22.075093
70640;24;Košice;Michalovce;Závadka;E-50/MI-SO,J;výjazd sm SO/UA,Ľ;;48.769546;22.078226
70641;24;Košice;Michalovce;Závadka;E-50/SO-MI,J;centr obce,pri OÚ,sm MI,2,Ľ;;48.763241;22.06301
70642;24;Košice;Michalovce;Závadka;E-50/MI-SO,J;centr obce,pri Obecnom úrade,sm SO/UA,1;;48.763241;22.06301
70643;24;Prešov;Humenné;Humenné;Mierová/Poľná,J;príjazd od VT,MI,priemyseľná zóna,smer centrum, križovatka Humenské mliekarne,ČS Slovnaft;;48.931747;21.880129
70644;24;Prešov;Bardejov;Hutka;ťah SK-BJ,J;centr obce,pri OÚ,sm BJ;;49.39936;21.429338
70647;24;Prešov;Poprad;Poprad;Úzka,O;od parkoviska,1 železničná stanica,BILLA;;49.05858;20.294792
70648;24;Prešov;Poprad;Poprad;Úzka,O;od parkoviska,2 železničná stanica,BILLA;;49.05883;20.294752
70649;24;Prešov;Poprad;Poprad;Úzka,O;od SAD/ŽS,1 železničná stanica,BILLA;;49.058843;20.294751
70650;24;Prešov;Poprad;Poprad;Úzka,O;od SAD/ŽS,2 železničná stanica,BILLA;;49.058581;20.294775
70651;24;Prešov;Poprad;Poprad;Alžbetina,O;smer centrum,1,Ľ Hotel Europa,Tatranská Galéria,SAD,žel.stanica,BILLA;;49.058783;20.294425
70652;24;Prešov;Poprad;Poprad;Alžbetina,O;smer SAD/žel.stanica,1 Hotel Europa,Tatranská Galéria,SAD,žel.stanica,BILLA;;49.058783;20.294425
70653;24;Prešov;Poprad;Poprad;Alžbetina,O;smer centrum,2,Ľ Hotel Europa,Tatranská Galéria,SAD,žel.stanica,LIDL;;49.058681;20.294435
70654;24;Prešov;Poprad;Poprad;Alžbetina,O;smer SAD/žel.stanica2 Hotel Europa,Tatranská Galéria,SAD,žel.stanica;;49.058681;20.294435
70655;24;Prešov;Prešov;Prešov;Prostějovská/A.Prídavku,O;nákup.str.Centrum,sm sídl.,Ľ,1 základná škola;;49.015554;21.222811
70656;24;Prešov;Prešov;Prešov;Prostějovská/A.Prídavku,O;nákup.str.Centrum,smc,1 základná škola;;49.015554;21.222811
70657;24;Prešov;Prešov;Prešov;Prostějovská/A.Prídavku,O;nákup.str.Centrum,sm sídl.,Ľ,2 základná škola;;49.016037;21.222915
70658;24;Prešov;Prešov;Prešov;Prostějovská/A.Prídavku,O;nákup.str.Centrum,smc,2 základná škola,polícia;;49.016037;21.222915
70659;24;Prešov;Prešov;Prešov;Prostějovská/Tomášikova,O;trhovisko,kostol,sm sídl.,Ľ;;49.01858;21.223445
70660;24;Prešov;Prešov;Prešov;Prostějovská/Tomášikova,O;trhovisko,kostol,smc;;49.01858;21.223445
70661;24;Prešov;Prešov;Prešov;Sabinovská/otočka T-busu,O;ČS,rešt.St.Dúbrava,smc,Ľ;;49.024857;21.232036
70662;24;Prešov;Prešov;Prešov;Sabinovská/otočka T-busu,O;ČS,rešt.St.Dúbrava,sm Sabinov;;49.024857;21.232036
70663;24;Prešov;Prešov;Prešov;Sabinovská/Šidlovec/sídl.III,O;križ,výj.smSabinov,Ľ,1;;49.021412;21.234889
70664;24;Prešov;Prešov;Prešov;Sabinovská/Šidlovec/sídl.III,O;križ,príj.od Sabinova,smc,1;;49.021412;21.234889
70665;24;Prešov;Prešov;Prešov;Sabinovská/Šidlovec/sídl.III,O;križ,výj.smSabinov,Ľ,2;;49.021578;21.234704
70666;24;Prešov;Prešov;Prešov;Sabinovská/Šidlovec/sídl.III,O;križ,príj.od Sabinova,smc,2;;49.021578;21.234704
70667;24;Prešov;Prešov;Prešov;Mukačevská,O;nákup.stred.Astória,CBA,Ľ cyklistický chodní,tenis squash hala;;49.010816;21.227182
70668;24;Prešov;Prešov;Prešov;Mukačevská,O;nákup.stred.Astória,CBA,smc cyklistický chodní,tenis squash hala;;49.010816;21.227182
70669;24;Prešov;Prešov;Prešov;Sabinovská,O;príjazd od Sabinova do PO,Ľ;;49.015735;21.236577
70670;24;Prešov;Prešov;Prešov;Sabinovská/Pod skalkou,O;príj.od Sabinova,smc,Ľ,1 elektro;;49.016364;21.236537
70671;24;Prešov;Prešov;Prešov;Sabinovská/Pod skalkou,O;výj.smSabinov,1 elektro;;49.016364;21.236537
70672;24;Prešov;Prešov;Prešov;Sabinovská/Pod skalkou,O;príj.od Sabinova,smc,Ľ,2 elektro;;49.016013;21.23663
70673;24;Prešov;Prešov;Prešov;Sabinovská/Pod skalkou,O;výj.smSabinov,2 elektro;;49.016013;21.23663
70674;24;Košice;Michalovce;Pozdišovce;E-50/MI-KE,O;križov,sm KE,Ľ;;48.717304;21.847353
70675;24;Košice;Michalovce;Pozdišovce;E-50/KE-MI,O;križov,sm MI;;48.717304;21.847354
70677;24;Košice;Košice;Košice-Staré Mesto;Floriánska,Cassovar;Busin.centrum,sm zim.štadion T-COM;;48.718691;21.248378
70679;24;Prešov;Prešov;Prešov;Levočská,J;parkovisko,NsP,SOUo,1;;49.000286;21.23478
70680;24;Prešov;Prešov;Prešov;Levočská,J;parkov,poliklinika,SOUo,2;;49.000283;21.234676
70681;24;Prešov;Prešov;Prešov;Švábska/Pionierska,O;sm Sekčov,1,Ľ;;48.972279;21.259862
70682;24;Prešov;Prešov;Prešov;Švábska/Pionierska,O;smer Košice,1,kúpalisko Delňa;;48.972279;21.259862
70683;24;Prešov;Prešov;Prešov;Švábska/Royova,O;križ,sm Sekčov,2,Ľ zdravotné stredisko,nákupné centrum;;48.973023;21.260626
70684;24;Prešov;Prešov;Prešov;Švábska/Royova,O;križ,sm KE,2 zdravotné stredisko,nákupné centrum;;48.973023;21.260626
70685;24;Prešov;Prešov;Prešov;Švábska/pošta,O;pred poštou,sm Sekčov,3,Ľ zdravotné stredisko,nákupné centrum;;48.973859;21.261435
70686;24;Prešov;Prešov;Prešov;Švábska/pošta,O;pred poštou,sm KE,3 zdravotné stredisko,nákupné centrum;;48.973859;21.261435
70689;24;Prešov;Prešov;Ličartovce;cesta I/20, PO-KE,O;cesta I/20 smer Košice,2 ,Ľ Jednota;;48.870269;21.25207
70690;24;Prešov;Prešov;Ličartovce;cesta I/20 ,PO-KE,O;cesta I/20 smer Prešov,1 Jednota;;48.870269;21.25207
70691;24;Prešov;Prešov;Ličartovce;cesta I/20 ,PO-KE,O;cesta I/20 smer Prešov,2 Jednota;;48.870285;21.252129
70692;24;Prešov;Vranov n/Topľou;Nová Kelča;II/557,motorest Alpina,O;križ Domaša/VT-SP,sm VT,Ľ;;49.064799;21.701026
70693;24;Prešov;Vranov n/Topľou;Nová Kelča;II/557,motorest Alpina,O;križ Domaša/VT-SP,sm SP;;49.064799;21.701026
70694;24;Prešov;Poprad;Poprad;Moyzesova,O;oproti T-Comu,smc/Kaufland,Ľ Viacúčelová hala - ARÉNA POPRAD,OKAY,Deichman;;49.046096;20.294584
70695;24;Prešov;Poprad;Poprad;Moyzesova,O;oproti T-Comu,Kaufland Viacúčelová hala - ARÉNA POPRAD,OKAY,Deichman;;49.046096;20.294584
70696;24;Prešov;Poprad;Poprad;Moyzesova,O;oproti Kauflandu,smKaufland,Ľ Viacúčelová hala - ARÉNA POPRAD,OKAY,Deichman;;49.045165;20.292957
70697;24;Prešov;Poprad;Poprad;Moyzesova,O;oproti Kauflandu,sm L.Svobodu Viacúčelová hala - ARÉNA POPRAD,OKAY,Deichman;;49.045165;20.292957
70698;24;Prešov;Prešov;Prešov;Sekčovská/Justičná,O;smc,Ľ,1 podnikateľské centrum;;48.991104;21.270538
70699;24;Prešov;Prešov;Prešov;Sekčovská/Justičná,O;sm Šalgovík,1 podnikateľské centrum;;48.991104;21.270538
70700;24;Prešov;Prešov;Prešov;Sekčovská/Federátov,V;smc,Ľ,2 podnikateľské centrum;;48.990595;21.269966
70701;24;Prešov;Prešov;Prešov;Sekčovská/Federátov,V;sm Šalgovík,2 podnikateľské centrum;;48.990595;21.269966
70702;24;Prešov;Prešov;Prešov;Novomeského/Sekčovská,O;sm Solivar,Lidl,Ľ základná škola;;48.989476;21.268151
70703;24;Prešov;Prešov;Prešov;Novomeského/Sekčovská,O;Lidl,smer centrum základná škola;;48.989476;21.268151
70704;24;Prešov;Prešov;Prešov;tr.L.Svobodu/Jurkovičova,O;oproti ČS Slovnaft,Lidl,sm KE,Ľ, Alza,BRW nábytok, zdravotné centrum,OC EPERIA;;48.992503;21.266947
70705;24;Prešov;Prešov;Prešov;tr.L.Svobodu/Jurkovičova,O;oproti ČS Slovnaft,Lidl,sm Ľub.1 Alza,BRW nábytok, zdravotné centrum,OC EPERIA;;48.992503;21.266947
70706;24;Prešov;Prešov;Prešov;tr.L.Svobodu/Jurkovičova,O;oproti ČS Lukoil,Lidl,sm KE,Ľ Alza,BRW nábytok, zdravotné centrum,OC EPERIA;;48.991572;21.266405
70707;24;Prešov;Prešov;Prešov;tr.L.Svobodu/Jurkovičova,O;oproti ČS Slovnaft,Lidl,sm Ľub.2 Alza,BRW nábytok, zdravotné centrum,OC EPERIA;;48.991572;21.266405
70708;24;Prešov;Prešov;Prešov;Novomeského/tr.L.Svobodu,J;križ,Lidl,ČS Slovnaft,smc/Lidl,Ľ Kaufland,Mobelix,OC EPERIA;;48.990288;21.266322
70709;24;Prešov;Prešov;Prešov;Novomeského/tr.L.Svobodu,J;križ,Lidl,ČS Slovnaft,sm Sekč Kaufland,Mobelix,OC EPERIA;;48.990252;21.265873
70710;24;Prešov;Prešov;Prešov;tr.L.Svobodu/Zemplínska,O;NS Opál,sm KE,Ľ,1 Mobelix,Kaufland,OC EPERIA;;48.985978;21.26443
70711;24;Prešov;Prešov;Prešov;tr.L.Svobodu/Zemplínska,O;NS Opál,smc,1 Mobelix,Kaufland,OC EPERIA;;48.985978;21.26443
70712;24;Prešov;Prešov;Prešov;tr.L.Svobodu/Zemplínska,O;NS Opál,sm KE,Ľ,2 Mobelix,Kaufland,OC EPERIA;;48.985068;21.264216
70713;24;Prešov;Prešov;Prešov;tr.L.Svobodu/Zemplínska,O;NS Opál,smc,2 Mobelix,Kaufland,OC EPERIA;;48.985068;21.264216
70714;24;Košice;Košice;Košice-Nad jazerom;Ždiarska,J;fasáda,pri parkov NC Billa;;48.680529;21.294069
70717;24;Prešov;Poprad;Poprad;Športová/zimný štadión,O;parkov.,Aquapark,od parkov, futbalový štadion, Penzion,Gymnázium;;49.060198;20.309438
70718;24;Prešov;Poprad;Poprad;Športová/zimný štadión,O;parkov,Aquapark,od parkov,2 futbalový štadion, Penzion,Gymnázium;;49.060389;20.30963
70719;24;Prešov;Poprad;Poprad;Športová/zimný štadión,O;parkov,Aquapark,od parkov,3 futbalový štadion, Penzion,Gymnázium;;49.060613;20.309802
70720;24;Prešov;Poprad;Poprad;Športová/zimný štadión,O;parkov,Aquapark,od Aquaparku,1 futbalový štadion, Penzion,Gymnázium;;49.060613;20.309802
70721;24;Prešov;Poprad;Poprad;Športová/zimný štadión,O;parkov,Aquapark,od Aquaparku,2 futbalový štadion, Penzion,Gymnázium;;49.060389;20.30963
70722;24;Prešov;Poprad;Poprad;Športová/zimný štadión,O;parkov,Aquapark,od Aquaparku,3 futbalový štadion, Penzion,Gymnázium;;49.060198;20.309438
70723;24;Prešov;Poprad;Poprad;Uherova,O;križov,Kaufland,smSpiš.Bystré Viacúčelová hala - ARÉNA POPRAD,Supermarket Sintra.OKAY,Deichman;;49.044188;20.28874
70724;24;Prešov;Poprad;Poprad;Uherova,O;križov,Kaufland,smc/Kaufland Viacúčelová hala - ARÉNA POPRAD,Supermarket Sintra,OKAY,Deichman;;49.044188;20.28874
70725;24;Prešov;Poprad;Poprad;L.Svobodu,O;smc/E-50,Ľ,OC MAX Supermarket CBA,Všeobecná ZP;;49.047919;20.285549
70726;24;Prešov;Poprad;Poprad;L.Svobodu,O;OC MAX,sm Vyšné záhrady Supermarket CBA,Všeobecná ZP;;49.047919;20.285549
70727;24;Prešov;Poprad;Poprad-Hozelec;parkov/zast.SAD,J;cesta Sp.Nová Ves-Poprad,1 pošta,obchody,pohostinstvo Marienka;;49.032444;20.343227
70728;24;Prešov;Poprad;Poprad-Hozelec;parkov/zast.SAD,J;cesta Sp.Nová Ves-Poprad,2 pošta,obchody,pohostinstvo Marienka;;49.032384;20.343388
70729;24;Prešov;Humenné;Humenné;Mierová,O;príj.od Vranova n/T.,smc,Ľ Humenské mliekarne,ČS Slovnaft,STK,Škoda;;48.932093;21.880066
70730;24;Prešov;Humenné;Humenné;Mierová,O;výjazd.sm Vranov n/T,MI,Humenské mliekarne,ČS Slovnaft,STK,Škoda;;48.932067;21.880077
70731;24;Košice;Košice;Košice-Barca;Osloboditeľov,J;mest.park,ČS Slovnaft,sm MR,1;;48.677387;21.26895
70732;24;Košice;Košice;Košice-Barca;Osloboditeľov,J;na ČS Slovnaft,sm MR,2;;48.677635;21.268501
70733;24;Prešov;Humenné;Humenné-Kochanovce;Humenné-Medzilaborce,O;smer Medzilaborce,Ľ,1;;48.94896;21.944275
70734;24;Prešov;Humenné;Humenné-Kochanovce;Medzilaborce-Humenné,O;smer Humenné,1;;48.948959;21.944315
70735;24;Prešov;Humenné;Humenné-Kochanovce;Humenné-Medzilaborce,O;smer Medzilaborce,Ľ,2;;48.951948;21.944576
70736;24;Prešov;Humenné;Humenné-Kochanovce;Medzilaborce-Humenné,O;smer Humenné,2;;48.951945;21.944617
70755;24;Prešov;Poprad;Poprad;Suchoňova,J;začiatok cyklist.chodníka COOP Jednota,Všeobecná ZP;;49.047714;20.280766
70756;24;Prešov;Poprad;Poprad;Suchoňova/L.Svobodu,O;blok Slnečnice,sm Rastislavo,Ľ COOP Jednota,Všeobecná ZP;;49.04734;20.283627
70757;24;Prešov;Poprad;Poprad;Suchoňova/L.Svobodu,O;blok Slnečnice,smc COOP Jednota,Všeobecná ZP;;49.047372;20.283606
70759;24;Prešov;Medzilaborce;Medzilaborce;Dobrianskeho,J;kostol,smc;;49.269471;21.9049
70760;24;Prešov;Medzilaborce;Medzilaborce;Dobrianskeho,J;múzeum A.Warhola,oproti TESCO;;49.268247;21.904258
70765;24;Košice;Michalovce;Michalovce;Humenská cesta,J;výj.sm HN/VT/PO,ČS Slovnaft,1;;48.759064;21.893207
70766;24;Košice;Michalovce;Michalovce;Humenská cesta,J;výj.sm HN/VT/PO,ČS Slovnaft,2;;48.7591;21.893274
70767;24;Košice;Michalovce;Michalovce;Humenská cesta,O;príj.od PO/VT/HN,smc,Ľ,1 autobazár,Big Billa;;48.754772;21.897541
70768;24;Košice;Michalovce;Michalovce;Humenská cesta,O;výjazd sm PO/VT/HN,1 autobazár,Big Billa;;48.754772;21.897541
70769;24;Košice;Michalovce;Michalovce;Humenská cesta,O;príj.od PO/VT/HN,smc,Ľ,2 autobazár,Big Billa;;48.753971;21.8984
70770;24;Košice;Michalovce;Michalovce;Humenská cesta,O;výjazd sm PO/VT/HN,2 autobazár,Big Billa;;48.753972;21.8984
70786;24;Prešov;Prešov;Prešov;Solivarská/tr.L.Svobodu,J;križov,firma Reklama,sm Sekčov základná škola;;48.977683;21.264202
70789;24;Prešov;Prešov;Prešov;Marka Čulena,J;oproti parkovisku Lidl,1 ČS Shell,Seat,Volvo;;49.001402;21.220094
70790;24;Prešov;Prešov;Prešov;Marka Čulena,J;oproti parkovisku Lidl,2 ČS Shell,Seat,Volvo;;49.001366;21.220044
70794;24;Prešov;Poprad;Poprad;L.Svobodu/E-50,O;sm E-50,Ľ,Nemocnica ČS OMV;;49.049568;20.305332
70795;24;Prešov;Poprad;Poprad;L.Svobodu/E-50,O;Nemocnica ,sm sídl. Juh, ČS OMV;;49.049568;20.305332
70799;24;Prešov;Bardejov;Bardejov;Pod Vinbargom,J;parkov pri OD Lidl,1;;49.302009;21.281905
70800;24;Prešov;Bardejov;Bardejov;Pod Vinbargom,J;parkov pri OD Lidl,2;;49.302012;21.281993
70801;24;Prešov;Bardejov;Bardejov;Štefánikova,J;príjazd od Popradu,sm BJ,1 priemyselná časť;;49.301182;21.24873
70802;24;Prešov;Bardejov;Bardejov;Štefánikova,J;príjazd od Popradu,sm BJ,2 priemyselná časť;;49.301325;21.248178
70803;24;Prešov;Bardejov;Bardejov;Mičkova,V;príjazd od PO,smc,Ľ;;49.273447;21.262457
70804;24;Prešov;Bardejov;Bardejov;Mičkova,V;výjazd z BJ sm PO;;49.273547;21.262746
70805;24;Prešov;Bardejov;Bardejov;Pod papierňou/sídl.Družba,O;potraviny Freshmarket;;49.293119;21.255351
70806;24;Prešov;Bardejov;Bardejov;Pod papierňou/sídl.Družba,O;potraviny Freshmarket,vchod;;49.293119;21.255351
70807;24;Prešov;Bardejov;Bardejov;Mlynská,O;LIDL,oproti vchodu,1 vedľa Tesco,KIK, lekáreň,MHD;;49.294788;21.267721
70808;24;Prešov;Bardejov;Bardejov;Mlynská,O;LIDL,oproti vchodu,2 vedľa Tesco,KIK, lekáreň,MHD;;49.294719;21.267726
70809;24;Prešov;Bardejov;Bardejov;Mlynská,O;LIDL,od príjazdu,1 vedľa Tesco,KIK, lekáreň,MHD;;49.294699;21.267762
70810;24;Prešov;Bardejov;Bardejov;Mlynská,O;LIDL,od príjazdu,2 vedľa Tesco,KIK, lekáreň,MHD;;49.294777;21.267739
70811;24;Prešov;Bardejov;Bardejov;Mlynská,O;LIDL,výjazd vedľa Tesco,KIK, lekáreň,MHD;;49.294907;21.267852
70812;24;Prešov;Bardejov;Bardejov;Mlynská,O;LIDL,príjazd vedľa Tesco,KIK, lekáreň,MHD;;49.294907;21.267852
70819;24;Prešov;Humenné;Humenné-Udavské;cesta II/559 Humenné-CLO PL,O;smer Medzilaborce/CLO PL,1,Ľ;;48.979246;21.940787
70820;24;Prešov;Humenné;Humenné-Udavské;cesta II/559 CLO PL-Humenné,O;smer Humenné,1;;48.979245;21.940826
70821;24;Prešov;Humenné;Humenné-Udavské;cesta II/559 Humenné-CLO PL,O;smer Medzilaborce/CLO PL,2,Ľ;;48.980054;21.940804
70822;24;Prešov;Humenné;Humenné-Udavské;cesta II/559 CLO PL-Humenné,O;smer Humenné,2;;48.980053;21.940843
70825;24;Prešov;Bardejov;Bardejov;Pod Vinbargom,J;oproti chrám pravosl.cirkvi,1 Lidl, základná škola;;49.301462;21.276806
70826;24;Prešov;Bardejov;Bardejov;Pod Vinbargom,J;oproti chrám pravosl.cirkvi,2 Lidl, základná škola;;49.301457;21.276664
70827;24;Prešov;Bardejov;Bardejov;Pod Vinbargom,J;oproti chrám pravosl.cirkvi,3 Lidl, základná škola;;49.301433;21.276524
70830;24;Prešov;Bardejov;Bardejov;Tačevská/Komenského,J;križ,pri garážach,1;;49.28611;21.263781
70831;24;Prešov;Bardejov;Bardejov;Tačevská/Komenského,J;križ,pri garážach,2;;49.286142;21.263685
70832;24;Prešov;Bardejov;Bardejov;Tačevská/Komenského,J;križ,pri garážach,3;;49.286167;21.263603
70835;24;Prešov;Prešov;Prešov;Čergovská,O;výj.z garáží OC Max,od Billa,Ľ;;48.998174;21.273711
70836;24;Prešov;Prešov;Prešov;Čergovská,O;výj.z garáží OC Max,od Max Billa;;48.998174;21.273711
70837;24;Prešov;Bardejov;Bardejov;Pod Vinbargom,J;pred kruh.objazdom,sm Lidl,1 základná škola, pravoslávny chrám;;49.301844;21.276199
70838;24;Prešov;Bardejov;Bardejov;Pod Vinbargom,J;pred kruh.objazdom,sm Lidl,2 základná škola, pravoslávny chrám;;49.301921;21.276106
70839;24;Prešov;Bardejov;Bardejov;Pod Vinbargom,J;pred kruh.objazdom,sm Lidl,3 základná škola, pravoslávny chrám;;49.301999;21.276013
70840;24;Prešov;Bardejov;Bardejov;Priemyselná,O;pri AZ,sm Bardejov.Nová Ves,Ľ;;49.30647;21.292428
70841;24;Prešov;Bardejov;Bardejov;Priemyselná,O;pri AZ,sm kruh.objazd,centrum;;49.30647;21.292446
70850;24;Prešov;Prešov;Prešov;Vranovská,O;výj.sm BJ/MI/CLO PL,Ľ,1;;49.020992;21.275259
70851;24;Prešov;Prešov;Prešov;Vranovská,O;príj.od BJ/MI/CLO PL,smc/KE,1;;49.020992;21.275259
70852;24;Prešov;Prešov;Prešov;Vranovská,O;výj.sm BJ/MI/CLO PL,Ľ,2;;49.021233;21.275746
70853;24;Prešov;Prešov;Prešov;Vranovská,O;príj.od BJ/MI/CLO PL,smc/KE,2;;49.021233;21.275746
70854;24;Prešov;Prešov;Prešov;Masarykova/Škultétyho,J;križ,príj.k SAD/ŽS,ČS,OBI ČS Shell,NAY;;48.988101;21.247597
70855;24;Prešov;Prešov;Prešov;Levočská,J;parkov,poliklinika,SOUo,3;;49.000627;21.234355
70856;24;Košice;Košice;Košice-Juh;parkovisko pri HM Optima,O;od HM Optima,1 XXXLutz,ČS OMV,Tatrabanka,VUB,Billa;;48.694301;21.23927
70857;24;Košice;Košice;Košice-Juh;parkovisko pri HM Optima,O;príj.od sídl.Nad jazerom/MR,4 XXXLutz,ČS OMV,Tatrabanka,VUB,Billa;;48.694301;21.23927
70858;24;Košice;Košice;Košice-Juh;E-571/Moldavská,HM Optima,J;príj.od Moldavskej,XXXLutz,ČS OMV Tatrabanka,VUB,Billa;;48.694871;21.235211
70859;24;Prešov;Poprad;Poprad;L.Svobodu/Tajovského,O;križ,sm sídlisko JUH,Ľ Nemocnica ,ČS OMV;;49.04659;20.305364
70860;24;Prešov;Poprad;Poprad;L.Svobodu/Tajovského,O;križ,smer centrum Nemocnica ,ČS OMV;;49.04659;20.305364
70861;24;Košice;Michalovce;Veľké Kapušany;Hviezdoslavova,O;počítače Quintel,sm sídlisko,Ľ Tesco;;48.555293;22.074499
70862;24;Košice;Michalovce;Veľké Kapušany;Hviezdoslavova,O;počítače Quintel,sm MÚ smer centrum, Tesco;;48.555293;22.074499
70863;24;Košice;Trebišov;Kráľovský Chlmec;Kapušianska,O;výj.sm V.Kapušany,Ľ TESCO;;48.430268;21.980053
70864;24;Košice;Trebišov;Kráľovský Chlmec;Kapušianska,O;príj.od V.Kapušian,smc TESCO;;48.430268;21.980053
70865;24;Prešov;Prešov;Prešov;E-50/KE-PO,Petrovanská,J;príjazd od Košíc, areál techn.služieb;;48.967942;21.254408
70866;24;Prešov;Bardejov;Bardejov;Priemyselná,J;smer centrum, kruhový objazd,1;;49.306154;21.293665
70867;24;Prešov;Bardejov;Bardejov;Priemyselná,J;smer centrum, kruhový objazd,2;;49.306206;21.293724
70870;24;Košice;Košice;Košice-Západ;Štúrova-Moldavská,V;výjazd z mesta sm Rožňava,Ľ Steel arena;;48.711034;21.246775
70871;24;Košice;Košice;Košice-Západ;Štúrova-Moldavská,V;smc Steel arena;;48.711006;21.24685
70872;24;Košice;Košice;Košice-Západ;tr. SNP,O;prej.mestom sm PO,MI,Ľ kruhový objazd, amfiteáter;;48.724186;21.236153
70873;24;Košice;Košice;Košice-Západ;tr. SNP,O;prej.mestom sm Rožňava kruhový objazd, amfiteáter;;48.724186;21.236153
70874;24;Košice;Košice;Košice-Staré Mesto;Palackého,O;výj. z mesta sm PO,MI,Ľ autobazár;;48.719812;21.27217
70875;24;Košice;Košice;Košice-Staré Mesto;Palackého,O;prej.mesta smc autobazár;;48.720036;21.272273
70876;24;Košice;Košice;Košice-Staré Mesto;Bajzova,O;pred stanicou SAD a ŽSR,Ľ;;48.719348;21.268388
70877;24;Košice;Košice;Košice-Staré Mesto;Bajzova,O;pred stanicou SAD a ŽSR;;48.719348;21.268388
70878;24;Košice;Košice;Košice-Staré Mesto;Palackého-Bajzová,J;pred stanicou SAD a ŽSR,Ľ;;48.718726;21.26893
70879;24;Košice;Košice;Košice-Západ;Toryská,V;sm KVP,Ľ OÚ, Lidl, internát;;48.713254;21.225779
70880;24;Košice;Košice;Košice-Západ;Toryská,V;smc OÚ, Lidl, internát;;48.713198;21.225432
70881;24;Prešov;Prešov;Prešov;Pod kalváriou,O;pri ZŠ, smer centrum RP zabudovaný v AZ;;48.987553;21.229464
70882;24;Prešov;Prešov;Prešov;Pod kalváriou,O;pri ZŠ, od parkoviska,PP RP zabudovaný v AZ;;48.987553;21.229464
70883;24;Prešov;Prešov;Prešov;Petrovianska,J;smc, príjazd od diaľnice ČS MKM, predajňa Peugeot;;48.9653;21.255111
70884;24;Prešov;Prešov;Prešov;Volgogradská,J;na parkovisku OC Tesco ČS Shell, sídlisko III;;49.008589;21.22058
70885;24;Prešov;Humenné;Humenné;Družstevná,V;smer Michalovce,Ľ OC Tesco,centrum;;48.930718;21.896975
70886;24;Prešov;Humenné;Humenné;Družstevná,V;smer centrum, OC Tesco,PLANEO, PEPCO;;48.930718;21.896975
70887;24;Prešov;Humenné;Humenné;Ševčenkova,V;kruh.objazd smer Medzilaborce,Ľ;;48.93576;21.918345
70888;24;Prešov;Humenné;Humenné;Ševčenkova,V;príjazd od ML,smer centrum,kruh.objazd;;48.935745;21.918396
70889;24;Prešov;Poprad;Tatranská Štrba;cesta I/18,J;smer Štrba-PP;;49.084076;20.067874
70890;24;Prešov;Humenné;Humenné;Ševčenkova,O;smer Medzilaborce,Ľ železničná trať;;48.937753;21.924386
70891;24;Prešov;Humenné;Humenné;Ševčenkova,O;príjazd od ML,smer centrum železničná trať;;48.937756;21.924389
70892;24;Prešov;Levoča;Spišský Štvrtok;ČSĽA,cesta II/536,J;smer SNV, ČS Fedoil;;49.004078;20.467422
70894;24;Košice;Sobrance;Vyšné Nemecké;príjazd do obce,O;smer štátna hranica,Ľ;;48.663671;22.262334
70895;24;Košice;Sobrance;Vyšné Nemecké;výjazd z obce,O;smer MI;;48.663671;22.262334
70896;24;Prešov;Snina;Snina;Komenského,O;sm centrum,Lidl, Ľ autoservis;;48.985934;22.156795
70897;24;Prešov;Snina;Snina;Komenského,O;sm sídlisko, Tesco autoservis;;48.985934;22.156795
70898;24;Prešov;Levoča;Levoča;cesta I/18,J;výjazd smer Prešov;;49.027816;20.601425
70899;24;Košice;Košice;Košice-Barca;Osloboditeľov,J;otočka električiek, sm MR predajňa Renault;;48.679521;21.268062
70900;24;Košice;Košice;Košice-Barca;Osloboditeľov,J;konečná MHD,zastávka SAD,sm MR autobazár;;48.671085;21.270638
70901;24;Prešov;Stropkov;Miňovce;Hlavná,O;vjazd do obce,sm HN,Ľ smer Domaša, Vranov;;49.13927;21.651306
70902;24;Prešov;Stropkov;Miňovce;Hlavná,O;výjazd z obce,sm Stropkov;;49.13927;21.651306
70903;24;Prešov;Poprad;Poprad;cesta I/18,J;výjazd na L. Mikuláš,Tatry,1;;49.055631;20.276362
70904;24;Prešov;Poprad;Poprad;cesta I/18,J;výjazd na L. Mikuláš,Tatry,2;;49.055631;20.276362
70905;24;Prešov;Poprad;Poprad;cesta I/18,J;výjazd na L. Mikuláš,Tatry,3;;49.055631;20.276362
70906;24;Prešov;Bardejov;Bardejov;Duklianska,V;smer Svidník,Ľ,1 salaš, reštaurácia, záhradníctvo;;49.31563;21.29304
70907;24;Prešov;Bardejov;Bardejov;Duklianska,V;príjazd do mesta,1 salaš, reštaurácia, záhradníctvo;;49.31563;21.29304
70908;24;Prešov;Bardejov;Bardejov;Duklianska,V;smer Svidník,Ľ,2 salaš, reštaurácia, záhradníctvo;;49.31579;21.293229
70909;24;Prešov;Bardejov;Bardejov;Duklianska,V;príjazd do mesta,2 salaš, reštaurácia, záhradníctvo;;49.31579;21.293229
70910;24;Prešov;Stará Ľubovňa;Stará Ľubovňa;Popradská,J;I/68,sm Poprad,1 oproti Lidlu;;49.304967;20.689224
70911;24;Prešov;Stará Ľubovňa;Stará Ľubovňa;Popradská,J;I/68,sm Poprad,2 oproti Lidlu;;49.304967;20.689224
70912;24;Prešov;Stará Ľubovňa;Stará Ľubovňa;Popradská,J;I/77,smer centrum;;49.308283;20.673686
70913;24;Prešov;Poprad;Svit;Hviezdoslavova,O;pred MsÚ;;49.056555;20.201223
70914;24;Prešov;Poprad;Svit;Hviezdoslavova,O;pred MsÚ;;49.056555;20.201223
70915;24;Prešov;Poprad;Svit;Hlavná,O;I/18,smer PP,Ľ;;49.061444;20.214492
70916;24;Prešov;Poprad;Svit;Hlavná,O;I/18,príjazd do mesta;;49.061444;20.214492
70917;24;Prešov;Kežmarok;Kežmarok;Michalská,J;I/66, smer centrum;;49.15069;20.432403
70918;24;Prešov;Poprad;Svit;Hlavná,O;I/18,smer Štrba,Ľ;;49.057206;20.170812
70919;24;Prešov;Poprad;Svit;Hlavná,O;I/18,smer centrum;;49.057206;20.170812
70920;24;Prešov;Stará Ľubovňa;Mníšek nad Popradom;Nová,O;príjazd do SR,od št.hranic PL centrum obce,vedľa cesty I/68;;49.416289;20.719514
70951;24;Prešov;Poprad;Hranovnica;SNP;cesta I/66, sm Brezno centrum obce;;48.989639;20.310556
70952;24;Prešov;Stará Ľubovňa;Podolínec;sv. Anny,J;I/77,sm Stará Ľubovňa,1;;49.26516;20.54596
70953;24;Prešov;Stará Ľubovňa;Podolínec;sv. Anny,J;I/77,sm Stará Ľubovňa,2;;49.26516;20.54596
70954;24;Prešov;Levoča;Levoča;E-50,PP-PO;križ,oplot.domu,sm Prešov,3,Ľ kruhový objazd,BILLA,LIDL;;49.021346;20.585007
70955;24;Prešov;Stará Ľubovňa;Stará Ľubovňa;Továrenská,J;ŽSR, AS križovatka;;49.307946;20.684815
70956;24;Prešov;Prešov;Prešov;Petrovianska,J;príjazd z D1 do PO ČS MKM, predajňa Peugeot;;0;0
70957;24;Košice;Košice;Košice-Juh;Červený rak,J;objazd Optima, sm PO;;48.688155;21.251078
70961;24;Košice;Michalovce;Závadka;E-50/SO-MI,J;centr obce,pri OÚ,sm MI,1,Ľ;;48.76583;22.06455
70962;24;Košice;Michalovce;Závadka;E-50/MI-SO,J;centr obce,pri Obec.úrade,sm SO/UA,2;;48.765812;22.064991
70963;24;Košice;Michalovce;Závadka;E-50/SO-MI,J;na začiatku obce, smer MI,1;;48.766635;22.073319
70964;24;Košice;Michalovce;Závadka;E-50/SO-MI,J;na začiatku obce, smer MI,2;;48.766659;22.073379
70965;24;Košice;Michalovce;Michalovce;Hollého,J;parkovisko hotel Družba,1 tržnica,múzeum;;48.756647;21.922903
70966;24;Košice;Michalovce;Michalovce;Hollého,J;parkovisko hotel Družba,2 tržnica,múzeum;;48.756598;21.922691
70967;24;Košice;Michalovce;Michalovce;Humenská cesta,V;oproti Kaufland, sm Sobrance,Ľ Planeo´ŽSR,SAD;;48.750778;21.90314
70968;24;Košice;Michalovce;Michalovce;Humenská cesta,V;oproti Kaufland,sm.Strážske,HE Planeo´ŽSR,SAD;;48.750956;21.902827
70969;24;Košice;Michalovce;Michalovce;Humenská cesta,V;oproti Kauflad, sm Sobran.UA,Ľ Planeo ŽSR,SAD;;48.751077;21.902612
70970;24;Košice;Michalovce;Michalovce;Humenská cesta,V;oproti Kauflad,sm.Strážske,HE Planeo´ŽSR,SAD;;48.751077;21.902612
70971;24;Košice;Michalovce;Michalovce;Humenská cesta,V;oproti Kauflad, sm Sobrance,Ľ Planeo´ŽSR,SAD;;48.750956;21.902827
70972;24;Košice;Michalovce;Michalovce;Humenská cesta,V;oproti Kauflad,sm.Strážske,HE Planeo´ŽSR,SAD;;48.750636;21.903386
70973;24;Košice;Michalovce;Michalovce;Humenská cesta,V;oproti Kauflad, sm Sobrance,Ľ Planeo´ŽSR,SAD;;48.750636;21.903386
70974;24;Košice;Michalovce;Michalovce;Humenská cesta,V;oproti Kauflad,sm.Strážske,HE, Planeo´ŽSR,SAD;;48.750778;21.90314
70975;24;Košice;Michalovce;Michalovce;Profesora Hlaváča,J;obchodné centrum;;48.75522;21.909051
70976;24;Košice;Michalovce;Trhovište;E50,KE-MI,J;hl.ťah ,smer MI, Ľ smer centrum Trhovište;;48.699542;21.801319
70977;24;Košice;Michalovce;Michalovce;kpt. Nálepku,J;pešia zóna, centrum parkovisko,2;;48.755641;21.917391
70979;24;Košice;Michalovce;Michalovce;kpt. Nálepku,J;pešia zóna, centrum parkovisko,1;;48.755739;21.91697
70980;24;Košice;Michalovce;Michalovce;Humenská cesta,J;obchodný dom Nay,7 OC Opidium, OMV, Planeo, SAD, ŽSR,Opel,;;48.753079;21.900808
70981;24;Košice;Michalovce;Michalovce;Humenská cesta,J;obchodný dom Nay,8 OC Opidium, OMV, Planeo, SAD, ŽSR,Opel,;;48.753039;21.900858
70982;24;Košice;Michalovce;Michalovce;Sobranecká cesta,O;hl. ťah E50,P príjazd od Sobraniec, sm KE;;48.745333;21.932097
70983;24;Košice;Michalovce;Michalovce;Sobranecká cesta,O;hl. ťah E50, výjazd na SO,Ľ smer štátna hranica, obchvat;;48.745333;21.932097
70984;24;Košice;Michalovce;Voľa;hl. ulica,O;ťah KE-MI,št.hranica s UA,1,Ľ sm Michalovce;;48.847952;21.849608
70985;24;Košice;Michalovce;Voľa;hl. ulica,O;ťah KE-MI,št.hranica s UA,2,Ľ sm Michalovce;;48.847952;21.849608
70986;24;Košice;Michalovce;Voľa;hl. ulica,O;smer Strážske, Humenné, 1;;48.847952;21.849608
70987;24;Košice;Michalovce;Voľa;hl. ulica,O;smer Strážske, Humenné, 2;;48.847952;21.849608
70988;24;Košice;Michalovce;Michalovce;Sobranecká cesta,O;príjazd od SOhl. ťah E50,Ľ Tesco, StopShop, Sportisimo;;48.745111;21.932378
70989;24;Košice;Michalovce;Michalovce;Sobranecká cesta,O;výjazd na SO,hl. ťah E50, Tesco, StopShop, Sportisimo;;48.745111;21.932378
70990;24;Košice;Michalovce;Michalovce;Močarianska,O;hl. ťah E50,Ľ sm od MI do KE;;48.734967;21.886874
70991;24;Košice;Michalovce;Michalovce;Močarianska,O;hl. ťah E50 sm od KE do MI;;48.734967;21.886874
70992;24;Košice;Michalovce;Michalovce;Močarianska,V;hl. ťah E50,Ľ sm od MI do KE;;48.73076;21.872043
70993;24;Košice;Michalovce;Michalovce;Močarianska,V;hl. ťah E50 sm od KE do MI;;48.73076;21.872043
70996;24;Košice;Michalovce;Michalovce;Močarianska,O;hl. ťah E50,Ľ sm od MI do KE;;48.740966;21.894793
70997;24;Košice;Michalovce;Michalovce;Močarianska,O;hl. ťah E50 sm od KE do Mi;;48.740966;21.894793
70998;24;Košice;Michalovce;Michalovce;Močarianska,J;hl. ťah E50 sm od KE do Mi, pri Sladovni;;48.740469;21.894123
70999;24;Košice;Michalovce;Michalovce;Močarianska,O;hl. ťah E50,Ľ sm od Mi do KE;;48.73848;21.891529
71000;24;Košice;Michalovce;Michalovce;Močarianska,O;hl. ťah E50 sm od KE do Mi;;48.73848;21.891529
71001;24;Košice;Michalovce;Michalovce;Sobranecká cesta,O;hl. ťah E50,Ľ,1 sm od Sobraniec do MI;;48.745143;21.934306
71002;24;Košice;Michalovce;Michalovce;Sobranecká cesta,O;výjazd na SOhl. ťah E50,2 Tesco, StopShop, Sportisimo;;48.745143;21.934306
71003;24;Košice;Michalovce;Michalovce;Sobranecká cesta,O;príjazd od SO,hl. ťah E50,Ľ,3 Tesco, StopShop, Sportisimo;;48.745109;21.933851
71004;24;Košice;Michalovce;Michalovce;Sobranecká cesta,O;výjazd na SO,hl. ťah E50,4 Tesco, StopShop, Sportisimo;;48.745109;21.933851
71005;24;Košice;Michalovce;Michalovce;Močarianska,O;hl. ťah E50,Ľ sm od Mi do KE;;48.730156;21.870489
71006;24;Košice;Michalovce;Michalovce;Močarianska,O;hl. ťah E50 sm od KE do Mi;;48.730156;21.870489
71009;24;Košice;Michalovce;Michalovce;Humenská cesta,J;parkovisko Kaufland čerpacia stanica LPG Flaga,Planeo,SAD, ŽSR;;48.750456;21.901549
71010;24;Košice;Michalovce;Michalovce;Humenská cesta,J;parkovisko Kaufland čerpacia stanica LPG Flaga,Planeo,SAD, ŽSR;;48.750551;21.90143
71011;24;Košice;Michalovce;Michalovce;Sobranecká cesta,O;príjazd od SO,hl. ťah E50,Ľ Tesco, StopShop, Sportisimo;;48.744956;21.922286
71012;24;Košice;Michalovce;Michalovce;Sobranecká cesta,O;hl. ťah E50,výjazd na SO,UA Tesco, StopShop, Sportisimo;;48.744956;21.922286
71013;24;Košice;Michalovce;Michalovce;Močarianska,O;hl. ťah E50,Ľ sm od Mi do KE;;48.737714;21.890512
71014;24;Košice;Michalovce;Michalovce;Močarianska,O;hl. ťah E50 sm od KE do MI;;48.737714;21.890512
71017;24;Košice;Michalovce;Michalovce;Močarianska,O;hl. ťah E50,Ľ sm od Mi do KE;;48.737911;21.890765
71018;24;Košice;Michalovce;Michalovce;Močarianska,O;hl. ťah E50 sm od KE do MI;;48.737911;21.890765
71019;24;Košice;Michalovce;Michalovce;Močarianska,J;hl. ťah E50 sm od KE do MI;;48.739987;21.893302
71020;24;Košice;Trebišov;Sečovce;Dargovských hrdinov,V;hl.ťah E50,Ľ,1 príjazd od KE;;48.704067;21.641788
71021;24;Košice;Trebišov;Sečovce;Dargovských hrdinov,V;hl.ťah E50,2 výjazd smer KE;;48.704067;21.641788
71022;24;Košice;Trebišov;Sečovce;Dargovských hrdinov,O;hl.ťah E50,Ľ sm od KE do MI;;48.704176;21.641081
71023;24;Košice;Trebišov;Sečovce;Dargovských hrdinov,O;hl.ťah E50,4 sm od MI do KE;;48.704176;21.641081
71024;24;Košice;Trebišov;Sečovce;Dargovských hrdinov,J;hl.ťah E50,5 trasa MI-KE;;48.703987;21.642363
71025;24;Prešov;Snina;Snina;ulica SNP,O;príjazd do Sniny od HE,Ľ;;48.982141;22.132377
71026;24;Prešov;Snina;Snina;ulica SNP,O;výjazd zo Sniny sm HE;;48.982141;22.132377
71030;24;Prešov;Snina;Snina;ulica SNP,O;výjazd zo Sniny sm HE,Ľ;;48.984209;22.14046
71031;24;Prešov;Snina;Snina;ulica SNP,O;príazd do Sniny z HE;;48.98429;22.14046
71036;24;Prešov;Snina;Stakčín;centrum,J;križovatka MI-Ubľa-Snina,;;48.999899;22.22598
71039;24;Prešov;Snina;Stakčín;Čsl.Armády,O;príjazd od Sniny želez.stanica;;48.996028;22.219042
71040;24;Prešov;Snina;Stakčín;Čsl.Armády,O;výjazd na Sninu,Ľ železn.stanica;;48.996028;22.219042
71041;24;Košice;Michalovce;Strážske;Vihorlatská,J;príjazd od HE,sm.centrum,Ľ;;48.877727;21.839386
71042;24;Košice;Michalovce;Strážske;Osloboditeľov,V;križ.smer centrum, PO, HE smer centrum,;;48.872824;21.841883
71043;24;Košice;Michalovce;Strážske;Osloboditeľov,V;križovatka smer MI,Ľ smer Vôľa,;;48.872824;21.841883
71044;24;Košice;Michalovce;Voľa;ťah Strážske -MI,O;príjazd od Strážskeho;;48.848171;21.849217
71045;24;Košice;Michalovce;Voľa;ťah MI-Strážske,O;výjazd na Strážske, HE,Ľ;;48.848171;21.849217
71046;24;Košice;Michalovce;Strážske;Vihorlatská,J;výjazd sm.HE, pri AZ,Ľ;;48.875857;21.839968
71047;24;Košice;Košice;Svinica;E-50,KE-MI,O;smer na Sečovce, MI,Ľ;;48.732102;21.458521
71048;24;Košice;Košice;Svinica;E-50,MI-KE,O;smer na KE;;48.732102;21.458521
71049;24;Košice;Košice;Svinica;E-50,KE-MI,O;smer z KE na Sečovce,Ľ;;48.733414;21.465428
71050;24;Košice;Košice;Svinica;E-50,MI-KE,O;smer KE od MI;;48.733414;21.465428
71051;24;Košice;Košice;Svinica;E-50,KE-MI,O;smer z KE do MI,Ľ;;48.737262;21.468439
71052;24;Košice;Košice;Svinica;E-50,MI-KE,O;smer z MI do KE;;48.737262;21.468439
71053;24;Košice;Trebišov;Trebišov;M.R.Štefánika,O;výjazd na VK,Sl.Nové Mesto,Ľ;;48.611082;21.719469
71054;24;Košice;Trebišov;Trebišov;M.R.Štefánika,O;príjazd do TV od Sl.N.Mesta;;48.611082;21.719469
71055;24;Košice;Trebišov;Trebišov;Československej armády,J;žel. stanica,sm centrum,Ľ;;48.629623;21.706085
71056;24;Košice;Trebišov;Trebišov;Milhostovská,J;príjazd do TV od Hriadok;;48.670284;21.712122
71059;24;Košice;Trebišov;Trebišov;Milhostovská,O;časť Milhostov,sm Hriadky,Ľ;;48.670272;21.712214
71060;24;Košice;Trebišov;Trebišov;Milhostovská,O;smer Trebišov,1;;48.670272;21.712214
71061;24;Prešov;Snina;Ubľa;hl.ťah,J;smer Stakčín,Snina;;48.902651;22.385684
71062;24;Košice;Michalovce;Veľké Kapušany;Zelená,O;sm centrum VK,Ľ priemyselný obvod;;48.552321;22.093029
71063;24;Košice;Michalovce;Veľké Kapušany;Zelená,O;smer výjazd na UA priemyselný obvod;;48.552321;22.093029
71064;24;Košice;Michalovce;Veľké Kapušany;Zelená,O;sm výjazd z VK na UA,Ľ;;48.551581;22.086797
71065;24;Košice;Michalovce;Veľké Kapušany;Zelená,O;smer centrum, od UA pri ubytovni Družba;;48.551581;22.086797
71068;24;Prešov;Bardejov;Bardejov;sídlisko Vinbarg,V;odpočívadlo-smer centrum,Ľ;;49.304148;21.271701
71069;24;Prešov;Bardejov;Bardejov;sídlisko Vinbarg,V;odpočívadlo-smer sídlisko;;49.304141;21.271701
71070;24;Prešov;Bardejov;Bardejov;Krátky rad,O;pod Baštou, smer Prešov,Ľ;;49.292198;21.2792
71071;24;Prešov;Bardejov;Bardejov;Krátky rad,O;pod Baštou,smer cent. smer kúpele;;49.292198;21.2792
71072;24;Prešov;Bardejov;Bardejov;sídlisko pod Vinbargom,V;OC Flamingo,smer sídlisko,Ľ;;49.303562;21.273339
71073;24;Prešov;Bardejov;Bardejov;sídlisko pod Vinbargom,V;OC.Flamingo,smer centrum;;49.303562;21.273339
71074;24;Prešov;Prešov;Prešov;Bardejovská,J;na plote dopr.podniku,ČS Slovnaft priemyselná zona,;;49.011825;21.260346
71079;24;Košice;Spišská Nová Ves;Spišská Nová Ves;Letná,O;OC Sintra, centrum mesta;;48.942571;20.574448
71080;24;Košice;Spišská Nová Ves;Spišská Nová Ves;Letná,O;OC Sintra, od parkoviska,centr.mesta;;48.942571;20.574448
71081;24;Košice;Spišská Nová Ves;Spišská Nová Ves;centrum,Školská,J;1,nákupné centrum,parkov 101 drogerie, Univerzita Konštantína Filozofa,COOP Jednota;;48.946666;20.564963
71082;24;Košice;Michalovce;Horovce;E-50,O;výjazd z obce, ťah MI-KE,Ľ;;48.702549;21.763564
71083;24;Košice;Michalovce;Horovce;E-50,O;príjazd do obce, ťah MI-KE pri autob.zastávke;;48.702549;21.763564
71084;24;Košice;Michalovce;Horovce;E-50,O;príjazd do obce, ťah MI-KE,Ľ;;48.702243;21.771793
71085;24;Košice;Michalovce;Horovce;E-50,O;výjazd z obce, ťah KE-MI;;48.702243;21.771793
71086;24;Košice;Trebišov;Hriadky;E50,O;smer MI, ťah KE-MI,Ľ;;48.699253;21.7085
71087;24;Košice;Trebišov;Hriadky;E50,O;smer KE, ťah KE-MI;;48.699253;21.7085
71088;24;Košice;Trebišov;Hriadky;E50,J;príjazd od Trebišova, sm.KE,MI;;48.693778;21.708825
71089;24;Košice;Trebišov;Hriadky;I/18,O;ťah KE-MI,smer MI,P;;48.699945;21.703305
71090;24;Prešov;Humenné;Humenné-Kochanovce;Humenné-Medzilaborce,O;smer Medzilaborce,Ľ;;48.951636;21.944571
71091;24;Prešov;Humenné;Humenné-Kochanovce;Medzilaborce-Humenné,O;smer Humenné;;48.951636;21.944571
71094;24;Prešov;Humenné;Humenné;Mierová,O;areál PJ Bike, výjazd MI,VT,Ľ stavebniny;;48.933945;21.890092
71095;24;Prešov;Humenné;Humenné;Mierová,O;príjazd od MI,VT,areál PJ Bike stavebniny,smer centrum;;48.933945;21.890092
71098;24;Prešov;Humenné;Humenné;Družstevná,O;príjazd z MI,VT,Ľ priemyselná zona,smer centrum;;48.929273;21.88532
71099;24;Prešov;Humenné;Humenné;Družstevná,O;výjazd z HE,smer MI,VT priemyselná zona.;;48.929273;21.88532
71102;24;Prešov;Humenné;Humenné;Družstevná,O;príjazd od MI,VTzáhr.osada,Ľ priemyselná zona,smer centrum;;48.929309;21.88442
71103;24;Prešov;Humenné;Humenné;Družstevná,O;výjazd z HE,smer MI,VTzáhr.osada,1/74 priemyselná zona,;;48.929309;21.88442
71104;24;Prešov;Humenné;Humenné;Družstevná,O;výjazd ze HE,smer MI,VTzáhr.osada,Ľ priemyselná zona,;;48.929197;21.882136
71105;24;Prešov;Humenné;Humenné;Družstevná,O;príjazd do HEod MI,VT,záhr.osa priemyselná zona,;;48.929197;21.882136
71108;24;Košice;Košice;Košice-Džungľa;Severné nábrežie,J;príjazd k OD Tesco,1 Decathlon,Mounfield,OBI,Okay;;48.740787;21.26279
71109;24;Košice;Košice;Košice-Džungľa;Severné nábrežie,J;príjazd k OD Tesco,2 Decathlon,Mounfield,OBI,Okay,;;48.74084;21.262795
71110;24;Košice;Košice;Košice-Dargovských hrdinov;výpadovka,V;príjazd do KE od Prešova,Ľ;;48.738752;21.273159
71111;24;Košice;Košice;Košice-Dargovských hrdinov;výpadovka,V;výjazd smer PO, sídlisko Darg.;;48.738752;21.273159
71112;24;Košice;Košice;Košice-Džungľa;Severné nábrežie,J;obch.dom Tesco, výjazd,1,Ľ;;48.738752;21.273159
71113;24;Košice;Košice;Košice-Džungľa;Severné nábrežie,J;obch.dom Tesco, výjazd,2,Ľ;;48.737421;21.267299
71114;24;Košice;Košice;Košice-Luník II.;Popradská,O;pri FNLP,smer KVP, Popradská,Ľ, cyklochodník;;48.724218;21.232581
71115;24;Košice;Košice;Košice-Luník II.;Popradská,O;pri FNLP,smer Tr.SNP,centrum, cyklochodník;;48.724218;21.232581
71116;24;Košice;Košice;Košice-Luník II.;Popradská,O;pri FNLP,smer KVP,Popradská,Ľ, cyklochodník;;48.723923;21.231547
71117;24;Košice;Košice;Košice-Luník II.;Popradská,O;pri oplotení FnLP,sm Tr.SNP, cyklochodník;;48.723923;21.231547
71121;24;Košice;Košice;Košice-Juh;Jantárova,V;smer Rastislavova,Ľ;;48.704539;21.264012
71122;24;Košice;Košice;Košice-Juh;Jantárova,V;sm križovatka Palackého/Jantár;;48.704539;21.264012
71123;24;Košice;Košice;Košice-Juh;Jantárova,J;križovatka Jant./Južná Tr./Ras;;48.704541;21.263958
71124;24;Košice;Košice;Košice-Juh;Jantárova,J;križovatka Jant./Južná Tr./Ras;;48.704529;21.26388
71125;24;Košice;Košice;Košice-Juh;Jantárova,J;križovatka Jant./Južná Tr./Ras;;48.70452;21.263799
71126;24;Košice;Košice;Košice-Juh;Jantárova,J;križovatka Jant./Južná Tr./Ras;;48.704508;21.263718
71127;24;Košice;Košice;Košice-Juh;Jantárova,J;kr.JužnáTrieda,sm.Rastislavova;;48.704497;21.263644
71128;24;Košice;Košice-okolie;Košický Klečenov;E-50,MI-KE,J;prejazd obcou,sm KE,Ľ;;48.73976;21.508368
71129;24;Košice;Košice-okolie;Košický Klečenov;E-50,MI-KE,O;prejazd obcou,sm KE,Ľ;;48.739967;21.503173
71130;24;Košice;Košice-okolie;Košický Klečenov;E-50,MI-KE,O;prejazd obcou,sm MI;;48.739967;21.503173
71131;24;Košice;Košice-okolie;Košický Klečenov;E-50,MI-KE,O;prejazd obcou, Ľ,sm MI;;48.739773;21.503104
71132;24;Košice;Košice-okolie;Košický Klečenov;E-50,MI-KE,O;prejazd obcou, smer KE;;48.739773;21.503104
71140;24;Prešov;Stará Ľubovňa;Stará Ľubovňa;Levočská,V;obchvat mesta, smer centrum;;49.295252;20.690862
71141;24;Prešov;Stará Ľubovňa;Stará Ľubovňa;Levočská,V;obchvat mesta, Ľ smer Nová Ľubovňa;;49.295252;20.690862
71145;24;Prešov;Prešov;Prešov;Sabinovská,O;sm výjazd z PO do Sabinova;;49.015735;21.236577
71146;24;Prešov;Prešov;Ličartovce;cesta I/20 ,PO-KE,O;cesta I/20 smer Košice,1,Ľ Jednota;;48.870285;21.252129
71151;24;Prešov;Stará Ľubovňa;Plaveč;cesta I/68 O;pri ceste I/68, sm St.Ľubovňa sm od št. hranica PL/SR;;49.258128;20.826928
71472;24;Prešov;Stará Ľubovňa;Plaveč;cesta I/68,O;Ľ, smer od St.Ľubovne na št. hranicu PL/SR;;49.258128;20.826928
71152;24;Prešov;Stará Ľubovňa;Mníšek nad Popradom;Nová,O;výjazd zo SR, sm št.hranica PL centrum obce, vedľa cesty I/68, Ľ;;49.416289;20.719514
71417;24;Prešov;Svidník;Kračúnovce;E371,ťah PO-SK,O;cesta I/73, Ľ smer Prešov;;49.09852;21.479306
71418;24;Prešov;Svidník;Kračúnovce;E371,ťah PO-SK,O;cesta I/73 smer Svidník,Giraltovce;;49.09852;21.479306
71419;24;Košice;Gelnica;Mníšek nad Hnilcom;cesta II.triedy 546,O;Helcmanovce,ČS Slovnaft,sm RV,SNV,Ľ, Slovenský raj a Slovenský Kras;;48.8168383;20.8319248
71420;24;Košice;Gelnica;Mníšek nad Hnilcom;cesta II.triedy 546,O;Helcmanovce,ČS Slovnaft,sm PO,KE;;48.8168383;20.8319248
71421;24;Košice;Gelnica;Mníšek nad Hnilcom;cesta II.triedy 546,O;Helcmanovce,ČS Slovnaft,sm RV,SNV,Ľ, Slovenský raj a Slovenský Kras;;48.8212886;20.8374703
71422;24;Košice;Gelnica;Mníšek nad Hnilcom;cesta II.triedy 546,O;Helcmanovce,ČS Slovnaft,sm PO,KE;;48.8212886;20.8374703
71423;24;Košice;Gelnica;Mníšek nad Hnilcom;cesta II.triedy 546,O;Helcmanovce,ČS Slovnaft,sm RV,SNV,Ľ, Slovenský raj a Slovenský Kras;;48.8216467;20.8378522
71424;24;Košice;Gelnica;Mníšek nad Hnilcom;cesta II.triedy 546,O;Helcmanovce,ČS Slovnaft,sm PO,KE;;48.8216467;20.8378522
71425;24;Košice;Gelnica;Prakovce;cesta II.triedy 546,O;ČS Slovnaft,sm PO,Gelnica,Ľ;;48.8168553;20.9035616
71426;24;Košice;Gelnica;Prakovce;cesta II.triedy 546,O;ČS Slovnaft,sm RV,SNV, Slovenský raj, Slovenský kras;;48.8168553;20.9035616
71427;24;Košice;Gelnica;Gelnica;cesta II.triedy 546,J;TESCO,sm PO,1;;48.8543259;20.9413372
71428;24;Košice;Gelnica;Gelnica;cesta II.triedy 546,J;TESCO,sm PO,2;;48.8542641;20.9412208
71429;24;Košice;Gelnica;Gelnica;cesta II.triedy 546,J;TESCO,sm PO,3;;48.8541639;20.9411333
71430;24;Košice;Gelnica;Gelnica;cesta II.triedy 546,J;TESCO,sm PO,4;;48.8541218;20.9410673
71431;24;Košice;Gelnica;Gelnica;cesta II.triedy 546,J;TESCO,parkovisko,1;;48.8542129;20.9419635
71432;24;Košice;Gelnica;Gelnica;cesta II.triedy 546,J;TESCO,parkovisko,2;;48.8541924;20.9418806
71433;24;Košice;Gelnica;Gelnica;cesta II.triedy 546,J;TESCO,parkovisko,3;;48.8541458;20.9417737
71434;24;Košice;Gelnica;Gelnica;cesta II.triedy 546,J;sm PO,KE,1;;48.8670936;20.9664457
71435;24;Košice;Gelnica;Gelnica;cesta II.triedy 546,J;sm PO,KE,2;;48.8683002;20.9662877
71436;24;Košice;Gelnica;Gelnica;cesta II.triedy 546,J;sm PO,KE,3;;48.8683225;20.9661935
71437;24;Košice;Gelnica;Gelnica;cesta II.triedy 546,O;smer centrum, RV,SNV,Ľ;;48.8682288;20.9684164
71438;24;Košice;Gelnica;Gelnica;cesta II.triedy 546,O;výjazd, smer PO,KE;;48.8682288;20.9684164
71439;24;Košice;Gelnica;Gelnica;cesta II.triedy 546,O;smer centrum, RV,SNV,Ľ;;48.8675932;20.9696804
71440;24;Košice;Gelnica;Gelnica;cesta II.triedy 546,O;výjazd,smer PO,KE;;48.8675932;20.9696804
71441;24;Košice;Gelnica;Gelnica;cesta II.triedy 546,O;smer centrum, RV,SNV,Ľ;;48.8670936;20.9712803
71442;24;Košice;Gelnica;Gelnica;cesta II.triedy 546,O;výjazd,smer PO,KE;;48.8670936;20.9712803
71443;24;Košice;Gelnica;Jaklovce;cesta II.triedy 546,O;sm RV,SNV,Ľ;;48.8730317;20.980656
71444;24;Košice;Gelnica;Jaklovce;cesta II.triedy 546,O;sm PO,KE;;48.8730317;20.980656
71445;24;Košice;Gelnica;Jaklovce;cesta II.triedy 546,O;sm PO,KE,Ľ;;48.8731817;20.9805896
71446;24;Košice;Gelnica;Jaklovce;cesta II.triedy 546,O;sm RV,SNV;;48.8731817;20.9805896
71447;24;Košice;Gelnica;Jaklovce;cesta II.triedy 546,J;ČS Slovnaft, 1,smer RužínPO a Krompachy;;48.8770338;20.997133
71448;24;Košice;Gelnica;Jaklovce;cesta II.triedy 546,J;ČS Slovnaft, 2,smer RužínPO a Krompachy;;48.877038;20.997197
71449;24;Košice;Gelnica;Jaklovce;cesta II.triedy 546,J;čerpacia stanica Slovnaft, sm PO a Krompachy;;48.876017;20.998093
71450;24;Košice;Gelnica;Veľký Folkmar;cesta II.triedy 547,O;sm KE,Ľ;;48.852286;21.022759
71451;24;Košice;Gelnica;Veľký Folkmar;cesta II.triedy 547,O;sm SNV,RV,VN Ružín;;48.852286;21.022759
71452;24;Košice;Gelnica;Veľký Folkmar;cesta II.triedy 547,O;sm KE,Ľ;;48.8522861;21.022759
71453;24;Košice;Gelnica;Veľký Folkmar;cesta II.triedy 547,O;sm SNV,RV,VN Ružín;;48.8522861;21.022759
71454;24;Košice;Gelnica;Veľký Folkmar;cesta II.triedy 547,O;sm KE,Ľ;;48.8511932;21.0296419
71455;24;Košice;Gelnica;Veľký Folkmar;cesta II.triedy 547,O;sm SNV,RV,VN Ružín;;48.8511932;21.0296419
71456;24;Košice;Gelnica;Margecany;cesta II.triedy 547,O;sm Krompachy,SNV,Ľ;;48.9014903;20.9862735
71457;24;Košice;Gelnica;Margecany;cesta II.triedy 547,O;smer PO, KE,VN Ružín;;48.9014903;20.9862735
71458;24;Košice;Gelnica;Margecany;cesta II.triedy 547,O;sm Krompachy,SNV,Ľ;;48.9020501;20.986115
71459;24;Košice;Gelnica;Margecany;cesta II.triedy 547,O;smer PO, KE,VN Ružín;;48.9020501;20.986115
71460;24;Košice;Gelnica;Margecany;cesta II.triedy 547,O;sm Krompachy,SNV,Ľ;;48.9036715;20.9844781
71461;24;Košice;Gelnica;Margecany;cesta II.triedy 547,O;smer PO, KE,VN Ružín;;48.9036715;20.9844781
71462;24;Košice;Spišská Nová Ves;Spišské Vlachy;cesta II.triedy 547,O;sm Spišské Podhradie,SNV,LE,Ľ;;48.9385268;20.8269403
71463;24;Košice;Spišská Nová Ves;Spišské Vlachy;cesta II.triedy 547,O;sm KE,Krompachy;;48.9385268;20.8269403
71464;24;Košice;Spišská Nová Ves;Spišské Vlachy;cesta II.triedy 547,O;sm Krompachy,KE,Ľ;;48.9608142;20.7892284
71465;24;Košice;Spišská Nová Ves;Spišské Vlachy;cesta II.triedy 547,O;sm Spišské Podhradie,SNV,LE;;48.9608142;20.7892284
71466;24;Košice;Spišská Nová Ves;Spišské Vlachy;cesta II.triedy 547,O;sm Krompachy,KE,Ľ;;48.9613835;20.7887986
71467;24;Košice;Spišská Nová Ves;Spišské Vlachy;cesta II.triedy 547,O;sm Spišské Podhradie,SNV,LE;;48.9613835;20.7887986
71468;24;Košice;Košice;Košice-Nad jazerom;Južné nábrezie,O;smer Miškolc, Rožňava, Sídlisko nad Jazerom;;48.7006832;21.2802882
71469;24;Košice;Košice;Košice-Nad jazerom;Južné nábrezie,O;smer PO, MI, Vyšné Opátske,Ľ;;48.7006832;21.2802882
71471;24;Prešov;Kežmarok;Spišská Belá;cesta I/77, O;smer Stará Ľubovňa;;49.195009;20.463867
71473;24;Košice;Trebišov;Hriadky;I/18,O;ťah MI-KE,smer KE,Ľ;;48.699945;21.703305
71474;24;Košice;Michalovce;Michalovce;Lastomírska,O;mliekarne,smer Michalovce,Ľ;;48.73967;21.9226789
71475;24;Košice;Michalovce;Michalovce;Lastomírska,O;mliekarne,smer Veľké Kapušany,výjazd z MI;;48.73967;21.9226789
51011;24;Nitra;Nové Zámky;Štúrovo;Komenského, O;I/76, smer Štúrovo, pri ČS Slovnaft;;47.798672;18.696239
60874;24;Žilina;Turčianske Teplice;Turčianske Teplice;Kollárova,J;SPA & AQUAPARK,parkov,5 Billa,SLSP;;48.863712;18.857971
61339;24;Žilina;Námestovo;Hruštín;I/78,O, 002b;ťah Námestovo-DK,Ľ 002b;;49.314271;19.348454
71470;24;Prešov;Kežmarok;Spišská Belá;cesta I/77, O;smer príjazd do mesta, smer Kežmarok,Ľ;;49.195009;20.463867
41191;24;Bratislava;Bratislava;Bratislava 2-Ružinov;Vajnorský nadjazd,O;smer diaľnica, Konrád,NAY;;48.187794;17.200317
41192;24;Bratislava;Bratislava;Bratislava 2-Ružinov;Vajnorský nadjazd,O;zjazd z diaľnice,sm Vajnory,Konrád,NAY,Ľ;;48.187794;17.200317
41196;24;Bratislava;Bratislava 4;Bratislava 4-DNV;cesta z DNV,O;Kaufland,OC Bory,smer centrum,Lamač;;48.2037;17.03018
41197;24;Bratislava;Bratislava 4;Bratislava 4-DNV;cesta do DNV,O;Kaufland,OC Bory,smer DNV,Ľ;;48.2037;17.03018
41198;24;Bratislava;Bratislava 4;Bratislava 4-Záhor.Bystrica;hl.ťah Stupava-BA,O;sm Záhorská Bystrica,BA;;48.24803;17.03407
41199;24;Bratislava;Bratislava 4;Bratislava 4-Záhor.Bystrica;hl.ťah BA-Stupava,O;smer Stupava,Ľ;;48.24803;17.03407
41200;24;Bratislava;Bratislava 3;Bratislava 3-Vajnory;Senecká cesta,J;križovatka na Vajnory,smer centrum,1;;48.19173;17.21885
41201;24;Bratislava;Bratislava 3;Bratislava 3-Vajnory;Senecká cesta,J;križovatka na Vajnory,smer centrum,2;;48.19173;17.21885
41202;24;Bratislava;Bratislava 3;Bratislava 3-Vajnory;Senecká cesta,J;križovatka na Vajnory,smer centrum,3;;48.19173;17.21885
71032;24;Košice;Michalovce;Nacina Ves;hl. ťah ,O;sm Vranov, Prešov, HE od MI,Ľ pri kostole;;48.827059;21.852468
71033;24;Košice;Michalovce;Nacina Ves;hl. ťah ,O;sm MI, KE, Ukrajina pri kostole;;48.827059;21.852468
71034;24;Košice;Michalovce;Nacina Ves;hl. ťah ,O;sm od MI do Vranov,Prešov,HN,Ľ pri kostole;;48.826361;21.852683
71035;24;Košice;Michalovce;Nacina Ves;hl. ťah ,O;sm MI od Vranov, Prešov, HN pri kostole;;48.826361;21.852683
71143;24;Košice;Michalovce;Nacina Ves;cesta I.triedy ,O;sm z MI do Humenného;;48.830132;21.85076
71144;24;Košice;Michalovce;Nacina Ves;cesta I.triedy ,O;sm z Humenného do MI, Ľ;;48.830132;21.85076
81028;B 10x4;Bratislava;Bratislava 2;Bratislava 2-Ružinov;BIGBOARD,Senecká cesta,3-panel;príjazd do BA,smc,Ľ vrchná časť 81027;;48.189759;17.204895
