e_cis;velikost;kraj;okres;mesto;ul_cis;ul_cis1;ul_cisn;vgs84_n;vgs84_eo
16024;CLV;Banská Bystrica;;Banská Bystrica;Horná;ČSOB,oproti NsP,PRIOR,MÚ;;48.739199;19.155688
16025;CLV;Banská Bystrica;;Banská Bystrica;Horná;ČSOB,oproti NsP,PRIOR,MÚ;;48.739199;19.155688
16026;CLV;Banská Bystrica;;Banská Bystrica;Rudlovská cesta;sm centr,VŠ Akadémia umení;;48.741541;19.151614
16027;CLV;Banská Bystrica;;Banská Bystrica;Rudlovská cesta;sm centr,VŠ Akadémia umení;;48.741541;19.151614
16028;CLV;Banská Bystrica;;Banská Bystrica;Skuteckého;centrum,Akademia umení,konzervatorium Krajský súd;;48.739862;19.15241
16029;CLV;Banská Bystrica;;Banská Bystrica;Skuteckého;centrum,Akademia umení,konzervatorium Krajský súd;;48.739862;19.15241
16030;CLV;Banská Bystrica;;Banská Bystrica;Skuteckého;centrum, Krajský súd,Primabanka základná škola, stredná škola;;48.73818;19.14988
16031;CLV;Banská Bystrica;;Banská Bystrica;Skuteckého;centrum, Krajský súd,Primabanka základná škola, stredná škola;;48.73818;19.14988
16032;CLV;Banská Bystrica;;Banská Bystrica;Horná/nám.Š.Moyzesa;centrum,pešia zóna,pri pošte SLSP,Primabanka,Kooperatíva;;48.736907;19.147513
16033;CLV;Banská Bystrica;;Banská Bystrica;Horná/nám.Š.Moyzesa;centrum,pešia zóna,pri pošte SLSP,Primabanka,Kooperatíva;;48.736907;19.147513
16034;CLV;Banská Bystrica;;Banská Bystrica;Horná/PRIOR;BILLA,DM drogerie,oproti lekárni,sm NsP;;48.73878;19.153467
16035;CLV;Banská Bystrica;;Banská Bystrica;Horná/PRIOR;BILLA,DM drogerie,oproti lekárni,sm Nám.SNP;;48.73878;19.153467
16036;CLV;Banská Bystrica;;Banská Bystrica;nám.Slobody;Dom kultúry,Hotel Lux,sm SAD Tatrabanka;;48.736167;19.156219
16037;CLV;Banská Bystrica;;Banská Bystrica;nám.Slobody;Dom kultúry,Hotel LUX,sm SAD Tatrabanka;;48.736167;19.156219
16040;CLV;Banská Bystrica;;Banská Bystrica;29.augusta;smer železničná stanica,SLSP,základná škola;;48.738227;19.161563
16041;CLV;Banská Bystrica;;Banská Bystrica;29.augusta;smer centrum,SLSP,základná škola;;48.738227;19.161563
16042;CLV;Banská Bystrica;;Banská Bystrica;Cesta ku Smrečine;sm Mičínska,oproti SAD,ČS Shell OC Terminál;;48.734775;19.157033
16043;CLV;Banská Bystrica;;Banská Bystrica;Cesta ku Smrečine;sm Mičínska,oproti SAD,ČS Shell OC Terminál;;48.734775;19.157033
16052;CLV;Banská Bystrica;;Banská Bystrica;Kapitulská;centrum,pri SEZ,pamätník SNP;;48.733971;19.148363
16053;CLV;Banská Bystrica;;Banská Bystrica;Kapitulská;centrum,pri SEZ,pamätník SNP;;48.733971;19.148363
16058;CLV;Banská Bystrica;;Banská Bystrica;Dolná/SP-Allianz;centrum,pešia zóna,Allianz, Poštová banka OC POINT;;48.732285;19.140638
16059;CLV;Banská Bystrica;;Banská Bystrica;Dolná/SP-Allianz;centrum,pešia zóna,Allianz,Poštová banka OC POINT;;48.732285;19.140638
16060;CLV;Banská Bystrica;;Banská Bystrica;Dolná/č.17-19;centr,pešia zóna,Sberbank,VÚB;;48.733662;19.142785
16061;CLV;Banská Bystrica;;Banská Bystrica;Dolná/č.17-19;centr,pešia zóna,Sberbank,VÚB;;48.733662;19.142785
16062;CLV;Banská Bystrica;;Banská Bystrica;Dolná/č.5-7;centr,pešia zóna,Tatra banka,ČSOB;;48.734434;19.143807
16063;CLV;Banská Bystrica;;Banská Bystrica;Dolná/č.5-7;centr,pešia zóna,Tatra banka,ČSOB;;48.734434;19.143807
16068;CLV;Banská Bystrica;;Banská Bystrica;Švermova;sm Fončorda,oproti KÚ SC Europa,VUB,ČS Slovnaft;;48.728643;19.134607
16069;CLV;Banská Bystrica;;Banská Bystrica;Švermova;sm OC Europa,oproti KÚ,SC Europa,VUB,ČS Slovnaft;;48.728643;19.134607
16070;CLV;Banská Bystrica;;Banská Bystrica;Sládkovičova/Kalinčiakova;sm Kremnička,COOP Jednota,pošta poliklinika;;48.720022;19.132359
16071;CLV;Banská Bystrica;;Banská Bystrica;Sládkovičova/Kalinčiakova;sm Kremnička,COOP Jednota,pošta poliklinika;;48.720022;19.132359
16072;CLV;Banská Bystrica;;Banská Bystrica;Sládkovičova;sm ŽS,Nemocnica,COOP Jednota Zdravotnícka Univerzita;;48.721277;19.13317
16073;CLV;Banská Bystrica;;Banská Bystrica;Sládkovičova;sm ŽS,Nemocnica,COOP Jednota Zdravotnícka Univerzita;;48.721277;19.13317
16074;CLV;Banská Bystrica;;Banská Bystrica;Poľná;sm Sládkovičova-Radvaň;;48.721077;19.121716
16075;CLV;Banská Bystrica;;Banská Bystrica;Poľná;sm Sládkovičova-Radvaň;;48.721077;19.121716
16084;CLV;Banská Bystrica;;Banská Bystrica;T.Vansovej;pri Striebornom nám.Tesco Expres;;48.73653;19.141025
16085;CLV;Banská Bystrica;;Banská Bystrica;T.Vansovej;pri Striebornom nám.,Tesco Expres;;48.73653;19.141025
16090;CLV;Banská Bystrica;;Banská Bystrica;Ďumbierska;sm Nová Sásová,základná škola Univerzita Mateja Bela,PNS;;48.753276;19.159665
16091;CLV;Banská Bystrica;;Banská Bystrica;Ďumbierska;sm Nová Sásová,základná škola Univerzita Mateja Bela,PNS;;48.753276;19.159665
16092;CLV;Banská Bystrica;;Banská Bystrica;Karpatská;CBA,sm Nová Sásová;;48.757458;19.162746
16093;CLV;Banská Bystrica;;Banská Bystrica;Karpatská;CBA,sm Nová Sásová;;48.757458;19.162746
16098;CLV;Banská Bystrica;;Banská Bystrica;nám.Ľ.Štúra;sm ŽS,SC Europa,ČS OMV nábytok Važo;;48.726178;19.136651
16099;CLV;Banská Bystrica;;Banská Bystrica;nám.Ľ.Štúra;sm ŽS,SC Europa,ČS OMV nábytok Važo;;48.726176;19.136651
16166;CLV;Banská Bystrica;;Banská Bystrica;nám.Slobody-VÚB;pešia zóna pred vstupom do VÚB,1;;48.737304;19.155327
16167;CLV;Banská Bystrica;;Banská Bystrica;nám.Slobody-VÚB;pešia zóna pred vstupom do VÚB,1 Hotel LUX,COOP Jednota,MU,SLSP,Tatrabanka,;;48.737304;19.155327
16168;CLV;Banská Bystrica;;Banská Bystrica;nám.Slobody-VÚB;pešia zóna pred vstupom do VÚB,2;;48.737057;19.155442
16169;CLV;Banská Bystrica;;Banská Bystrica;nám.Slobody-VÚB;pešia zóna pred vstupom do VÚB,2 Hotel LUX,COOP Jednota,MU,SLSP,Tatrabanka,;;48.737057;19.155442
16176;CLV;Banská Bystrica;;Banská Bystrica;Severná;sm Strieborné nám. Univerzita M.Bela,gymnázium;;48.746286;19.143754
16177;CLV;Banská Bystrica;;Banská Bystrica;Severná;sm Strieborné nám. Univerzita M.Bela,gymnázium;;48.746286;19.143754
16178;CLV;Banská Bystrica;;Banská Bystrica;Lazovná;sm Kostiviarska,;;48.741418;19.14025
16179;CLV;Banská Bystrica;;Banská Bystrica;Lazovná;sm Kostiviarska,;;48.741418;19.14025
16180;CLV_p;Banská Bystrica;;Banská Bystrica;Lazovná;sm Kostiviarska,cintorín,ev-kostol;;48.740118;19.141072
16181;CLV_p;Banská Bystrica;;Banská Bystrica;Lazovná;sm Kostiviarska,cintorín,ev-kostol;;48.740118;19.141072
16182;CLV_p;Banská Bystrica;;Banská Bystrica;Partizánska cesta;sm centrum,pred Riaditeľstvom pôšt;;48.740086;19.161837
16183;CLV_p;Banská Bystrica;;Banská Bystrica;Partizánska cesta;sm centr,pred Riaditeľstvom pôšt;;48.740086;19.161837
16188;CLV;Banská Bystrica;;Banská Bystrica;Okružná;sm Mládežnícka,Billa,školy základná škola;;48.727517;19.124087
16189;CLV;Banská Bystrica;;Banská Bystrica;Okružná;sm Mládežnícka,Billa,školy základná škola;;48.727517;19.124087
16190;CLV;Banská Bystrica;;Banská Bystrica;Štadlerovo nábr.;sm Radvaň,City Bank, Univerzita M.Bela;;48.73202;19.143403
16191;CLV;Banská Bystrica;;Banská Bystrica;Štadlerovo nábr.;sm Radvaň,City Bank,Univerzita M.Bela;;48.73202;19.143403
16192;CLV;Banská Bystrica;;Banská Bystrica;Tajovského;sm nemocnica,školy,Lidl stredná škola;;48.739565;19.129411
16193;CLV;Banská Bystrica;;Banská Bystrica;Tajovského;sm nemocnica,školy,Lidl stredná škola;;48.739565;19.129411
16194;CLV_p;Banská Bystrica;;Banská Bystrica;nám.Š.Moyzesa;sm nám.SNP,Terno,OD,tržnica SLSP,Kooperatíva,BBSK;;48.736739;19.145954
16195;CLV_p;Banská Bystrica;;Banská Bystrica;nám.Š.Moyzesa;sm nám.SNP,Terno,OD,tržnica SLSP,Kooperatíva,BBSK;;48.736739;19.145954
16196;CLV_p;Banská Bystrica;;Banská Bystrica;nám.Š.Moyzesa;sm nám.SNP,Terno,OD,tržnica SLSP,Kooperatíva,BBSK;;48.736651;19.146033
16197;CLV_p;Banská Bystrica;;Banská Bystrica;nám.Š.Moyzesa;sm nám.SNP,Terno,OD,tržnica SLSP,Kooperatíva,BBSK;;48.736651;19.146033
16198;CLV_p;Banská Bystrica;;Banská Bystrica;Sládkovičova;sm centr,COOP Jednota,Zdravotnícka Univerzita poliklinika;;48.721554;19.133
16199;CLV_p;Banská Bystrica;;Banská Bystrica;Sládkovičova;sm centr,COOP Jednota,Zdravotnícka Univerzita poliklinika;;48.721554;19.133
16200;CLV_p;Banská Bystrica;;Banská Bystrica;Sládkovičova;sm centr,Zdratovnícka Univerzita základná škola;;48.721745;19.13291
16201;CLV_p;Banská Bystrica;;Banská Bystrica;Sládkovičova;sm centr,Zdratovnícka Univerzita základná škola;;48.721745;19.13291
16206;CLV_p;Banská Bystrica;;Banská Bystrica;Rudohorská/Karpatská;sm centr,škola,obch.centrum Poliklinika;;48.761126;19.166318
16207;CLV_p;Banská Bystrica;;Banská Bystrica;Rudohorská/Karpatská;sm centr,škola,obch.centrum POliklinika;;48.761126;19.166318
16216;CLV_p;Banská Bystrica;;Banská Bystrica;Horná/PRIOR;pri vchode, BILLA, Pepco;;48.738939;19.153625
16217;CLV_p;Banská Bystrica;;Banská Bystrica;Horná/PRIOR;pri vchode,BILLA, Pepco;;48.738939;19.153625
16234;CLV_p;Banská Bystrica;;Banská Bystrica;29.augusta/ŽSR;pri Kauflande,SLSP,železn.,stanica gymnázium;;48.735694;19.164254
16235;CLV_p;Banská Bystrica;;Banská Bystrica;29.augusta/ŽSR;pri Kauflande,železn.stanica,SLSP, gymnázium;;48.735694;19.164254
16238;CLV;Banská Bystrica;;Banská Bystrica;Rudohorská;pri polikl.,sm centr/BR COOP Jednota,CBA,základná škola;;48.7605;19.166369
16239;CLV;Banská Bystrica;;Banská Bystrica;Rudohorská;pri polikl.,sm centr/BR COOP Jednota,CBA,základná škola;;48.7605;19.166369
16240;CLV;Banská Bystrica;;Banská Bystrica;Rudohorská;pri polikl.,sm centr/BR COOP Jednota,CBA,základná škola;;48.760081;19.166451
16241;CLV;Banská Bystrica;;Banská Bystrica;Rudohorská;pri polikl.,sm centr/BR COOP Jednota,CBA,základná škola;;48.760081;19.166451
16242;CLV;Banská Bystrica;;Banská Bystrica;Rudohorská;pri polikl.,sm centr/BR COOP Jednota,CBA,základná škola;;48.759374;19.16653
16243;CLV;Banská Bystrica;;Banská Bystrica;Rudohorská;pri polikl.,sm centr/BR COOP Jednota,CBA,základná škola;;48.759374;19.16653
16250;CLV;Banská Bystrica;;Banská Bystrica;Nová;Daňový úrad,COOP Jednota, základná škola;;48.730823;19.124358
16251;CLV;Banská Bystrica;;Banská Bystrica;Nová;Daňový úrad,COOP Jednota, základná škola;;48.730823;19.124358
16252;CLV;Banská Bystrica;;Banská Bystrica;kpt.Nálepku;oproti BILLA,sm Radvaň ihriská;;48.728482;19.122712
16253;CLV;Banská Bystrica;;Banská Bystrica;kpt.Nálepku;oproti BILLA,sm Radvaň ihriská;;48.728482;19.122712
16325;CLV;Banská Bystrica;;Banská Bystrica;Kuzmányho;pri Štadl.nábreží,Allianz,Poštová banka;;48.73199;19.140384
16326;CLV;Banská Bystrica;;Banská Bystrica;Kuzmányho;pri Štadl.nábreží,Allianz,Poštová banka;;48.73199;19.140384
16349;CLV;Banská Bystrica;;Banská Bystrica;29.augusta;"pred OC Kaufland, sm Kaufland v blízkosti ""Terminal"",ŽSR";;48.735889;19.164006
16350;CLV;Banská Bystrica;;Banská Bystrica;29.augusta;"pred OC Kaufland, ŽSR v blízkosti ""Terminal"",sm ŽSR";;48.735889;19.164006
16351;CLV;Banská Bystrica;;Banská Bystrica;29.augusta;"pred ŽSR,OC Kaufland v blízkosti ""Terminal""";;48.735707;19.163887
16352;CLV;Banská Bystrica;;Banská Bystrica;29.augusta;"pred ŽSR,OC Kaufland v blízkosti OC Terminal""";;48.735707;19.163887
16353;CLV;Banská Bystrica;;Banská Bystrica;29.augusta;od centra mesta smer ŽSR,pri ORANGE,Drogéria TETA, CAFE;;48.739139;19.161364
16354;CLV;Banská Bystrica;;Banská Bystrica;29.augusta;sm centrum pri ORANGE,Drogéria TETA, CAFE;;48.739139;19.161364
16355;CLV;Banská Bystrica;;Banská Bystrica;29.augusta;oproti budove pošty sm centrum, Partizánska ul.;;48.739381;19.161594
16356;CLV;Banská Bystrica;;Banská Bystrica;29.augusta;oproti budove pošty, smer ŽSR, Kufland, Terminal;;48.739381;19.161594
16357;CLV;Banská Bystrica;;Banská Bystrica;29.augusta;od ŽSR, sm centrum mesta poisťovňa Dôvera, Slov.poisťovňa;;48.737253;19.162603
16358;CLV;Banská Bystrica;;Banská Bystrica;29.augusta;sm ŽSR, odcentra mesta poisťovňa Dôvera, Slov.poisťovňa;;48.737253;19.162603
16359;CLV;Banská Bystrica;;Banská Bystrica;Tr.SNP;sieť obchodov, reštaurácia smer ŽSR;;48.737331;19.159
16360;CLV;Banská Bystrica;;Banská Bystrica;Tr.SNP;sieť obchodov, reštaurácia reštaurácie, záhr.potreby,smer centrum;;48.737331;19.159
16361;CLV;Banská Bystrica;;Banská Bystrica;Tr.SNP;sieť obchodov, reštaurácia papierníctvo, maloobchody, sm ŽSR;;48.737275;19.158656
16362;CLV;Banská Bystrica;;Banská Bystrica;Tr.SNP;sieť obchodov, reštaurácia papierníctvo, maloobchody, sm centrum;;48.737275;19.158656
16363;CLV;Banská Bystrica;;Banská Bystrica;Švermova/Hutná;oproti Okresnému úradu, sm Dukla plaváreň,štadion;;48.728656;19.134617
16364;CLV;Banská Bystrica;;Banská Bystrica;Švermova/Hutná;oproti Okresnému úradu, smer centrum Dukla, plaváreň;;48.728656;19.134617
16365;CLV;Banská Bystrica;;Banská Bystrica;Švermova;pri OC Europa,centrum,smer Fončorda;;48.728881;19.135778
16366;CLV;Banská Bystrica;;Banská Bystrica;Švermova;smer OC Európa, centrum;;48.728881;19.135778
16367;CLV;Banská Bystrica;;Banská Bystrica;Švermova;pri OC Europa,centrum,smer Fončorda;;48.728825;19.135689
16368;CLV;Banská Bystrica;;Banská Bystrica;Švermova;pri Európe, centrum sm Europa, centrum;;48.728825;19.135689
26001;CLP;Banská Bystrica;;Banská Bystrica;29.augusta-AZ;nákup.zóna,budova Slov.pošty,Ľ,vnt CBA,gymnázium;;48.738843;19.162048
26002;CLP;Banská Bystrica;;Banská Bystrica;29.augusta-AZ;nákup.zóna,budova Slov.pošty,Ľ,vnk CBA,gymnázium;;48.738843;19.162048
26003;CLP;Banská Bystrica;;Banská Bystrica;Partizánska cesta-AZ;pred StVaK,Krajská prokuratúra,P,vnk;;48.739623;19.159726
26004;CLP;Banská Bystrica;;Banská Bystrica;Partizánska cesta-AZ;pred StVaK,Krajská prokuratúra,P,vnt;;48.739634;19.159725
26005;CLP;Banská Bystrica;;Banská Bystrica;Partizánska cesta-AZ;pred StVaK,Krajská prokuratúra,Ľ,vnt;;48.739701;19.159666
26006;CLP;Banská Bystrica;;Banská Bystrica;Partizánska cesta-AZ;pred StVaK,Krajská prokuratúra,Ľ,vnk;;48.739689;19.15965
26007;CLP;Banská Bystrica;;Banská Bystrica;nám.Slobody-AZ;MÚ,banky,PRIOR,Z/vnt,1.sprava Hotel LUX,COOP Jednota,VUB,SLSP,Tatrabanka,;;48.737423;19.155454
26008;CLP;Banská Bystrica;;Banská Bystrica;nám.Slobody-AZ;MÚ,banky,PRIOR,Z/vnt,2.sprava Hotel LUX,COOP Jednota,VUB,SLSP,Tatrabanka,;;48.737348;19.155549
26009;CLP;Banská Bystrica;;Banská Bystrica;nám.Slobody-AZ;MÚ,banky,PRIOR,Ľ,vnt Hotel LUX,COOP Jednota,VUB,SLSP,Tatrabanka,;;48.737284;19.155643
26010;CLP;Banská Bystrica;;Banská Bystrica;nám.Slobody-AZ;MÚ,banky,PRIOR,Ľ,vnk Hotel LUX,COOP Jednota,VUB,SLSP,Tatrabanka,;;48.737284;19.155643
26011;CLP;Banská Bystrica;;Banská Bystrica;nám.Slobody-AZ;MÚ,banky,PRIOR,Z/vnk,1.sprava Hotel LUX,COOP Jednota,VUB,SLSP,Tatrabanka,;;48.737423;19.155454
26012;CLP;Banská Bystrica;;Banská Bystrica;nám.Slobody-AZ;MÚ,banky,PRIOR,Z/vnk,2.sprava Hotel LUX,COOP Jednota,VUB,SLSP,Tatrabanka,;;48.737348;19.155549
26013;CLP;Banská Bystrica;;Banská Bystrica;Štefánikovo nábr.-AZ;pred Okres.inšpekt.,sm Radvaň,P,vnk parkovisko;;48.733584;19.150483
26014;CLP;Banská Bystrica;;Banská Bystrica;Štefánikovo nábr.-AZ;pred Okres.inšpekt.,sm Radvaň,P,vnt parkovisko;;48.733572;19.150467
26015;CLP;Banská Bystrica;;Banská Bystrica;Štefánikovo nábr.-AZ;pred Okres.inšpekt,sm Radvaň,Ľ,vnt parkovisko;;48.733626;19.150427
26016;CLP;Banská Bystrica;;Banská Bystrica;Štefánikovo nábr.-AZ;pred Okres.inšpek,sm Radvaň,Ľ,vnk parkovisko;;48.733626;19.150427
26017;CLP;Banská Bystrica;;Banská Bystrica;Štefánikovo nábr.,sm ŽSR-AZ;pri Hrone,Hotel LUX,Ľ,vnt;;48.733409;19.150918
26018;CLP;Banská Bystrica;;Banská Bystrica;Štefánikovo nábr.,sm ŽSR-AZ;pri Hrone,Hotel LUX,Ľ,vnk;;48.733409;19.150918
26019;CLP;Banská Bystrica;;Banská Bystrica;Štadlerovo nábr.-AZ;divadlo,rektorát UMB,sm Radvaň,Ľ,vnt Hotel Národný dom,divadlo,Univerzita M.Bela;;48.732444;19.146197
26020;CLP;Banská Bystrica;;Banská Bystrica;Štadlerovo nábr.-AZ;divadlo,rektorát UMB,sm Radvaň,Ľ,vnk Hotel Národný dom,divadlo,Univerzita M.Bela;;48.732444;19.146197
26021;CLP;Banská Bystrica;;Banská Bystrica;Štadlerovo nábr.,sm ŽSR-AZ;pri Hrone,Malá stanica ŽSR,Ľ,vnt Hotel Národný dom,divadlo,Univerzita M.Bela;;48.732175;19.146331
26022;CLP;Banská Bystrica;;Banská Bystrica;Štadlerovo nábr.,sm ŽSR-AZ;pri Hrone,Malá stanica ŽSR,Ľ,vnk Hotel Národný dom,divadlo,Univerzita M.Bela;;48.732175;19.146331
26023;CLP;Banská Bystrica;;Banská Bystrica;Štadlerovo nábr./Hušták-AZ;sm Radvaň-1,prestupný uzol,Ľ,vnt OC POINT,SC Europa,Allianz,Poštová banka,parkovisko;;48.7317;19.140844
26024;CLP;Banská Bystrica;;Banská Bystrica;Štadlerovo nábr./Hušták-AZ;sm Radvaň-1,prestupný uzol,Ľ,vnk OC POINT,SC Europa,Allianz,Poštová banka;;48.7317;19.140844
26027;CLP;Banská Bystrica;;Banská Bystrica;nám.Ľ.Štúra,sm Radvaň-AZ;oproti McDonald,OMV,Ľ,vnt Kaufland, základná škola;;48.724628;19.133537
26028;CLP;Banská Bystrica;;Banská Bystrica;nám.Ľ.Štúra,sm Radvaň-AZ;oproti McDonald,OMV,Ľ,vnk Kaufland,základná škola;;48.724628;19.133537
26029;CLP;Banská Bystrica;;Banská Bystrica;nám.Ľ.Štúra,sm ŽSR-AZ;OMV,McDonald,P,vnk Kaufland,základná škola;;48.724245;19.134134
26030;CLP;Banská Bystrica;;Banská Bystrica;nám.Ľ.Štúra,sm ŽSR-AZ;OMV,McDonald,P,vnt Kaufland,základná škola;;48.724245;19.134134
26031;CLP;Banská Bystrica;;Banská Bystrica;nám.Ľ.Štúra,sm ŽSR-AZ;OMV,McDonald,Ľ,vnt Kaufland,základná škola;;48.724191;19.134209
26032;CLP;Banská Bystrica;;Banská Bystrica;nám.Ľ.Štúra,sm ŽSR-AZ;OMV,McDonald,Ľ,vnk Kaufland,základná škola;;48.724191;19.134209
26033;CLP;Banská Bystrica;;Banská Bystrica;kpt.Nálepku/sm ŽSR-AZ;Tesco expres,malá tržnica,nákup.centr,Ľ,vnt;;48.728141;19.130233
26034;CLP;Banská Bystrica;;Banská Bystrica;kpt.Nálepku/sm ŽSR-AZ;Tesco expres,malá tržnica,nákup.centr,Ľ,vnk;;48.728141;19.130233
26035;CLP;Banská Bystrica;;Banská Bystrica;tr.Hradca Králové,sm Radvaň-AZ;kúpalisko,športoviská,P,vnk základná škola,materská škola;;48.735452;19.123589
26036;CLP;Banská Bystrica;;Banská Bystrica;tr.Hradca Králové,sm Radvaň-AZ;kúpalisko,športoviská,P,vnt základná škola,materská škola;;48.735452;19.123589
26037;CLP;Banská Bystrica;;Banská Bystrica;tr.Hradca Králové,sm Radvaň-AZ;kúpalisko,športoviská,Ľ,vnt základná škola,materská škola;;48.735425;19.12349
26038;CLP;Banská Bystrica;;Banská Bystrica;tr.Hradca Králové,sm Radvaň-AZ;kúpalisko,športoviská,Ľ,vnk základná škola,materská škola;;48.735425;19.12349
26039;CLP;Banská Bystrica;;Banská Bystrica;Gaštanová-AZ;pred ZŠ,1.AZ zľava,Ľ,vnt;;48.741442;19.106236
26040;CLP;Banská Bystrica;;Banská Bystrica;Gaštanová-AZ;pred ZŠ,1.AZ zľava,Ľ,vnk;;48.741442;19.106236
26041;CLP;Banská Bystrica;;Banská Bystrica;Tajovského/UMB-AZ;Univerzita MB,internáty,Ľ,vnt;;48.741012;19.121836
26042;CLP;Banská Bystrica;;Banská Bystrica;Tajovského/UMB-AZ;Univerzita MB,internáty,Ľ,vnk;;48.741012;19.121836
26045;CLP;Banská Bystrica;;Banská Bystrica;Tajovského/park-AZ;sm centr,Univerzita M.Bela,Ľ,vnt park;;48.737458;19.13964
26046;CLP;Banská Bystrica;;Banská Bystrica;Tajovského/park-AZ;sm centr,Univerzita M.Bela,Ľ,vnk park;;48.737458;19.13964
26047;CLP;Banská Bystrica;;Banská Bystrica;Gaštanová-AZ;pred ZŠ,2.AZ zľava,Ľ,vnt;;48.741535;19.106261
26048;CLP;Banská Bystrica;;Banská Bystrica;Gaštanová-AZ;pred ZŠ,2.AZ zľava,Ľ,vnk;;48.741535;19.106261
26049;CLP;Banská Bystrica;;Banská Bystrica;Kyjevské nám.-AZ;COOP Jednota,sm centr,Ľ,vnt DM drogerie,pošta,základná škola;;48.726882;19.120974
26050;CLP;Banská Bystrica;;Banská Bystrica;Kyjevské nám.-AZ;COOP Jednota,sm centr,Ľ,vnk DM drogerie,pošta,základná škola;;48.726882;19.120974
26051;CLP;Banská Bystrica;;Banská Bystrica;Kyjevské nám.-AZ;COOP Jednota,sm Radvaň,Ľ,vnt DM drogerie,pošta,základná škola;;48.727084;19.120431
26052;CLP;Banská Bystrica;;Banská Bystrica;Kyjevské nám.-AZ;COOP Jednota,sm Radvaň,Ľ,vnk DM drogerie,pošta,základná škola;;48.727084;19.120431
26053;CLP;Banská Bystrica;;Banská Bystrica;Komenského-AZ;gymnázium,smer Kostiviarska,Ľ,vnt;;48.741666;19.146473
26054;CLP;Banská Bystrica;;Banská Bystrica;Komenského-AZ;gymnázium,smer Kostiviarska,Ľ,vnk;;48.741666;19.146473
26055;CLP;Banská Bystrica;;Banská Bystrica;Lazovná-AZ;sm Strieborné nám.,Ľ,vnt;;48.742203;19.139905
26056;CLP;Banská Bystrica;;Banská Bystrica;Lazovná-AZ;sm Strieborné nám.,Ľ,vnk;;48.742203;19.139905
26057;CLP;Banská Bystrica;;Banská Bystrica;Strieborné nám.-AZ;detská NsP,Tesco expres,Ľ,vnt;;48.737346;19.142475
26058;CLP;Banská Bystrica;;Banská Bystrica;Strieborné nám.-AZ;detská NsP,Tesco expres,Ľ,vnk;;48.737346;19.142475
26059;CLP;Banská Bystrica;;Banská Bystrica;Tajovského/EF-AZ;sm Podlavice,UMB,amfiteáter,Ľ,vnt park;;48.738094;19.139066
26060;CLP;Banská Bystrica;;Banská Bystrica;Tajovského/EF-AZ;sm Podlavice,UMB,amfiteáter,Ľ,vnk park;;48.738094;19.139066
26061;CLP;Banská Bystrica;;Banská Bystrica;Podlavická cesta-AZ;sm Tajov,Ľ,vnt;;48.744331;19.109494
26062;CLP;Banská Bystrica;;Banská Bystrica;Podlavická cesta-AZ;sm Tajov,Ľ,vnk;;48.744331;19.109494
26063;CLP;Banská Bystrica;;Banská Bystrica;Nové Kalište-AZ;sm Radvaň,Billa,školy,Ľ,vnt materská škola;;48.729023;19.121874
26064;CLP;Banská Bystrica;;Banská Bystrica;Nové Kalište-AZ;sm Radvaň,Billa,školy,Ľ,vnk materská škola;;48.729023;19.121874
26066;CLP;Banská Bystrica;;Banská Bystrica;Internátna-AZ;sm centr,1.AZ zľava,Ľ,vnt;;48.728857;19.119902
26067;CLP;Banská Bystrica;;Banská Bystrica;Internátna-AZ;sm centr,1.AZ zľava,Ľ,vnk;;48.728835;19.119905
26068;CLP;Banská Bystrica;;Banská Bystrica;Internátna-AZ;sm centr,2.AZ zľava,P,vnk;;48.728818;19.119803
26069;CLP;Banská Bystrica;;Banská Bystrica;Internátna-AZ;sm centr,2.AZ zľava,P,vnt;;48.728818;19.119803
26072;CLP;Banská Bystrica;;Banská Bystrica;kpt.Nálepku-AZ;Tesco expres,sm Mládežnícka,Ľ,vnt;;48.728152;19.128812
26073;CLP;Banská Bystrica;;Banská Bystrica;kpt.Nálepku-AZ;Tesco expres,sm Mládežnícka,Ľ,vnk;;48.728152;19.128812
26074;CLP;Banská Bystrica;;Banská Bystrica;Okružná-AZ;základná škola,sm centr,P,vnk;;48.727408;19.125104
26075;CLP;Banská Bystrica;;Banská Bystrica;Okružná-AZ;základná škola,sm centr,P,vnt;;48.727408;19.125104
26076;CLP;Banská Bystrica;;Banská Bystrica;Zvolenská/Kúpeľná-AZ;oproti vjazdu na park.HM Tesco,P,vnk ČS Agip,ČS Tesco,Tatrabanka;;48.716876;19.134947
26077;CLP;Banská Bystrica;;Banská Bystrica;Zvolenská/Kúpeľná-AZ;oproti vjazdu na park.HM Tesco,P,vnt ČS Agip,ČS Tesco,Tatrabanka;;48.716876;19.134947
26078;CLP;Banská Bystrica;;Banská Bystrica;Zvolenská/Kúpeľná-AZ;vjazd na park.HM Tesco,Z/vnt ČS Agip,ČS Tesco,Tatrabanka;;48.716596;19.133698
26079;CLP;Banská Bystrica;;Banská Bystrica;nám.Ľ.Štúra-AZ;sm centr,KÚ,SC Europa,Ľ,vnt;;48.726857;19.136661
26080;CLP;Banská Bystrica;;Banská Bystrica;nám.Ľ.Štúra-AZ;sm centr,KÚ,SC Europa,Ľ,vnk;;48.726869;19.136677
26085;CLP;Banská Bystrica;;Banská Bystrica;Viestova-AZ;sm centr,základná škola,Ľ,vnt;;48.728243;19.156933
26086;CLP;Banská Bystrica;;Banská Bystrica;Viestova-AZ;sm centr,základná škola,Ľ,vnk;;48.728243;19.156933
26087;CLP;Banská Bystrica;;Banská Bystrica;Mičínska/Ryba-AZ;sm centr,Ľ,vnt;;48.730438;19.162677
26088;CLP;Banská Bystrica;;Banská Bystrica;Mičínska/Ryba-AZ;sm centr,Ľ,vnk;;48.730438;19.162677
26089;CLP;Banská Bystrica;;Banská Bystrica;Mičínska-AZ;východzia MHD,P,vnk COOP Jednota,zimný štadion;;48.732789;19.159852
26090;CLP;Banská Bystrica;;Banská Bystrica;Mičínska-AZ;východzia MHD,P,vnt COOP Jednota,zimný štadion;;48.732665;19.159761
26091;CLP;Banská Bystrica;;Banská Bystrica;Mičínska-AZ;východzia MHD,Ľ,vnt COOP Jednota,zimný štadion;;48.732594;19.1597
26092;CLP;Banská Bystrica;;Banská Bystrica;Mičínska-AZ;východzia MHD,Ľ,vnk COOP Jednota,zimný štadion;;48.732594;19.1597
26095;CLP;Banská Bystrica;;Banská Bystrica;Sládkovičova-AZ;sm Kremnička,pošta,NsP,Ľ,vnt;;48.71957;19.13222
26096;CLP;Banská Bystrica;;Banská Bystrica;Sládkovičova-AZ;sm Kremnička,pošta,NsP,Ľ,vnk;;48.71957;19.13222
26105;CLP;Banská Bystrica;;Banská Bystrica;Mládežnícka-AZ;sm centr,Ľ,vnt COOP Jednota;;48.725353;19.121769
26106;CLP;Banská Bystrica;;Banská Bystrica;Mládežnícka-AZ;sm centr,Ľ,vnk COOP Jednota;;48.725353;19.121769
26107;CLP;Banská Bystrica;;Banská Bystrica;Partizánska cesta/IBP-AZ;sm BR,oproti Tlačiarňam,Ľ,vnt ČS Slovnaft;;48.740222;19.169753
26108;CLP;Banská Bystrica;;Banská Bystrica;Partizánska cesta/IBP-AZ;sm BR,oproti Tlačiarňam,Ľ,vnk ČS Slovnaft;;48.740222;19.169753
26111;CLP;Banská Bystrica;;Banská Bystrica;Internátna-AZ;otočka MHD,Ľ,vnt internát stred.školy;;48.732542;19.117996
26112;CLP;Banská Bystrica;;Banská Bystrica;Internátna-AZ;otočka MHD,Ľ,vnk internát stred.školy;;48.732542;19.117996
26119;CLP;Banská Bystrica;;Banská Bystrica;Moskovská-AZ;sm Poľná,COOP Jednota,Ľ,vnt základná škola,stredná škola;;48.724296;19.117994
26120;CLP;Banská Bystrica;;Banská Bystrica;Moskovská-AZ;sm Poľná,COOP Jednota,Ľ,vnk základná škola,stredná škola;;48.724296;19.117994
26121;CLP;Banská Bystrica;;Banská Bystrica;Rudohorská-AZ;oporný múr,pošta,Ľ,vnt COOP Jednota,VUB;;48.756232;19.166452
26122;CLP;Banská Bystrica;;Banská Bystrica;Rudohorská-AZ;oporný múr,Ľ,vnk;;48.756232;19.166452
26123;CLP;Banská Bystrica;;Banská Bystrica;Tatranská-AZ;Billa,ČS Oktan,Ľ,vnt materská škola;;48.756747;19.170897
26124;CLP;Banská Bystrica;;Banská Bystrica;Tatranská-AZ;Billa,ČS Oktan,Ľ,vnk materská škola;;48.756747;19.170897
26125;CLP;Banská Bystrica;;Banská Bystrica;Štadlerovo nábr./Hušták-AZ;sm ŽSR,prestupný uzol MHD,P,vnk;;48.731629;19.142183
26126;CLP;Banská Bystrica;;Banská Bystrica;Štadlerovo nábr./Hušták-AZ;sm ŽSR,prestupný uzol MHD,P,vnt;;48.731629;19.142183
26127;CLP;Banská Bystrica;;Banská Bystrica;Štadlerovo nábr./Hušták-AZ;sm ŽSR,prestupný uzol MHD,Ľ,vnt;;48.731572;19.14219
26128;CLP;Banská Bystrica;;Banská Bystrica;Štadlerovo nábr./Hušták-AZ;sm ŽSR,prestupný uzol MHD,Ľ,vnk;;48.731572;19.14219
26129;CLP;Banská Bystrica;;Banská Bystrica;Tajovského/SOU-AZ;sm Tajov/NsP,stredná škola,Ľ,vnt;;48.740483;19.126415
26130;CLP;Banská Bystrica;;Banská Bystrica;Tajovského/SOU-AZ;sm Tajov/NsP,stredná škola,Ľ,vnk;;48.740483;19.126415
26137;CLP;Banská Bystrica;;Banská Bystrica;Ďumbierska-AZ;základná škola,Univerzita MB,Ľ,vnt;;48.752469;19.158629
26138;CLP;Banská Bystrica;;Banská Bystrica;Ďumbierska-AZ;základná škola,Univerzita MB,Ľ,vnk;;48.752469;19.158629
26139;CLP;Banská Bystrica;;Banská Bystrica;Na Hrbe,sm centrum-AZ;sídlisko Sásová,Ľ,vnt;;48.745009;19.184716
26140;CLP;Banská Bystrica;;Banská Bystrica;Na Hrbe,sm centrum-AZ;sídlisko Sásová,Ľ,vnk;;48.745009;19.184716
26141;CLP;Banská Bystrica;;Banská Bystrica;Partizánska c./pred SAD-AZ;príj.od Brezna,ČS Shell,Ľ,vnt;;48.742153;19.182524
26142;CLP;Banská Bystrica;;Banská Bystrica;Partizánska c./pred SAD-AZ;príj.od Brezna,ČS Shell,Ľ,vnk;;48.742153;19.182524
26143;CLP;Banská Bystrica;;Banská Bystrica;Partizánska cesta,BP-AZ;sm BR,oproti Povodiu Hrona,Ľ,vnt ČS Slovnaft;;48.741113;19.173738
26144;CLP;Banská Bystrica;;Banská Bystrica;Partizánska cesta,BP-AZ;sm BR,oproti Povodiu Hrona,Ľ,vnk ČS Slovnaft;;48.741113;19.173738
26145;CLP;Banská Bystrica;;Banská Bystrica;Partizánska cesta-AZ;sm centrum,pred Tlačiarňami,Ľ,vnt;;48.74059;19.169556
26146;CLP;Banská Bystrica;;Banská Bystrica;Partizánska cesta-AZ;sm centrum,pred Tlačiarňami,Ľ,vnk;;48.74059;19.169556
26147;CLP;Banská Bystrica;;Banská Bystrica;29.augusta/ŽSR-AZ;pred budovou ŽSR,P,vnk Kaufland,SLSP,gymnázium;;48.735677;19.16325
26148;CLP;Banská Bystrica;;Banská Bystrica;29.augusta/ŽSR-AZ;pred budovou ŽSR,P,vnt Kaufland,SLSP,gymnázium;;48.735677;19.16325
26149;CLP;Banská Bystrica;;Banská Bystrica;29.augusta/ŽSR-AZ;pred Kauflandom,Ľ,vnt železn.stanica,SLSP,gymnázium;;48.73574;19.163831
26150;CLP;Banská Bystrica;;Banská Bystrica;29.augusta/ŽSR-AZ;pred Kauflandom,Ľ,vnk železničná stanica,SLSP,gymnázium;;48.73574;19.163831
26151;CLP;Banská Bystrica;;Banská Bystrica;Štadlerovo nábr./Hušták-AZ;sm Radvaň-2,prestupný uzol,Ľ,vnt OC PONIT,SC Europa,Allianz,Poštová banka;;48.731768;19.141063
26152;CLP;Banská Bystrica;;Banská Bystrica;Štadlerovo nábr./Hušták-AZ;sm Radvaň-2,prestupný uzol,Ľ,vnk OC POINT,SC Europa,Allianz,Poštová banka,;;48.731768;19.141063
26153;CLP;Banská Bystrica;;Banská Bystrica;Štadlerovo nábr./Hušták-AZ;sm Radvaň-3,prestupný uzol,Ľ,vnt OC POINT,SC Europa,Allianz,Poštová banka,;;48.731682;19.140708
26154;CLP;Banská Bystrica;;Banská Bystrica;Štadlerovo nábr./Hušták-AZ;sm Radvaň-3,prestupný uzol,Ľ,vnk OC POINT, Europa,Allianz,Poštová banka,;;48.731682;19.140708
26157;CLP;Banská Bystrica;;Banská Bystrica;Sládkovičova,NAY-AZ;sm centrum,HM TESCO,ČS,Ľ,vnt OBI,COOP jednota,Lukoil,AGIP;;48.713396;19.132431
26158;CLP;Banská Bystrica;;Banská Bystrica;Sládkovičova,NAY-AZ;sm centrum,HM TESCO,ČS,Ľ,vnk OBI,COOP jednota,LUkoil,AGIP;;48.713396;19.132431
26159;CLP;Banská Bystrica;;Banská Bystrica;Sládkovičova,oproti NAY-AZ;sm Kremnička,HM TESCO,ČS,Ľ,vnt COOP Jednota,OBI,Lukoil,AGIP;;48.713519;19.131916
26160;CLP;Banská Bystrica;;Banská Bystrica;Sládkovičova,oproti NAY-AZ;sm Kremnička,HM TESCO,ČS,Ľ,vnk COOP Jednota,OBI,Lukoil,AGIP;;48.713519;19.131916
26161;CLP;Banská Bystrica;;Banská Bystrica;Sládkovičova,ZVT-AZ;sm centrum,P,vnk;;48.708862;19.130364
26162;CLP;Banská Bystrica;;Banská Bystrica;Sládkovičova,ZVT-AZ;sm centrum,P,vnt;;48.708862;19.130364
26163;CLP;Banská Bystrica;;Banská Bystrica;Sládkovičova,oproti ZVT-AZ;sm Kremička,Ľ,vnt;;48.709737;19.130248
26164;CLP;Banská Bystrica;;Banská Bystrica;Sládkovičova,oproti ZVT-AZ;sm Kremička,Ľ,vnk;;48.709737;19.130248
26165;CLP;Banská Bystrica;;Banská Bystrica;Kremnička-AZ;námestie,COOP Jednota,Ľ,vnt;;48.697656;19.128443
26166;CLP;Banská Bystrica;;Banská Bystrica;Kremnička-AZ;námestie,COOP Jednota,Ľ,vnk;;48.697656;19.128443
26167;CLP;Banská Bystrica;;Banská Bystrica;Zvolenská cesta/Iliáš-AZ;smer Iliaš,Ľ,vnt,cyklomost;;48.703056;19.141037
26168;CLP;Banská Bystrica;;Banská Bystrica;Zvolenská cesta/Iliáš-AZ;smer centrum,STK,sklady,Ľ,vnk,cyklomost;;48.703056;19.141037
26171;CLP;Banská Bystrica;;Banská Bystrica;Tulská-AZ;pod Suchým vrchom,Ľ,vnt základná škola;;48.726907;19.114756
26172;CLP;Banská Bystrica;;Banská Bystrica;Tulská-AZ;pod Suchým vrchom,Ľ,vnk základná škola;;48.726907;19.114756
26173;CLP;Banská Bystrica;;Banská Bystrica;Moskovská-AZ;pod Suchým vrchom,Ľ,vnt;;48.724755;19.113389
26174;CLP;Banská Bystrica;;Banská Bystrica;Moskovská-AZ;pod Suchým vrchom,Ľ,vnk;;48.724755;19.113389
26175;CLP;Banská Bystrica;;Banská Bystrica;tr.Hradca Králové,sm NsP-AZ;kúpalisko,športoviská,hotel Dixon,Ľ,vnt,ZŠ, MŠ, cyklochodník;;48.735473;19.12421
26176;CLP;Banská Bystrica;;Banská Bystrica;tr.Hradca Králové,sm NsP-AZ;kúpalisko,športoviská,hotel Dixon,Ľ,vnk, ZŠ, MŠ, cyklochodník;;48.735473;19.12421
26177;CLP;Banská Bystrica;;Banská Bystrica;Povstalecká cesta,zvonica-AZ;pri zvonici,COOP Jednota,Ľ,vnt;;48.743071;19.109498
26178;CLP;Banská Bystrica;;Banská Bystrica;Pieninská-AZ;sídl.Sásová,nástup.zastávka,Ľ,vnt základná škola;;48.762652;19.160049
26179;CLP;Banská Bystrica;;Banská Bystrica;Pieninská-AZ;sídl.Sásová,nástup.zastávka,Ľ,vnk základná škola;;48.762652;19.160049
26180;CLP;Banská Bystrica;;Banská Bystrica;Sládkovičova,depo-AZ;pri depe MHD BB,SPŠS,Ľ,vnt;;48.701319;19.127927
26181;CLP;Banská Bystrica;;Banská Bystrica;Sládkovičova,depo-AZ;pri depe-MHD BB,SPŠS,Ľ,vnk;;48.701319;19.127927
26182;CLP;Banská Bystrica;;Banská Bystrica;Starohorská-AZ;otočka MHD,Billa,Lidl,Ľ,vnt stredná škola,CS OKTAN;;48.754306;19.169214
26183;CLP;Banská Bystrica;;Banská Bystrica;Starohorská-AZ;otočka MHD,Billa,Lidl,Ľ,vnk stredná škola,CS OKTAN;;48.754306;19.169214
26184;CLP;Banská Bystrica;;Banská Bystrica;Tajovského/gymnázium-AZ;oproti SOUs,OA,Lidl,P,vnk;;48.739898;19.126637
26185;CLP;Banská Bystrica;;Banská Bystrica;Tajovského/gymnázium-AZ;oproti SOUs,OA,Lidl,P,vnt;;48.739898;19.126637
26190;CLP;Banská Bystrica;;Banská Bystrica;Nové Kalište-AZ;Billa,sm centr,školy,Z/vnt;;48.729135;19.122762
26191;CLP;Banská Bystrica;;Banská Bystrica;Nové Kalište-AZ;Billa,sm centr,školy,Z/vnk parkovisko Billa;;48.729135;19.122762
26192;CLP;Banská Bystrica;;Banská Bystrica;Karpatská-AZ;sm Kostiviarska,výpad.sm MT,P,vnk;;48.758277;19.162411
26193;CLP;Banská Bystrica;;Banská Bystrica;Karpatská-AZ;sm Kostiviarska,výpad.sm MT,P,vnt;;48.758277;19.162411
26194;CLP;Banská Bystrica;;Banská Bystrica;Rudohorská-AZ;sm centr,CBA,Ľ,vnt;;48.763832;19.163347
26195;CLP;Banská Bystrica;;Banská Bystrica;Rudohorská-AZ;sm centr,CBA,Ľ,vnk;;48.763832;19.163347
26208;CLP;Banská Bystrica;;Banská Bystrica;Iliáš-AZ;pri firme Fenix,Ľ/vnt;;48.699465;19.143058
26209;CLP;Banská Bystrica;;Banská Bystrica;Iliáš-AZ;pri firme Fenix,Ľ/vnk;;48.699465;19.143058
26210;CLP;Banská Bystrica;;Banská Bystrica;Poľná-AZ;sm centr,zadný;;48.723696;19.130823
26221;CLP;Banská Bystrica;;Banská Bystrica;Na Karlove-AZ;sm Strieborné nám.,P,vnk Univerzita M.Bela;;48.747698;19.145066
26222;CLP;Banská Bystrica;;Banská Bystrica;Na Karlove-AZ;sm Strieborné nám.,P,vnt Univerzita M.Bela;;48.747698;19.145066
26223;CLP;Banská Bystrica;;Banská Bystrica;Na Karlove-AZ;sm Karlovo,P,vnk Univerzita M.Bela;;48.747893;19.145529
26224;CLP;Banská Bystrica;;Banská Bystrica;Na Karlove-AZ;sm Karlovo,P,vnt Univerzita M.Bela;;48.747893;19.145529
26241;CLP;Banská Bystrica;;Banská Bystrica;Medená-AZ;sm Radvaň,Ľ,vnt;;48.711964;19.119951
26242;CLP;Banská Bystrica;;Banská Bystrica;Medená-AZ;sm Radvaň,Ľ,vnk;;48.711964;19.119951
26243;CLP;Banská Bystrica;;Banská Bystrica;Švermova-AZ;sm Fončorda,P,vnk;;48.728576;19.134928
26244;CLP;Banská Bystrica;;Banská Bystrica;Švermova-AZ;sm Fončorda,P,vnt;;48.728576;19.134928
26245;CLP;Banská Bystrica;;Banská Bystrica;Švermova-AZ;sm Fončorda,Ľ,vnt;;48.728353;19.135078
26246;CLP;Banská Bystrica;;Banská Bystrica;Švermova-AZ;sm Fončorda,Ľ,vnk;;48.728353;19.135078
26257;CLP;Banská Bystrica;;Banská Bystrica;Tulská-AZ;sm Fončorda,Ľ,vnt Reštaurácia u Kucbeľa;;48.729808;19.111875
26258;CLP;Banská Bystrica;;Banská Bystrica;Tulská-AZ;sm Fončorda,Ľ,vnk Reštaurácia u Kucbeľa;;48.729808;19.111875
26259;CLP;Banská Bystrica;;Banská Bystrica;Partizánska-AZ;sm Brezno,Ľ,vnt SAD;;48.741847;19.182481
26260;CLP;Banská Bystrica;;Banská Bystrica;Partizánska-AZ;sm Brezno,Ľ,vnk SAD;;48.741847;19.182481
26261;CLP;Banská Bystrica;;Banská Bystrica;Radvaň Park-AZ;sm Sládkovičova,Ľ,vnt Mobelix, XXXLutz,pivovar Urpiner, DEK;;48.704661;19.132963
26262;CLP;Banská Bystrica;;Banská Bystrica;Radvaň Park-AZ;sm Sládkovičova,Ľ,vnk Mobelix, XXXLutz,pivovar Urpiner, DEK;;48.704661;19.132963
26263;CLP;Banská Bystrica;;Banská Bystrica;Sládkovičova-AZ;smc,P,vnk Pošta, Fara;;48.72054;19.13306
26264;CLP;Banská Bystrica;;Banská Bystrica;Sládkovičova-AZ;smc,P,vnt Pošta, Fara;;48.72054;19.13306
26265;CLP;Banská Bystrica;;Banská Bystrica;Sládkovičova-AZ;smc,Ľ,vnt Pošta, Fara;;48.72054;19.13306
26266;CLP;Banská Bystrica;;Banská Bystrica;Sládkovičova-AZ;smc,Ľ,vnk Pošta, Fara;;48.72054;19.13306
26267;CLP;Banská Bystrica;;Banská Bystrica;Šálková-AZ;sm BB,Ľ,vnt Coop;;48.739308;19.217819
26268;CLP;Banská Bystrica;;Banská Bystrica;Šálková-AZ;sm BB,Ľ,vnk Coop;;48.739308;19.217819
26269;CLP;Banská Bystrica;;Banská Bystrica;časť Senica-AZ;otočka autobusov,P,vnk;;48.752662;19.190889
26270;CLP;Banská Bystrica;;Banská Bystrica;časť Senica-AZ;otočka autobusov,P,vnt;;48.752662;19.190889
26271;CLP;Banská Bystrica;;Banská Bystrica;časť Šalková-AZ;otočka autobusov,P,vnk;;48.738201;19.208924
26272;CLP;Banská Bystrica;;Banská Bystrica;časť Šalková-AZ;otočka autobusov,P,vnt;;48.738201;19.208924
26273;CLP;Banská Bystrica;;Banská Bystrica;časť Šalková-AZ;otočka autobusov,Ľ,vnt;;48.738201;19.208924
26274;CLP;Banská Bystrica;;Banská Bystrica;časť Šalková-AZ;otočka autobusov,Ľ,vnk;;48.738201;19.208924
26305;CLP;Banská Bystrica;;Banská Bystrica;Mlynská-AZ;časť Podlavice,vnt,Ľ otočka autobusov;;48.742893;19.089668
26306;CLP;Banská Bystrica;;Banská Bystrica;Mlynská-AZ;časť Podlavice,vnk,Ľ otočka autobusov;;48.742893;19.089668
26307;CLP;Banská Bystrica;;Banská Bystrica;Námestie S.H.Vajanského-AZ;oproti OC POINT,P,vnk,centrum mesta;;48.731837;19.140086
26308;CLP;Banská Bystrica;;Banská Bystrica;Námestie S.H.Vajanského-AZ;oproti OC POINT,P,vnt,centrum mesta;;48.731837;19.140086
26309;CLP;Banská Bystrica;;Banská Bystrica;Námestie S.H.Vajanského-AZ;oproti OC POINT,vnt,Ľ centrum mesta;;48.731876;19.140075
26310;CLP;Banská Bystrica;;Banská Bystrica;Námestie S.H.Vajanského-AZ;oproti OC POINT,Ľvnk, centrum mesta;;48.731876;19.140075
17110;CLV;Prešov;;Bardejov;Dlhý rad;Úrad,práce,hotel,kostol,5 Agro potraviny,VÚB,Unicredit,katastrálny úrad;;49.294607;21.274486
17111;CLV;Prešov;;Bardejov;Dlhý rad;Úrad,práce,hotel,kostol,5 Agro potraviny,VÚB,Unicredit,katastrálny úrad;;49.294607;21.274486
17116;CLV;Prešov;;Bardejov;Komenského;oproti nákup.stredisku,obyt.bloky,príj.k centru;;49.289362;21.266278
17117;CLV;Prešov;;Bardejov;Komenského;oproti nákup.stredisku,obyt.bloky,príj.k centru;;49.289362;21.266278
17118;CLV;Prešov;;Bardejov;Komenského,OC Makos;pri nároží s Gorkého ul.,pri trhovisku Priemyselná škola,PNS;;49.291126;21.268284
17119;CLV;Prešov;;Bardejov;Komenského,OC Makos;pri nároží s Gorkého ul.,pri trhovisku Priemyselná škola,PNS;;49.291126;21.268284
17120;CLV;Prešov;;Bardejov;Partizánska;pred Gorlickou ul.,križov cintorín;;49.292216;21.26428
17121;CLV;Prešov;;Bardejov;Partizánska;pred Gorlickou ul.,križov cintorín;;49.292216;21.26428
17124;CLV;Prešov;;Bardejov;Partizánska,Hotel Šariš;za križ Gorkého/Mlynská,pri šport.hale,príj.k centru Poliklinika,SLSP,Okresný súd;;49.292209;21.26929
17125;CLV;Prešov;;Bardejov;Partizánska,Hotel Šariš;za križ Gorkého/Mlynská,pri šport.hale,príj.k centru Poliklinika,SLSP,Okresný súd;;49.292198;21.269297
17126;CLV;Prešov;;Bardejov;Slovenská,SAD;ŽSR,sm Bardej.kúpele/centrum CBA potraviny,Hobby,kostol;;49.298014;21.281304
17127;CLV;Prešov;;Bardejov;Slovenská,SAD;ŽSR,sm Bardej.kúpele/centrum CBA potraviny,Hobby,kostol;;49.298014;21.281304
17166;CLV;Prešov;;Bardejov;Dlhý rad;Úrad práce,hotel,kostol,pošta,4 Agro potraviny,VÚB,Unicredit,katastrálny úrad,Orange;;49.294786;21.275503
17167;CLV;Prešov;;Bardejov;Dlhý rad;obvodný úrad,hotel,kostol,pošta,4 Agro potraviny,VÚB,Unicredit,katastrálny úrad,Orange;;49.294786;21.275503
17318;CLV;Prešov;;Bardejov;Dlhý rad;pošta, obchodný dom,hotel,1 Agro potraviny,SLSP,lekáreň,Pro elektro,PNS;;49.295072;21.27824
17319;CLV;Prešov;;Bardejov;Dlhý rad;pošta, obchodný dom,hotel,1 Agro potraviny,SLSP,lekáreň,Pro elektro,PNS;;49.295072;21.27824
17320;CLV;Prešov;;Bardejov;Dlhý rad;pošta,kostol,hotel,2 Agro potraviny,SLSP,lekáreň,Pro elektro,PNS;;49.294939;21.2778
17321;CLV;Prešov;;Bardejov;Dlhý rad;pošta,kostol,hotel,2 Agro potraviny,SLSP,lekáreň,Pro elektro,PNS;;49.294939;21.2778
17322;CLV;Prešov;;Bardejov;Dlhý rad;pošta,katastrálny úrad,hotel,3 Agro potraviny,SLSP,lekáreň,Pro elektro,PNS,VUB;;49.294848;21.277038
17323;CLV;Prešov;;Bardejov;Dlhý rad;pošta,katastrálny úrad,hotel,3 Agro potraviny,SLSP,lekáreň,Pro elektro,PNS,VUB;;49.294848;21.277038
27302;CLP;Prešov;;Bardejov;Jiráskova-AZ;pri SOU,Ľ,vnt Poliklinika,SLSP,Okresný súd, reštaurácie;;49.292177;21.272151
27303;CLP;Prešov;;Bardejov;Jiráskova-AZ;pri SOU,Ľ,vnk Poliklinika,SLSP,Okresný súd, reštaurácie;;49.292177;21.272151
27304;CLP;Prešov;;Bardejov;Jiráskova-AZ;pri obytnom dome A6,Ľ,vnt Poliklinika,SLSP,Okresný súd, reštaurácie;;49.291943;21.27159
27305;CLP;Prešov;;Bardejov;Jiráskova-AZ;pri obytnom dome A6,Ľ,vnt Poliklinika,SLSP,Okresný súd, reštaurácie;;49.291943;21.27159
27306;CLP;Prešov;;Bardejov;Dlhý rad-AZ;park,hotel Šariš,P,vnk Agro potraviny,VÚB,Unicredit,Orange;;49.295116;21.274057
27307;CLP;Prešov;;Bardejov;Dlhý rad-AZ;park,hotel Šariš,P,vnt Agro potraviny,VÚB,Unicredit,Orange;;49.295116;21.274057
27308;CLP;Prešov;;Bardejov;Dlhý rad-AZ;park,hotel Šariš,Ľ,vnt Agro potraviny,VÚB,Unicredit,Orange;;49.29506;21.274083
27309;CLP;Prešov;;Bardejov;Dlhý rad-AZ;park,hotel Šariš,Ľ,vnk Agro potraviny,VÚB,Unicredit,Orange;;49.29506;21.274083
27336;CLP;Prešov;;Bardejov;Dlhý rad-AZ;pri šport.hale,sm centr,Ľ,vnt hotel Šariš,poliklinika,SLSP,Okresný súd;;49.29367;21.270088
27337;CLP;Prešov;;Bardejov;Dlhý rad-AZ;pri šport.hale,sm centr,Ľ,vnk hotel Šariš,poliklinika,SLSP,Okresný súd;;49.29367;21.270088
27338;CLP;Prešov;;Bardejov;Pod Vinbargom-AZ;OD Lidl,sm kruh.objazd,Ľ,vnt Hotelová akadémia,Základ.škola;;49.3013;21.278863
27339;CLP;Prešov;;Bardejov;Pod Vinbargom-AZ;OD Lidl,sm kruh.objazd,Ľ,vnk Hotelová akadémia,Základ.škola;;49.3013;21.278863
27340;CLP;Prešov;;Bardejov;Komenského-AZ;oproti trhovisku,Ľ,vnt OC Makos,Priemyselná škola;;49.291058;21.269488
27341;CLP;Prešov;;Bardejov;Komenského-AZ;oproti trhovisku,Ľ,vnk OC Makos,Priemyselná škola;;49.291058;21.269488
27342;CLP;Prešov;;Bardejov;Komenského-AZ;pred trhoviskom,Ľ,vnt OC Makos,Priemyselná škola,lekáreň;;49.290557;21.267321
27343;CLP;Prešov;;Bardejov;Komenského-AZ;pred trhoviskom,Ľ,vnk OC Makos,Priemyselná škola,lekáreň;;49.290557;21.267321
27352;CLP;Prešov;;Bardejov;Komenského-AZ;oproti garážam,sm centr,Ľ,vnt;;49.287527;21.265106
27353;CLP;Prešov;;Bardejov;Komenského-AZ;oproti garážam,sm centr,Ľ,vnk;;49.287527;21.265106
27354;CLP;Prešov;;Bardejov;Komenského-AZ;pri garážach,sm Tačevská,Ľ,vnt;;49.286775;21.264094
27355;CLP;Prešov;;Bardejov;Komenského-AZ;pri garážach,sm Tačevská,Ľ,vnk;;49.286775;21.264094
27356;CLP;Prešov;;Bardejov;Pod Vinbargom-AZ;pod poštou,sm centr,P,vnk;;49.304167;21.272274
27357;CLP;Prešov;;Bardejov;Pod Vinbargom-AZ;pod poštou,sm centr,P,vnt;;49.304167;21.272274
27358;CLP;Prešov;;Bardejov;Pod Vinbargom-AZ;pod poštou,sm centr,Ľ,vnt;;49.304167;21.271924
27359;CLP;Prešov;;Bardejov;Pod Vinbargom-AZ;pod poštou,sm centr,Ľ,vnk;;49.304167;21.271924
27360;CLP;Prešov;;Bardejov;Partizánska-AZ;oproti polícii,Ľ,vnt kaviareň;;49.292188;21.267315
27361;CLP;Prešov;;Bardejov;Partizánska-AZ;oproti polícii,Ľ,vnk kaviareň;;49.292188;21.267315
27362;CLP;Prešov;;Bardejov;Slovenská-AZ,sm PO;Železničná,autobusová stanica,P,vnk OC Makos,Billa;;49.297328;21.280708
27363;CLP;Prešov;;Bardejov;Slovenská-AZ,sm PO;Železničná,autobusová stanica,P,vnt OC Makos,Billa;;49.297328;21.280708
27364;CLP;Prešov;;Bardejov;Slovenská-AZ,sm PO;Železničná,autobusová stanica,Ľ,vnt OC Makos,Billa;;49.297328;21.280708
27365;CLP;Prešov;;Bardejov;Slovenská-AZ,sm PO;Železničná,autobusová stanica,Ľ,vnk OC Makos,Billa;;49.297328;21.280708
11207;CLV;Bratislava;;Bratislava 2 MČ P.Biskupi;Svornosti;Parkovisko OC Kaufland, OC PRIMUM, Intercora vstup OC Kaufland, SUPER ZOO, DM drogéria,PEPCO,Dráčik, KIK;;48.131523;17.192468
11208;CLV;Bratislava;;Bratislava 2 MČ P.Biskupi;Svornosti;Parkovisko OC Kaufland, OC PRIMUM, Intercora vstup OC Kaufland, SUPER ZOO, DM drogéria,PEPCO,Dráčik, KIK;;48.131523;17.192468
11183;CLV;Bratislava;;Bratislava 2 MČ Ružinov;Mlynské Nivy/Páričkova-VÚB;smer OC Nivy SAD,1;;48.147268;17.125254
11184;CLV;Bratislava;;Bratislava 2 MČ Ružinov;Mlynské Nivy/Páričkova-VÚB;OC Nivy,stanica SAD,1;;48.147268;17.125254
11185;CLV;Bratislava;;Bratislava 2 MČ Ružinov;Mlynské Nivy/Páričkova-VÚB;OC Nivy, stanica SAD,2;;48.147325;17.125512
11186;CLV;Bratislava;;Bratislava 2 MČ Ružinov;Mlynské Nivy/Páričkova-VÚB;OC Nivy SAD,2, smer centrum;;48.147325;17.125512
11222;CLV;Bratislava;;Bratislava 2 MČ Ružinov;Mlynské Nivy/Páričkova-VÚB;OC Nivy,stanica SAD,3;;48.147322;17.12571
11223;CLV;Bratislava;;Bratislava 2 MČ Ružinov;Mlynské Nivy/Páričkova-VÚB;OC Nivy SAD,3, smer centrum;;48.147322;17.12571
11224;CLV;Bratislava;;Bratislava 2 MČ Ružinov;Mlynské Nivy-VÚB;OC Nivy,stanica SAD,1, smer centrum;;48.146549;17.125815
11225;CLV;Bratislava;;Bratislava 2 MČ Ružinov;Mlynské Nivy-VÚB;smer OC Nivy,stanica SAD,1;;48.146549;17.125815
11226;CLV;Bratislava;;Bratislava 2 MČ Ružinov;Mlynské Nivy-VÚB;OC Nivy,stanica SAD,2, smer centrum;;48.14659;17.125223
11227;CLV;Bratislava;;Bratislava 2 MČ Ružinov;Mlynské Nivy-VÚB;centrála VÚB,hl.stanica SAD,2;;48.14659;17.125223
11228;CLV;Bratislava;;Bratislava 2 MČ Ružinov;Mlynské Nivy-VÚB;centrála VÚB,hl.stanica SAD,3;;48.14661;17.124909
11229;CLV;Bratislava;;Bratislava 2 MČ Ružinov;Mlynské Nivy-VÚB;smer OC Nivy,stanica SAD,3;;48.14661;17.124909
11211;CLV;Bratislava;;Bratislava 3 MČ Nové Mest;Brečtanová;smer Kamzík pri ZŠ Jeséniova, obratisko trolejbusov,;;48.17237;17.10191
11199;CLV;Bratislava;;Bratislava 4 MČ Dúbravka;Saratovská;križovatka, za AZ vpravo,1 Tesco;;48.196577;17.033784
11200;CLV;Bratislava;;Bratislava 4 MČ Dúbravka;Saratovská;križovatka, za AZ vpravo,1 Tesco;;48.196577;17.033784
11201;CLV;Bratislava;;Bratislava 4 MČ Dúbravka;Saratovská;križovatka, za AZ vľavo,2 Tesco;;48.19559;17.033998
11202;CLV;Bratislava;;Bratislava 4 MČ Dúbravka;Saratovská;križovatka, za AZ vľavo,2 Tesco;;48.19559;17.033998
11203;CLV;Bratislava;;Bratislava 4 MČ Karlova V;Karloveská;SVP, Ministerstvo ŽP, smer parkovisko Lidl;;48.149202;17.063678
11204;CLV;Bratislava;;Bratislava 4 MČ Karlova V;Karloveská;SVP, Ministerstvo ŽP, parkovisko Lidl;;48.149202;17.063678
11205;CLV;Bratislava;;Bratislava 4 MČ Karlova V;Karloveská;SVP, Ministerstvo ŽP, smer Lidl;;48.14871;17.06425
11206;CLV;Bratislava;;Bratislava 4 MČ Karlova V;Karloveská;SVP, Ministerstvo ŽP, Lidl;;48.14871;17.06425
11209;CLV;Bratislava;;Bratislava-Kalinkovo;Hlavná ulica;potraviny, pošta, obecný úrad,park;;48.059433;17.251189
11210;CLV;Bratislava;;Bratislava-Kalinkovo;Hlavná ulica;potraviny, pošta, obecný úrad,park;;48.059433;17.251189
21036;CLP;Bratislava;;Bratislava-Kalinkovo;Hlavná ulica-AZ;Ľ,vnt obytná časť sm Dunajská Lužná;;48.056525;17.252115
21037;CLP;Bratislava;;Bratislava-Kalinkovo;Hlavná ulica-AZ;Ľ,vnk, obytná časť sm Dunajská Lužná;;48.056525;17.252115
21038;CLP;Bratislava;;Bratislava-Kalinkovo;Hlavná ulica-AZ;Ľ,vnt,obytná časť sm Hamuliakovo;;48.056622;17.251857
21039;CLP;Bratislava;;Bratislava-Kalinkovo;Hlavná ulica-AZ;Ľ,vnk,obytná časť sm Hamuliakovo;;48.056622;17.251857
21040;CLP;Bratislava;;Bratislava-Kalinkovo;Hlavná ulica-AZ;obecný úrad, pošta, lekár sm Hamuliakovo,Ľ,vnt;;48.059447;17.25055
21041;CLP;Bratislava;;Bratislava-Kalinkovo;Hlavná ulica-AZ;obecný úrad, pošta, lekár sm Hamuliakovo,Ľ,vnk;;48.059447;17.25055
12001;CLVc;Trnava;;Dunajská Streda;nám.Jehuda Aszáda;centr,pešia zóna,OD,pošta,banka,1;;47.993354;17.616426
12002;CLVc;Trnava;;Dunajská Streda;nám.Jehuda Aszáda;centr,pešia zóna,OD,pošta,banka,1;;47.993354;17.616426
12003;CLVc;Trnava;;Dunajská Streda;nám.Jehuda Aszáda;centr,pešia zóna,OD,pošta,banka,2;;47.993466;17.616735
12004;CLVc;Trnava;;Dunajská Streda;nám.Jehuda Aszáda;centr,pešia zóna,OD,pošta,banka,2;;47.993466;17.616735
12005;CLVc;Trnava;;Dunajská Streda;Korzo Bélu Bartóka;centr,pešia zóna,Ms-kult.centrum;;47.994016;17.615837
12006;CLVc;Trnava;;Dunajská Streda;Korzo Bélu Bartóka;centr,pešia zóna,Ms-kult.centrum;;47.994016;17.615837
12007;CLVc;Trnava;;Dunajská Streda;Korzo Bélu Bartóka;centr,pešia zóna,mestský park,1;;47.994973;17.615361
12008;CLVc;Trnava;;Dunajská Streda;Korzo Bélu Bartóka;centr,pešia zóna,mestský park,1;;47.994973;17.615361
12009;CLVc;Trnava;;Dunajská Streda;Korzo Bélu Bartóka;centr,pešia zóna,mestský park,2;;47.995605;17.615015
12010;CLVc;Trnava;;Dunajská Streda;Korzo Bélu Bartóka;centr,pešia zóna,mestský park,2;;47.995605;17.615015
12011;CLVc;Trnava;;Dunajská Streda;Kukučínova;obch.štvrť,príjazd k ŽSR/SAD,1;;47.993131;17.615261
12012;CLVc;Trnava;;Dunajská Streda;Kukučínova;obch.štvrť,príjazd k ŽSR/SAD,1;;47.993131;17.615261
12013;CLVc;Trnava;;Dunajská Streda;Kukučínova;obch.štvrť,príjazd k ŽSR/SAD,2;;47.992796;17.61377
12014;CLVc;Trnava;;Dunajská Streda;Kukučínova;obch.štvrť,príjazd k ŽSR/SAD,2;;47.992796;17.61377
12015;CLVc;Trnava;;Dunajská Streda;Hlavná;centr,OD,pošta,banka,poisťovňa,MÚ;;47.992543;17.619361
12016;CLVc;Trnava;;Dunajská Streda;Hlavná;centr,OD,pošta,banka,poisťovňa,MÚ;;47.992543;17.619361
22000;CLPc;Trnava;;Dunajská Streda;Vajanského-AZ;pri obch.centre,OD,banka,Ľ,vnk;;47.990567;17.617879
22001;CLPc;Trnava;;Dunajská Streda;Vajanského-AZ;pri obch.centre,OD,banka,Ľ,vnt;;47.990567;17.617879
22002;CLPc;Trnava;;Dunajská Streda;Železničná/SAD-AZ;SAD,ŽSR,obchody,Ľ,vnt;;47.993198;17.609817
22003;CLPc;Trnava;;Dunajská Streda;Železničná/SAD-AZ;SAD,ŽSR,obchody,Ľ,vnk;;47.993198;17.609817
22004;CLPc;Trnava;;Dunajská Streda;Galantská-AZ;pri hoteli,centr,OD,banka,škola,P,vnk;;47.992731;17.622684
22005;CLPc;Trnava;;Dunajská Streda;Galantská-AZ;pri hoteli,centr,OD,banka,škola,P,vnt;;47.992731;17.622684
22006;CLPc;Trnava;;Dunajská Streda;Galantská-AZ;Kaufland,OBI,OC MAX,CS,Ľ,vnt;;47.995288;17.62646
22007;CLPc;Trnava;;Dunajská Streda;Galantská-AZ;Kaufland,OBI,OC MAX,CS,Ľ,vnk;;47.995288;17.62646
17326;CLV_p;Prešov;;Humenné;Sninská;sm Snina hranice s UA Ubľa;;48.928722;21.915561
17327;CLV_p;Prešov;;Humenné;Sninská;sm Snina Reštaurácia, ČS Slovnaft;;48.928713;21.915569
17328;CLV;Prešov;;Humenné;Laborecká;sm Medzilaborce Billa, zast. MHD;;48.933561;21.916155
17329;CLV;Prešov;;Humenné;Laborecká;sm Medzilaborce Billa, zast. MHD;;48.933551;21.916162
17330;CLV;Prešov;;Humenné;Družstevná;stanica ŽSR,SAD podchod, hotel, polícia;;48.931103;21.901223
17331;CLV;Prešov;;Humenné;Družstevná;stanica ŽSR,SAD podchod, hotel, polícia;;48.931101;21.901206
17332;CLV;Prešov;;Humenné;Štefánikova;NAY,Kaufland,JYSK;;48.929249;21.910354
17333;CLV;Prešov;;Humenné;Štefánikova;NAY,Kaufland,JYSK;;48.929239;21.910362
17334;CLV;Prešov;;Humenné;Chemlonská;Kaufland, ZŠ;;48.929165;21.908334
17335;CLV;Prešov;;Humenné;Chemlonská;Kaufland, ZŠ;;48.929165;21.908326
17336;CLV;Prešov;;Humenné;26. novembra;pešia zóna, lekáreň;;48.93513;21.908548
17337;CLV;Prešov;;Humenné;26. novembra;pešia zóna, lekáreň;;48.93513;21.908543
17338;CLV;Prešov;;Humenné;Mierová;pešia zóna, biznis centrum;;48.93753;21.906189
17339;CLV;Prešov;;Humenné;Mierová;pešia zóna, biznis centrum;;48.937519;21.906192
17340;CLV;Prešov;;Humenné;Ševčenkova;Zeleninový trh, pešia zóna;;48.934253;21.911336
17341;CLV;Prešov;;Humenné;Ševčenkova;Zeleninový trh, pešia zóna;;48.934264;21.911335
27366;CLP;Prešov;;Humenné;1.mája-AZ;pri poliklinike,P,vnk;;48.931719;21.894803
27367;CLP;Prešov;;Humenné;1.mája-AZ;pri poliklinike,P,vnt;;48.931719;21.894803
27368;CLP;Prešov;;Humenné;Brestovská-AZ;pri farskom kostole,P,vnk oproti COOP Jednota;;48.937829;21.904185
27369;CLP;Prešov;;Humenné;Brestovská-AZ;pri farskom kostole,P,vnt oproti COOP Jednota;;48.937829;21.904185
27370;CLP;Prešov;;Humenné;Hrnčiarska-AZ;sm.ul.Osloboditeľov,P,vnk;;48.937351;21.917325
27371;CLP;Prešov;;Humenné;Hrnčiarska-AZ;sm.ul.Osloboditeľov,P,vnt;;48.937351;21.917325
27372;CLP;Prešov;;Humenné;Mierová-AZ;súčasť stánku PNS,P,vnk;;48.936976;21.903037
27373;CLP;Prešov;;Humenné;Mierová-AZ;súčasť stánku PNS,P,vnt;;48.936976;21.903037
27374;CLP;Prešov;;Humenné;Mierová-AZ;pred obyt.domom č.65,P,vnk;;48.936461;21.901551
27375;CLP;Prešov;;Humenné;Mierová-AZ;pred obyt.domom č.65,P,vnt;;48.936461;21.901551
27376;CLP;Prešov;;Humenné;Sokolovská-AZ;sm. Ševčenkova,Ľ,vnt;;48.935985;21.912109
27377;CLP;Prešov;;Humenné;Sokolovská-AZ;sm. Ševčenkova,Ľ,vnk;;48.935985;21.912109
27378;CLP;Prešov;;Humenné;Ševčenkova-AZ;pri malej ŽS,P,vnk;;48.933801;21.912459
27379;CLP;Prešov;;Humenné;Ševčenkova-AZ;pri malej ŽS,P,vnt;;48.933801;21.912459
27380;CLP;Prešov;;Humenné;Ševčenkova-AZ;pri malej ŽS,Ľ,vnt;;48.933801;21.912459
27381;CLP;Prešov;;Humenné;Ševčenkova-AZ;pri malej ŽS,Ľ,vnk;;48.933801;21.912459
27382;CLP;Prešov;;Humenné;Ševčenkova-AZ;pri trhovisku,P,vnk;;48.933801;21.912459
27383;CLP;Prešov;;Humenné;Ševčenkova-AZ;pri trhovisku,P,vnt;;48.933801;21.912459
27384;CLP;Prešov;;Humenné;Laborecká-AZ;pri garážach,smc,Ľ,vnt;;48.934646;21.91895
27385;CLP;Prešov;;Humenné;Laborecká-AZ;pri garážach,smc,Ľ,vnk;;48.934646;21.91895
27386;CLP;Prešov;;Humenné;Kukorelliho/Štefánikova-AZ;otočka autobusov pri MÚ,P,vnk;;48.934593;21.906496
27387;CLP;Prešov;;Humenné;Kukorelliho/Štefánikova-AZ;otočka autobusov pri MÚ,P,vnt;;48.934593;21.906496
27388;CLP;Prešov;;Humenné;Kukorelliho/Štefánikova-AZ;otočka autobusov pri MÚ,Ľ,vnt;;48.934593;21.906496
27389;CLP;Prešov;;Humenné;Kukorelliho/Štefánikova-AZ;otočka autobusov pri MÚ,Ľ,vnk;;48.934593;21.906496
27390;CLP;Prešov;;Humenné;Kukorelliho-AZ;sm Mierová,Ľ,vnt;;48.933579;21.907768
27391;CLP;Prešov;;Humenné;Kukorelliho-AZ;sm Mierová,Ľ,vnk;;48.933579;21.907768
27392;CLP;Prešov;;Humenné;Laborecká-AZ;pri Okresnom súde,Ľ,vnt;;48.933695;21.923713
27393;CLP;Prešov;;Humenné;Laborecká-AZ;pri Okresnom súde,Ľ,vnk;;48.933695;21.923713
27394;CLP;Prešov;;Humenné;Laborecká-AZ;pri bytovom družstve,Ľ,vnt;;48.933575;21.924776
27395;CLP;Prešov;;Humenné;Laborecká-AZ;pri bytovom družstve,Ľ,vnk;;48.933575;21.924776
27404;CLP;Prešov;;Humenné;Kudlovská-AZ;sm sídl.Poľana,Ľ,vnt OÚ,kostol;;48.937548;21.905719
27405;CLP;Prešov;;Humenné;Kudlovská-AZ;sm sídl.Poľana,Ľ,vnk OÚ,kostol;;48.937548;21.905719
18078;CLV;Košice;;Košice MČ Barca;Osloboditeľov;otočka električiek,Fiat;;48.67931;21.26845
18079;CLV;Košice;;Košice MČ Barca;Osloboditeľov;otočka električiek,Fiat;;48.67931;21.26845
18082;CLV;Košice;;Košice MČ Barca;Osloboditeľov;pri Honde;;48.673921;21.27028
18083;CLV;Košice;;Košice MČ Barca;Osloboditeľov;pri Honde;;48.673921;21.27028
18084;CLV;Košice;;Košice MČ Barca;Osloboditeľov;sm letisko;;48.676636;21.269625
18085;CLV;Košice;;Košice MČ Barca;Osloboditeľov;sm letisko;;48.676636;21.269625
18210;CLV;Košice;;Košice MČ Barca;Hečkova;MŠ, Dom dôchodcov;;48.674307;21.266452
18211;CLV;Košice;;Košice MČ Barca;Hečkova;MŠ, Dom dôchodcov;;48.674307;21.266452
28052;CLP;Košice;;Košice MČ Barca;Abovská-AZ;oproti Miestnemu úradu,Ľ,vnt;;48.676605;21.265712
28053;CLP;Košice;;Košice MČ Barca;Abovská-AZ;oproti Miestnemu úradu,Ľ,vnk;;48.676605;21.265712
28054;CLP;Košice;;Košice MČ Barca;Abovská-AZ;pri kostole,Ľ,vnt;;48.676552;21.265491
28055;CLP;Košice;;Košice MČ Barca;Abovská-AZ;pri kostole,Ľ,vnk;;48.676552;21.265491
28056;CLP;Košice;;Košice MČ Barca;Hraničná ulica-AZ;pri potravinách,P,vnk;;48.685184;21.262914
28057;CLP;Košice;;Košice MČ Barca;Hraničná ulica-AZ;pri potravinách,P,vnt;;48.685184;21.262914
28058;CLP;Košice;;Košice MČ Barca;Osloboditeľov-AZ;otočka električiek,Ľ,vnt;;48.678951;21.26797
28059;CLP;Košice;;Košice MČ Barca;Osloboditeľov-AZ;otočka električiek,Ľ,vnk;;48.678951;21.26797
28060;CLP;Košice;;Košice MČ Barca;Osloboditeľov-AZ;pri Volkswagene,P,vnt;;48.67179;21.270884
28061;CLP;Košice;;Košice MČ Barca;Osloboditeľov-AZ;pri Volkswagene,P,vnk;;48.67179;21.270884
28062;CLP;Košice;;Košice MČ Barca;Osloboditeľov-AZ;pri Volkswagene,Ľ,vnk;;48.671806;21.270947
28063;CLP;Košice;;Košice MČ Barca;Osloboditeľov-AZ;pri Volkswagene,Ľ,vnt;;48.671798;21.270977
28124;CLP;Košice;;Košice MČ Barca;Osloboditeľov-AZ;oproti otoč.elektr.a ČS Slovnaft,P,vnk;;48.679126;21.26899
28125;CLP;Košice;;Košice MČ Barca;Osloboditeľov-AZ;oproti otoč.elektr.a ČS Slovnaft,P,vnt;;48.679126;21.26899
28126;CLP;Košice;;Košice MČ Barca;Osloboditeľov-AZ;oproti otoč.elektr.a ČS Slovnaft,Ľ,vnt;;48.679144;21.268986
28127;CLP;Košice;;Košice MČ Barca;Osloboditeľov-AZ;oproti otoč.elektr.a ČS Slovnaft,Ľ,vnk;;48.679144;21.268986
28128;CLP;Košice;;Košice MČ Barca;Osloboditeľov-AZ;Katastrálny úrad,VSS,P,vnk;;48.682025;21.268212
28129;CLP;Košice;;Košice MČ Barca;Osloboditeľov-AZ;Katastrálny úrad,VSS,P,vnt;;48.682025;21.268212
28130;CLP;Košice;;Košice MČ Barca;Osloboditeľov-AZ;Katastrálny úrad,VSS,Ľ,vnt;;48.682025;21.268212
28131;CLP;Košice;;Košice MČ Barca;Osloboditeľov-AZ;Katastrálny úrad,VSS,Ľ,vnk;;48.682025;21.268212
28186;CLP;Košice;;Košice MČ Barca;Južná trieda-AZ;Suzuki,Ľ,vnt;;48.683851;21.267031
28187;CLP;Košice;;Košice MČ Barca;Južná trieda-AZ;Suzuki,Ľ,vnk;;48.683851;21.267031
28188;CLP;Košice;;Košice MČ Barca;Abovská/Teplého-AZ;oproti lekárni,Ľ,vnt;;48.682621;21.261648
28189;CLP;Košice;;Košice MČ Barca;Abovská/Teplého-AZ;oproti lekárni,Ľ,vnk;;48.682621;21.261648
28190;CLP;Košice;;Košice MČ Barca;Osloboditeľov/Hečkova-AZ;sm centr,Ľ,vnt;;48.675176;21.269981
28191;CLP;Košice;;Košice MČ Barca;Osloboditeľov/Hečkova-AZ;sm centr,Ľ,vnk;;48.675176;21.269981
28304;CLP;Košice;;Košice MČ Barca;Hečkova-AZ;sm MsÚ,Ľ,vnt MŠ, Dom dôchodcov;;48.674594;21.26805
28305;CLP;Košice;;Košice MČ Barca;Hečkova-AZ;sm MsÚ,Ľ,vnk MŠ, Dom dôchodcov;;48.674594;21.26805
28306;CLP;Košice;;Košice MČ Barca;Abovská-AZ;smc,Ľ,vnt ZŠ, Penzión, MsÚ;;48.679176;21.263444
28307;CLP;Košice;;Košice MČ Barca;Abovská-AZ;smc,Ľ,vnk ZŠ, Penzión, MsÚ;;48.67878;21.263444
28110;CLP;Košice;;Košice MČ Dargovských hrd.;Maršala Koneva - AZ Exnárova;pri súkromnej umeleckej škole Ľ vnt.;;48.741181;21.283954
28111;CLP;Košice;;Košice MČ Dargovských hrd.;Maršala Koneva - AZ Exnárova;pri súkromnej umeleckej škole Ľ vnk.;;48.741181;21.283954
28256;CLP;Košice;;Košice MČ Dargovských hrd.;gen.L.Svobodu - AZ DH MiÚ;pod ČS Slovnaft, smer Postupimská Ľ vnt.;;48.730618;21.290159
28257;CLP;Košice;;Košice MČ Dargovských hrd.;gen.L.Svobodu - AZ DH MiÚ;pod ČS Slovnaft, smer Postupimská Ľ vnk.;;48.730618;21.290159
28258;CLP;Košice;;Košice MČ Dargovských hrd.;gen.L.Svobodu - AZ Postupimská;Pod OD Hornád, smer Zupkova Ľ vnt.;;48.732378;21.289238
28259;CLP;Košice;;Košice MČ Dargovských hrd.;gen.L.Svobodu - AZ Postupimská;Pod OD Hornád, smer Zupkova Ľ vnk.;;48.732378;21.289238
28260;CLP;Košice;;Košice MČ Dargovských hrd.;gen.L.Svobodu - AZ Zupkova;oproti OD Torysa Ľ vnt.;;48.733797;21.285294
28261;CLP;Košice;;Košice MČ Dargovských hrd.;gen.L.Svobodu - AZ Zupkova;oproti OD Torysa Ľ vnk.;;48.733797;21.285294
28262;CLP;Košice;;Košice MČ Dargovských hrd.;Maršala Koneva - AZ Poliklinika Východ;poliklinika,sm MI,oproti OC Ondava,Ľ vnt.;;48.738278;21.282444
28263;CLP;Košice;;Košice MČ Dargovských hrd.;Maršala Koneva - AZ Poliklinika Východ;poliklinika,sm MI,oproti OC Ondava,Ľ vnk.;;48.738278;21.282444
28264;CLP;Košice;;Košice MČ Dargovských hrd.;gen.L.Svobodu - AZ Fábryho, smer Kalinovská;oproti OD Lidl Ľ vnt.;;48.742381;21.280634
28265;CLP;Košice;;Košice MČ Dargovských hrd.;gen.L.Svobodu - AZ Fábryho, smer Kalinovská;oproti OD Lidl Ľ vnk.;;48.742381;21.280634
28266;CLP;Košice;;Košice MČ Dargovských hrd.;gen.L.Svobodu - AZ Fábryho smer MiÚ;pri OD Lidl Ľ vnt.;;48.742205;21.280183
28267;CLP;Košice;;Košice MČ Dargovských hrd.;gen.L.Svobodu - AZ Fábryho smer MiÚ;pri OD Lidl Ľ vnk.;;48.742205;21.280183
28268;CLP;Košice;;Košice MČ Dargovských hrd.;gen.L.Svobodu - AZ Zupkova smer MiÚ;pri OD Torysa Ľ vnt.;;48.733545;21.284969
28269;CLP;Košice;;Košice MČ Dargovských hrd.;gen.L.Svobodu - AZ Zupkova smer MiÚ;pri OD Torysa Ľ vnk.;;48.733545;21.284969
28270;CLP;Košice;;Košice MČ Dargovských hrd.;gen.L.Svobodu - AZ Postupimská smer MiÚ;Oproti OD Hornád, súkromná SOŠ Ľ vnt.;;48.732378;21.289245
28271;CLP;Košice;;Košice MČ Dargovských hrd.;gen.L.Svobodu - AZ Postupimská smer MiÚ;Oproti OD Hornád, súkromná SOŠ Ľ vnk.;;48.732378;21.289245
28272;CLP;Košice;;Košice MČ Dargovských hrd.;gen.L.Svobodu - AZ DH MiÚ;križovatka smer Zelená stráň Ľ vnt.;;48.730267;21.289847
28273;CLP;Košice;;Košice MČ Dargovských hrd.;gen.L.Svobodu - AZ DH MiÚ;križovatka smer Zelená stráň Ľ vnk.;;48.730267;21.289847
28274;CLP;Košice;;Košice MČ Dargovských hrd.;gen.L.Svobodu - AZ Kalinovská;Pod OD Lidl, križovatka Adlerova ul. Ľ vnt.;;48.743514;21.276364
28275;CLP;Košice;;Košice MČ Dargovských hrd.;gen.L.Svobodu - AZ Kalinovská;Pod OD Lidl, križovatka Adlerova ul. Ľ vnk.;;48.743524;21.276326
28276;CLP;Košice;;Košice MČ Dargovských hrd.;Povstania čes.ľudu - AZ DH MiÚ;pri OC Modrák, MiÚ Darg. hrdinov Ľ vnt.;;48.729547;21.289452
28277;CLP;Košice;;Košice MČ Dargovských hrd.;Povstania čes.ľudu - AZ DH MiÚ;pri OC Modrák, MiÚ Darg. hrdinov Ľ vnk.;;48.729547;21.289452
28278;CLP;Košice;;Košice MČ Dargovských hrd.;Charkovská - AZ Lingov;otočka trolejbusov, potraviny KLAS Ľ vnt.;;48.732472;21.29126
28279;CLP;Košice;;Košice MČ Dargovských hrd.;Charkovská - AZ Lingov;otočka trolejbusov, potraviny KLAS Ľ vnk.;;48.732472;21.29126
28280;CLP;Košice;;Košice MČ Dargovských hrd.;Maršala Koneva - AZ Poliklinka Východ;Oproti OC Ondava, pri poliklinike Východ Ľ vnt.;;48.738942;21.282463
28281;CLP;Košice;;Košice MČ Dargovských hrd.;Maršala Koneva - AZ Poliklinka Východ;Oproti OC Ondava, pri poliklinike Východ Ľ vnk.;;48.738942;21.282463
28282;CLP;Košice;;Košice MČ Dargovských hrd.;gen.L.Svobodu - AZ Kalinovská;pri ul. Adlerova, smer centrum Ľ vnt.;;48.743708;21.277464
28283;CLP;Košice;;Košice MČ Dargovských hrd.;gen.L.Svobodu - AZ Kalinovská;pri ul. Adlerova, smer centrum Ľ vnk.;;48.743708;21.277464
28294;CLP;Košice;;Košice MČ Dargovských hrd.;Prešov.cesta - AZ Priemyselná;oproti priem.centru, smer PO Ľ vnt.;;48.728745;21.277531
28295;CLP;Košice;;Košice MČ Dargovských hrd.;Prešov.cesta - AZ Priemyselná;oproti priem.centru, smer PO Ľ vnk.;;48.728745;21.277531
28296;CLP;Košice;;Košice MČ Dargovských hrd.;Prešovská cesta - AZ Vo výmoli;pri moto centre, smer PO Ľ vnt.;;48.732781;21.276305
28297;CLP;Košice;;Košice MČ Dargovských hrd.;Prešovská cesta - AZ Vo výmoli;pri moto centre, smer PO Ľ vnk.;;48.732781;21.276305
28298;CLP;Košice;;Košice MČ Dargovských hrd.;Prešovská cesta-AZ Pod Furčou;pri CAMEA car, smer Prešov Ľ vnt.;;48.735847;21.274125
28299;CLP;Košice;;Košice MČ Dargovských hrd.;Prešovská cesta-AZ Pod Furčou;pri CAMEA car, smer Prešov Ľ vnk.;;48.735847;21.274125
28312;CLP;Košice;;Košice MČ Dargovských hrd.;Charkovská - AZ Lingov;Lingov, smer Postupimská Ľ vnt.;;48.7322213;21.290985
28313;CLP;Košice;;Košice MČ Dargovských hrd.;Charkovská - AZ Lingov;Lingov, smer Postupimská Ľ vnk.;;48.7322213;21.290985
18046;CLV;Košice;;Košice MČ Juh;Moldavská/OC Optima;parkovisko,príjazd/výjazd, Billa;;48.69661;21.236382
18047;CLV;Košice;;Košice MČ Juh;Moldavská/OC Optima;parkovisko,príjazd/výjazd, Billa;;48.69661;21.236382
18048;CLV;Košice;;Košice MČ Juh;Moldavská/OC Optima;parkovisko,príjazd/výjazd, Billa;;48.696451;21.236427
18049;CLV;Košice;;Košice MČ Juh;Moldavská/OC Optima;parkovisko,príjazd/výjazd, Billa;;48.696451;21.236427
18050;CLV;Košice;;Košice MČ Juh;Moldavská/OC Optima;parkovisko,príjazd/výjazd, Billa;;48.696438;21.236394
18051;CLV;Košice;;Košice MČ Juh;Moldavská/OC Optima;parkovisko,príjazd/výjazd, Billa;;48.696438;21.236394
18052;CLV;Košice;;Košice MČ Juh;Moldavská/OC Optima;parkovisko,príjazd/výjazd, Billa;;48.696401;21.236293
18053;CLV;Košice;;Košice MČ Juh;Moldavská/OC Optima;parkovisko,príjazd/výjazd, Billa;;48.696401;21.236293
18054;CLV;Košice;;Košice MČ Juh;Moldavská/OC Optima;parkovisko,príjazd/výjazd, Billa;;48.696387;21.236225
18055;CLV;Košice;;Košice MČ Juh;Moldavská/OC Optima;parkovisko,príjazd/výjazd, Billa;;48.696387;21.236225
18056;CLV;Košice;;Košice MČ Juh;Moldavská/OC Optima;parkovisko,príjazd/výjazd, Billa;;48.696192;21.236204
18057;CLV;Košice;;Košice MČ Juh;Moldavská/OC Optima;parkovisko,príjazd/výjazd, Billa;;48.696192;21.236204
18058;CLV;Košice;;Košice MČ Juh;Moldavská/OC Optima;parkovisko,príjazd/výjazd, Billa;;48.695806;21.23554
18059;CLV;Košice;;Košice MČ Juh;Moldavská/OC Optima;parkovisko,príjazd/výjazd, Billa;;48.695806;21.23554
18060;CLV;Košice;;Košice MČ Juh;Moldavská/OC Optima;parkovisko,príjazd/výjazd, Billa;;48.695689;21.235445
18061;CLV;Košice;;Košice MČ Juh;Moldavská/OC Optima;parkovisko,príjazd/výjazd, Billa;;48.695689;21.235445
18062;CLV;Košice;;Košice MČ Juh;Moldavská/OC Optima;parkovisko,príjazd/výjazd, Billa;;48.693965;21.235896
18063;CLV;Košice;;Košice MČ Juh;Moldavská/OC Optima;parkovisko,príjazd/výjazd, Billa;;48.693965;21.235896
18064;CLV;Košice;;Košice MČ Juh;Moldavská/OC Optima;parkovisko,príjazd/výjazd, Billa;;48.69672;21.236616
18065;CLV;Košice;;Košice MČ Juh;Moldavská/OC Optima;parkovisko,príjazd/výjazd, Billa;;48.69672;21.236616
18066;CLV;Košice;;Košice MČ Juh;Červený rak/OC Optima;vstup do areálu od Miškolca, Billa;;48.693013;21.238398
18067;CLV;Košice;;Košice MČ Juh;Červený rak/OC Optima;vstup do areálu od Miškolca, Billa;;48.693013;21.238398
18068;CLV;Košice;;Košice MČ Juh;Červený rak/OC Optima;vstup do areálu od Miškolca, Billa;;48.693518;21.237723
18069;CLV;Košice;;Košice MČ Juh;Červený rak/OC Optima;vstup do areálu od Miškolca, Billa;;48.69354;21.237687
18070;CLV;Košice;;Košice MČ Juh;Moldavská/OC Optima;vstup do areálu od Červeného raka, Billa;;48.693911;21.236383
18071;CLV;Košice;;Košice MČ Juh;Moldavská/OC Optima;vstup do areálu od Červeného raka, Billa;;48.693911;21.236383
18072;CLV;Košice;;Košice MČ Juh;Moldavská/OC Optima;vstup do areálu od Červeného raka, Billa;;48.693916;21.236538
18073;CLV;Košice;;Košice MČ Juh;Moldavská/OC Optima;vstup do areálu od Červeného raka, Billa;;48.693916;21.236538
18074;CLV;Košice;;Košice MČ Juh;Moldavská/OC Optima;vstup do areálu od Červeného raka, Billa;;48.693888;21.23673
18075;CLV;Košice;;Košice MČ Juh;Moldavská/OC Optima;vstup do areálu od Červeného raka, Billa;;48.693888;21.23673
18144;CLV;Košice;;Košice MČ Juh;OC Optima II.;pred vchodom do Optimy II., Billa;;48.69389;21.240491
18145;CLV;Košice;;Košice MČ Juh;OC Optima II.;pred vchodom do Optimy II., Billa;;48.69389;21.240491
18146;CLV;Košice;;Košice MČ Juh;OC Optima II.;pred vchodom do Optimy II., Billa;;48.693984;21.240208
18147;CLV;Košice;;Košice MČ Juh;OC Optima II.;pred vchodom do Optimy II., Billa;;48.693984;21.240208
18148;CLV;Košice;;Košice MČ Juh;OC Optima II.;pred vchodom do Optimy II., Billa;;48.69409;21.239838
18149;CLV;Košice;;Košice MČ Juh;OC Optima II.;pred vchodom do Optimy II., Billa;;48.694087;21.239838
18150;CLV;Košice;;Košice MČ Juh;OC Optima II.;pred vchodom do Optimy II., Billa;;48.694214;21.239483
18151;CLV;Košice;;Košice MČ Juh;OC Optima II.;pred vchodom do Optimy II., Billa;;48.694214;21.239483
18152;CLV;Košice;;Košice MČ Juh;OC Optima II.;parkov pred Optimou II., Billa;;48.694152;21.238969
18153;CLV;Košice;;Košice MČ Juh;OC Optima II.;parkov pred Optimou II., Billa;;48.694152;21.238969
18154;CLV;Košice;;Košice MČ Juh;OC Optima II.;parkov pred Optimou II., Billa;;48.693428;21.239573
18155;CLV;Košice;;Košice MČ Juh;OC Optima II.;parkov pred Optimou II., Billa;;48.693428;21.239573
18156;CLV;Košice;;Košice MČ Juh;OC Optima II.;parkov pred Optimou II., Billa;;48.693544;21.239254
18157;CLV;Košice;;Košice MČ Juh;OC Optima II.;parkov pred Optimou II., Billa;;48.693544;21.239254
18158;CLV;Košice;;Košice MČ Juh;OC Optima II.;parkov pred Optimou II., Billa;;48.693691;21.238847
18159;CLV;Košice;;Košice MČ Juh;OC Optima II.;parkov pred Optimou II., Billa;;48.693691;21.238847
18160;CLV;Košice;;Košice MČ Juh;OC Optima II.;parkov pred Optimou II., Billa;;48.693817;21.238475
18161;CLV;Košice;;Košice MČ Juh;OC Optima II.;parkov pred Optimou II., Billa;;48.693817;21.238475
18162;CLV;Košice;;Košice MČ Juh;Červený rak/OC Optima II.;vstup do areálu od Miškolca, Billa;;48.693384;21.238593
18163;CLV;Košice;;Košice MČ Juh;Červený rak/OC Optima II.;vstup do areálu od Miškolca, Billa;;48.693384;21.238593
18164;CLV;Košice;;Košice MČ Juh;Červený rak/OC Optima II.;vstup do areálu od Miškolca, Billa;;48.69351;21.238204
18165;CLV;Košice;;Košice MČ Juh;Červený rak/OC Optima II.;vstup do areálu od Miškolca, Billa;;48.69351;21.238204
18166;CLV;Košice;;Košice MČ Juh;Červený rak/OC Optima II.;vstup do areálu od Miškolca, Billa;;48.69367;21.237864
18167;CLV;Košice;;Košice MČ Juh;Červený rak/OC Optima II.;vstup do areálu od Miškolca, Billa;;48.69367;21.237864
18168;CLV;Košice;;Košice MČ Juh;Červený rak/OC Optima II.;vstup do areálu od Miškolca, Billa;;48.693792;21.237009
18169;CLV;Košice;;Košice MČ Juh;Červený rak/OC Optima II.;vstup do areálu od Miškolca, Billa;;48.693792;21.237009
18174;CLV;Košice;;Košice MČ Juh;OC Optima II./prízemie;vstup,stena vľavo,pri vchode, Billa;;48.694299;21.239655
18175;CLV;Košice;;Košice MČ Juh;OC Optima II./prízemie;vstup,stena vľavo,pri hale, Billa;;48.694348;21.239738
18176;CLV;Košice;;Košice MČ Juh;OC Optima II./prízemie;oproti vstupu,stena pri výťahoch,1 H&M, Billa;;48.694175;21.240441
18177;CLV;Košice;;Košice MČ Juh;OC Optima II./prízemie;oproti vstupu,stena pri výťahoch,2 H&M, Billa;;48.694234;21.240506
18178;CLV;Košice;;Košice MČ Juh;OC Optima II./prízemie;pri eskalátore Alpine pro, Reserved, Big Star, Billa;;48.694135;21.239512
18179;CLV;Košice;;Košice MČ Juh;OC Optima II./prízemie;pri eskalátore Alpine pro, Reserved, Big Star, Billa;;48.694135;21.239512
18180;CLV;Košice;;Košice MČ Juh;OC Optima II./prízemie;v nákupnej pasáži Reserved, 4F, Billa;;48.694011;21.239935
18181;CLV;Košice;;Košice MČ Juh;OC Optima II./prízemie;v nákupnej pasáži Reserved, 4F, Billa;;48.694011;21.239935
18182;CLV;Košice;;Košice MČ Juh;OC Optima II./prízemie;v nákupnej pasáži Home Art,Tally Weijl, Reseved, Big Star, Billa;;48.693902;21.240478
18183;CLV;Košice;;Košice MČ Juh;OC Optima II./prízemie;v nákupnej pasáži Home Art,Tally Weijl, Reseved, Big Star, Billa;;48.693902;21.240478
18184;CLV;Košice;;Košice MČ Juh;OC Optima II./prízemie;v nákupnej pasáži C&A, drogérie Teta, pošta, Billa;;48.693699;21.240959
18185;CLV;Košice;;Košice MČ Juh;OC Optima II./prízemie;v nákupnej pasáži C&A, drogérie Teta, pošta, Billa;;48.693699;21.240959
18186;CLV;Košice;;Košice MČ Juh;OC Optima II./poschodie;Food court, UGO,Subway, McDonald, Billa, Cinemax;;48.693934;21.240027
18187;CLV;Košice;;Košice MČ Juh;OC Optima II./poschodie;Food court, UGO,Subway, McDonald, Billa, Cinemax;;48.693934;21.240027
18188;CLV;Košice;;Košice MČ Juh;OC Optima II./poschodie;smer kinosála,1 Alltoys, Benetton, McDonald, Billa;;48.694187;21.240458
18189;CLV;Košice;;Košice MČ Juh;OC Optima II./poschodie;smer kinosála,1 Humanic, Tchibo, Billa;;48.694187;21.240458
18190;CLV;Košice;;Košice MČ Juh;OC Optima II./poschodie;smer kinosála,2 Douglas, John garfield, Billa;;48.694329;21.240241
18191;CLV;Košice;;Košice MČ Juh;OC Optima II./poschodie;smer kinosála,2 Douglas, John garfield, Billa;;48.694329;21.240241
18198;CLV;Košice;;Košice MČ Juh;OC Optima I._II.etapa;parkovisko, Billa;;48.694215;21.238049
18199;CLV;Košice;;Košice MČ Juh;OC Optima I._II.etapa;parkovisko, Billa;;48.694215;21.238049
18204;CLV;Košice;;Košice MČ Juh;Moldavská/OC Optima III.;pred vstupom do novej prístavby, Billa;;48.695461;21.236205
18205;CLV;Košice;;Košice MČ Juh;Moldavská/OC Optima III.;pred vstupom do novej prístavby, Billa;;48.695461;21.236205
18206;CLV;Košice;;Košice MČ Juh;OC Optima III.;príjazd od OBI, parkovisko, Billa;;48.696888;21.237227
18207;CLV;Košice;;Košice MČ Juh;OC Optima III.;príjazd od OBI,parkovisko, Billa;;48.696888;21.237227
18208;CLV;Košice;;Košice MČ Juh;OC Optima III.;pri vchode do Optimy III., Billa;;48.696276;21.236445
18209;CLV;Košice;;Košice MČ Juh;OC Optima III.;pri vchode do Optimy III., Billa;;48.696276;21.236445
28068;CLP;Košice;;Košice MČ Juh;Moldavská/OC Optima-AZ;pred vstupom do OC Optima,P,vnk, Billa;;48.695439;21.236257
28069;CLP;Košice;;Košice MČ Juh;Moldavská/OC Optima-AZ;pred vstupom do OC Optima,P,vnt, Billa;;48.695439;21.236257
28070;CLP;Košice;;Košice MČ Juh;Moldavská/OC Optima-AZ;pred vstupom do OC Optima,Ľ,vnt, Billa;;48.695439;21.236257
28071;CLP;Košice;;Košice MČ Juh;Moldavská/OC Optima-AZ;pred vstupom do OC Optima,Ľ,vnk, Billa;;48.695439;21.236257
28244;CLP;Košice;;Košice MČ Juh;OC Optima II.-AZ;príjazd od OBI,P,vnk, Billa;;48.696754;21.237024
28245;CLP;Košice;;Košice MČ Juh;OC Optima II.-AZ;príjazd od OBI,P,vnt, Billa;;48.696754;21.237024
28246;CLP;Košice;;Košice MČ Juh;OC Optima II.-AZ;príjazd od OBI,Ľ,vnt, Billa;;48.696704;21.236889
28247;CLP;Košice;;Košice MČ Juh;OC Optima II.-AZ;príjazd od OBI,Ľ,vnk, Billa;;48.696704;21.236889
28248;CLP;Košice;;Košice MČ Juh;OC Optima II.-AZ;výj. sm OBI,P,vnk, Billa;;48.696615;21.237327
28249;CLP;Košice;;Košice MČ Juh;OC Optima II.-AZ;výj. sm OBI,P,vnt, Billa;;48.696615;21.237327
28250;CLP;Košice;;Košice MČ Juh;OC Optima II.-AZ;výj. smer OBI ,Ľ,vnt, Billa;;48.696698;21.237442
28251;CLP;Košice;;Košice MČ Juh;OC Optima II.-AZ;výj. sm OBI,Ľ,vnk, Billa;;48.696698;21.237442
28038;CLP;Košice;;Košice MČ Nad Jazerom;Slanecká cesta - AZ Levočská;obch.centrum Branisko, Ľ vnt.;;48.689932;21.279856
28039;CLP;Košice;;Košice MČ Nad Jazerom;Slanecká cesta - AZ Levočská;obch.centrum Branisko, Ľ vnk.;;48.689932;21.279856
28040;CLP;Košice;;Košice MČ Nad Jazerom;Bukovecká cesta - AZ Bukovecká;pri obch. prevádzkach, smer Tepláreň Ľ vnt.;;48.693839;21.280512
28041;CLP;Košice;;Košice MČ Nad Jazerom;Bukovecká cesta - AZ Bukovecká;pri obch. prevádzkach, smer Tepláreň Ľ vnk.;;48.693839;21.280512
28042;CLP;Košice;;Košice MČ Nad Jazerom;Baltická - AZ Tepláreň;oproti skladom, teplárňam Ľ vnt.;;48.698581;21.280461
28043;CLP;Košice;;Košice MČ Nad Jazerom;Baltická - AZ Tepláreň;oproti skladom, teplárňam Ľ vnk.;;48.698581;21.280461
28046;CLP;Košice;;Košice MČ Nad Jazerom;Slanecká - AZ Tepláreň;smer Optima Ľ vnt.;;48.697866;21.280007
28047;CLP;Košice;;Košice MČ Nad Jazerom;Slanecká - AZ Tepláreň;smer Optima Ľ vnk.;;48.697866;21.280007
28048;CLP;Košice;;Košice MČ Nad Jazerom;Bukovecká cesta-AZ;oproti pláž.kúpalisku,P,vnk;;48.692943;21.280039
28049;CLP;Košice;;Košice MČ Nad Jazerom;Bukovecká cesta-AZ;oproti pláž.kúpalisku,P,vnt;;48.692943;21.280039
28050;CLP;Košice;;Košice MČ Nad Jazerom;Bukovecká cesta-AZ;oproti pláž.kúpalisku,Ľ,vnt;;48.692943;21.280039
28051;CLP;Košice;;Košice MČ Nad Jazerom;Bukovecká cesta-AZ;oproti pláž.kúpalisku,Ľ,vnk;;48.692943;21.280039
28106;CLP;Košice;;Košice MČ Nad Jazerom;Slanecká - AZ Bukovecká;smer Levočská Ľ vnt.;;48.691794;21.279961
28107;CLP;Košice;;Košice MČ Nad Jazerom;Slanecká - AZ Bukovecká;smer Levočská Ľ vnk.;;48.691794;21.279961
28108;CLP;Košice;;Košice MČ Nad Jazerom;Slanecká - AZ Levočská;smer ČS Slovnaft Ľ vnt.;;48.690106;21.279994
28109;CLP;Košice;;Košice MČ Nad Jazerom;Slanecká - AZ Levočská;smer ČS Slovnaft Ľ vnk.;;48.690106;21.279994
25336;CLP;Žilina;;Kysucké Nové Mesto;Dl.Poľského-AZ;vstup do mesta,P,vnk LIDL;;49.298526;18.785891
25337;CLP;Žilina;;Kysucké Nové Mesto;Dl.Poľského-AZ;vstup do mesta,P,vnt LIDL;;49.298526;18.785891
25338;CLP;Žilina;;Kysucké Nové Mesto;Dl.Poľského-AZ;vstup do mesta,Ľ,vnt LIDL;;49.298453;18.78604
25339;CLP;Žilina;;Kysucké Nové Mesto;Dl.Poľského-AZ;vstup do mesta,Ľ,vnk LIDL;;49.298453;18.78604
14072;CLV;Nitra;;Levice;Turecký rad/M.R.Štefánika;výpad.na ZV/NR;;48.218344;18.598559
14073;CLV;Nitra;;Levice;Turecký rad/M.R.Štefánika;výpad.na ZV/NR;;48.218344;18.598559
14074;CLV;Nitra;;Levice;M.R.Štefánika;OD Pokrok;;48.217952;18.602294
14075;CLV;Nitra;;Levice;M.R.Štefánika;OD Pokrok;;48.217952;18.602294
14078;CLV;Nitra;;Levice;Ľ.Štúra;pri VÚB;;48.216889;18.603607
14079;CLV;Nitra;;Levice;Ľ.Štúra;pri VÚB;;48.216889;18.603607
14080;CLV;Nitra;;Levice;nám.Hrdinov;pred hotelom Lev,Prima banka;;48.219412;18.607226
14081;CLV;Nitra;;Levice;nám.Hrdinov;pred hotelom Lev,Prima banka;;48.219412;18.607226
14082;CLV;Nitra;;Levice;nám.Hrdinov/čsl.armády;pri lekárni ,Sberbank, Nemocnica,pošta;;48.220085;18.608002
14083;CLV;Nitra;;Levice;nám.Hrdinov/čsl.armády;pri lekárni,Sberbank, Nemocnica,pošta;;48.220085;18.608002
14084;CLV;Nitra;;Levice;nám.E.M.Šoltésovej;pri AZ,ČSOB, mestská polícia;;48.217184;18.609247
14085;CLV;Nitra;;Levice;nám.E.M.Šoltésovej;pri AZ,Kaufland, ČSOB, mestská polícia;;48.217184;18.609247
14112;CLV;Nitra;;Levice;Ľ.Štúra;pri OD Dituria;;48.218882;18.606536
14113;CLV;Nitra;;Levice;Ľ.Štúra;pri OD Dituria;;48.218882;18.606536
14114;CLV;Nitra;;Levice;Čsl.armády/nám.Hrdinov;OC Dituria,SLSP, Prima banka;;48.219396;18.606302
14115;CLV;Nitra;;Levice;Čsl.armády/nám.Hrdinov;OC Dituria,SLSP, Prima banka;;48.219396;18.606302
14120;CLV;Nitra;;Levice;Hviezdoslavova/Turecký rad;smer centrum,sídlisko,potraviny synagoga;;48.220748;18.605657
14121;CLV;Nitra;;Levice;Hviezdoslavova/Turecký rad;výpadovka z centra,sídl,potraviny synagoga;;48.220726;18.605621
14238;CLV;Nitra;;Levice;Ľ.Štúra;stanica SAD, smer ŽSR,Billa;;48.212678;18.595628
14239;CLV;Nitra;;Levice;Ľ.Štúra;stanica SAD, od ŽSR,Billa;;48.212678;18.595628
14240;CLV;Nitra;;Levice;M.R.Štefánika;vpravo,smer výjazd na ZV,plaváreň športová hala;;48.219146;18.599571
14241;CLV;Nitra;;Levice;M.R.Štefánika;vľavo,výjazd smer NR, plaváreň športová hala;;48.219146;18.599571
14299;CLV;Nitra;;Levice;SNP/nám. Hrdinov;zastávka SAD;;48.219566;18.606995
14300;CLV;Nitra;;Levice;SNP/nám. Hrdinov;zastávka SAD;;48.219566;18.606995
14301;CLV;Nitra;;Levice;nám. Hrdinov;pri MÚ;;48.219766;18.606212
14302;CLV;Nitra;;Levice;nám. Hrdinov;pri MÚ;;48.219766;18.606212
17368;CLV;Prešov;;Levoča;Železničný riadok;AS Billa, stavebniny;;49.018542;20.586992
17369;CLV;Prešov;;Levoča;Železničný riadok;AS Billa, stavebniny;;49.018542;20.586992
17370;CLV;Prešov;;Levoča;Pri prameni;Sídlisko Pri prameni Potraviny CBA;;49.02062;20.591256
17371;CLV;Prešov;;Levoča;Pri prameni;Sídlisko Pri prameni Potraviny CBA;;49.02062;20.591256
17372;CLV;Prešov;;Levoča;J. Francisciho;Sídlisko Západ OC Texon;;49.024891;20.579075
17373;CLV;Prešov;;Levoča;J. Francisciho;Sídlisko Západ OC Texon;;49.024891;20.579075
17374;CLV;Prešov;;Levoča;Železničný riadok;poliklinika, lekáreň trafika, PNS;;49.02054;20.586487
17375;CLV;Prešov;;Levoča;Železničný riadok;poliklinika, lekáreň trafika, PNS;;49.02054;20.586487
17376;CLV;Prešov;;Levoča;J.Francisciho;sídlisko Západ potraviny Fresh, serpentíny do star.mesta;;49.026263;20.582697
17377;CLV;Prešov;;Levoča;J.Francisciho;sídlisko Západ potraviny Fresh, serpentíny do star.mesta;;49.026263;20.582697
27454;CLP;Prešov;;Levoča;Nám. Š. Kluberta-AZ;sm Prešov,P,vnk centrum,škola,cesta I/18;;49.026951;20.59531
27455;CLP;Prešov;;Levoča;Nám. Š. Kluberta-AZ;sm Prešov,P,vnt centrum,škola,cesta I/18;;49.026951;20.59531
27456;CLP;Prešov;;Levoča;Nám. Š. Kluberta-AZ;sm Prešov,Ľ,vnt centrum,škola,cesta I/18;;49.026951;20.59531
27457;CLP;Prešov;;Levoča;Nám. Š. Kluberta-AZ;sm Prešov,Ľ,vnk centrum,škola,cesta I/18;;49.026951;20.59531
27458;CLP;Prešov;;Levoča;Prešovská-AZ;smc,Ľ,vnt centrum,škola,cesta I/18;;49.027163;20.595901
27459;CLP;Prešov;;Levoča;Prešovská-AZ;smc,Ľ,vnk centrum,škola,cesta I/18;;49.027163;20.595901
27460;CLP;Prešov;;Levoča;Nám. Š. Kluberta-AZ;P,vnk, centrum,sm PO škola, hl.ulica, vedľa cesty I/18;;49.026951;20.59531
27461;CLP;Prešov;;Levoča;Nám. Š. Kluberta-AZ;P,vnt, centrum,sm PO škola, hl.ulica, vedľa cesty I/18;;49.026951;20.59531
15329;CLV;Žilina;;Liptovský Hrádok;námestie/SNP;centr,námestie/MÚ,reštaurácia,SAD/ŽSR;;49.042487;19.733254
15330;CLV;Žilina;;Liptovský Hrádok;námestie/SNP;centr,námestie/MÚ,reštaurácia,SAD/ŽSR;;49.042487;19.722254
15331;CLV;Žilina;;Liptovský Hrádok;námestie/SNP;centr,námestie,Slov.sporiteľňa,Prima banka;;49.043991;19.736235
15332;CLV;Žilina;;Liptovský Hrádok;námestie/SNP;centr,námestie,Slov.sporiteľňa,Prima banka;;49.043991;19.736235
15333;CLV;Žilina;;Liptovský Hrádok;námestie;centrum,námestie pri MÚ;;49.041788;19.7382
15334;CLV;Žilina;;Liptovský Hrádok;námestie;centrum,námestie pri MÚ;;49.041788;19.7382
15335;CLV;Žilina;;Liptovský Hrádok;námestie/Hviezdoslavova;centrum,námestie/MÚ;;49.040967;19.735149
15336;CLV;Žilina;;Liptovský Hrádok;námestie/Hviezdoslavova;centrum,námestie/MÚ;;49.040967;19.735149
25362;CLP;Žilina;;Liptovský Hrádok;ČSA-AZ;oproti jazierko,hrádok,Ľ,vnt;;49.043931;19.734541
25363;CLP;Žilina;;Liptovský Hrádok;ČSA-AZ;oproti jazierko,hrádok,Ľ,vnk ČS Slovnaft,elektrotechnická škola;;49.043931;19.734541
25364;CLP;Žilina;;Liptovský Hrádok;cesta II/537,sm Lipt.Peter-AZ;pri internáte,benz.pumpa,Ľ,vnt;;49.042549;19.734333
25365;CLP;Žilina;;Liptovský Hrádok;cesta II/537,sm Lipt.Peter-AZ;pri internáte,benz.pumpa,Ľ,vnk;;49.042549;19.734333
15008;CLV;Žilina;;Liptovský Mikuláš;Okoličianska;zákl.škola,šport.areál TATRAN;;49.075907;19.649492
15009;CLV;Žilina;;Liptovský Mikuláš;Okoličianska;zákl.škola,šport.areál TATRAN;;49.075907;19.649492
15010;CLV;Žilina;;Liptovský Mikuláš;kpt.Nálepku;nákup.stredisko Jednota MIX;;49.081392;19.622352
15011;CLV;Žilina;;Liptovský Mikuláš;kpt.Nálepku;nákup.stredisko Jednota MIX;;49.081392;19.622352
15012;CLV;Žilina;;Liptovský Mikuláš;Garbiarska;podchod/vstup na pešiu zónu,pri AZ;;49.08229;19.61249
15013;CLV;Žilina;;Liptovský Mikuláš;Garbiarska;podchod/vstup na pešiu zónu,pri AZ;;49.08229;19.61249
15014;CLV;Žilina;;Liptovský Mikuláš;Hollého;Dom kultúry,Od Prior,Hotel Europa,Billa;;49.084214;19.610215
15015;CLV;Žilina;;Liptovský Mikuláš;Hollého;Dom kultúry,Od Prior,Hotel Europa, Billa;;49.084214;19.610215
15018;CLV;Žilina;;Liptovský Mikuláš;Hurbanova;park pri ŽS a SAD;;49.09087;19.605735
15019;CLV;Žilina;;Liptovský Mikuláš;Hurbanova;park pri ŽS a SAD;;49.09087;19.605735
15020;CLV;Žilina;;Liptovský Mikuláš;Jánošíkovo nábr.;hotel Jánošík,pri AZ;;49.08755;19.603954
15021;CLV;Žilina;;Liptovský Mikuláš;Jánošíkovo nábr.;hotel Jánošík,pri AZ;;49.08755;19.603954
25019;CLP;Žilina;;Liptovský Mikuláš;Rachmaninovo nám./1.mája-AZ;OD Jednota,Ľ,vnt;;49.08028;19.622553
25020;CLP;Žilina;;Liptovský Mikuláš;Rachmaninovo nám./1.mája-AZ;OD Jednota,Ľ,vnk;;49.08028;19.622553
25021;CLP;Žilina;;Liptovský Mikuláš;Rachmaninovo nám./1.mája-AZ;OD Jednota,Ľ,vnt;;49.080231;19.622506
25022;CLP;Žilina;;Liptovský Mikuláš;Rachmaninovo nám./1.mája-AZ;OD Jednota,Ľ,vnk;;49.080231;19.622506
25023;CLP;Žilina;;Liptovský Mikuláš;Rachmaninovo nám./1.mája-AZ;OD Jednota,Ľ,vnt;;49.08015;19.622463
25024;CLP;Žilina;;Liptovský Mikuláš;Rachmaninovo nám./1.mája-AZ;OD Jednota,Ľ,vnk;;49.08015;19.622463
25025;CLP;Žilina;;Liptovský Mikuláš;1.Mája-AZ;závod MAYTEX,Ľ,vnt LIDL, oproti ČS Oktan, Skalniak;;49.078947;19.631665
25026;CLP;Žilina;;Liptovský Mikuláš;1.Mája-AZ;závod MAYTEX,Ľ,vnk LIDL, oproti ČS Oktan, Skalniak;;49.078947;19.631665
25027;CLP;Žilina;;Liptovský Mikuláš;1.Mája-AZ;závod MAYTEX,Ľ,vnt LIDL, oproti ČS Oktan, Skalniak;;49.078866;19.631656
25028;CLP;Žilina;;Liptovský Mikuláš;1.Mája-AZ;závod MAYTEX,Ľ,vnk LIDL, oproti ČS Oktan, Skalniak;;49.078866;19.631656
25029;CLP;Žilina;;Liptovský Mikuláš;1.Mája-AZ;závod MAYTEX,Ľ,vnt LIDL, oproti ČS Oktan, Skalniak;;49.078785;19.63163
25030;CLP;Žilina;;Liptovský Mikuláš;1.Mája-AZ;závod MAYTEX,Ľ,vnk LIDL, oproti ČS Oktan, Skalniak;;49.078785;19.63163
25031;CLP;Žilina;;Liptovský Mikuláš;1.Mája-AZ;Liptov.mliekáreň,Ľ,vnt;;49.076812;19.64309
25032;CLP;Žilina;;Liptovský Mikuláš;1.Mája-AZ;Liptov.mliekáreň,Ľ,vnk;;49.076812;19.64309
25033;CLP;Žilina;;Liptovský Mikuláš;1.Mája-AZ;Poľnonákup Liptov,oproti Lipt.mliek.,P,vnk;;49.078985;19.634287
25034;CLP;Žilina;;Liptovský Mikuláš;1.Mája-AZ;Poľnonákup Liptov,oproti Lipt.mliek.,P,vnt;;49.078985;19.634287
25035;CLP;Žilina;;Liptovský Mikuláš;1.Mája-AZ;Poľnonákup Liptov,oproti Lipt.mliek.,Z/vnt;;49.078985;19.634287
25036;CLP;Žilina;;Liptovský Mikuláš;1.Mája-AZ;Maytex,hotel Klar,Z/vnt opr. LIDL;;49.079541;19.630082
25037;CLP;Žilina;;Liptovský Mikuláš;1.Mája-AZ;Maytex,hotel Klar,Ľ,vnt opr. LIDL;;49.079541;19.630082
25038;CLP;Žilina;;Liptovský Mikuláš;1.Mája-AZ;Maytex,hotel Klar,Ľ,vnk opr. LIDL;;49.079541;19.630082
25039;CLP;Žilina;;Liptovský Mikuláš;1.Mája-AZ;Maytex,hotel Klar,P,vnk opr. LIDL;;49.079608;19.629273
25040;CLP;Žilina;;Liptovský Mikuláš;1.Mája-AZ;Maytex,hotel Klar,P,vnt opr. LIDL;;49.079608;19.629273
25041;CLP;Žilina;;Liptovský Mikuláš;1.Mája-AZ;Maytex,hotel Klar,Z/vnt opr. LIDL;;49.079608;19.629273
25042;CLP;Žilina;;Liptovský Mikuláš;Rachmaninovo nám.-AZ;Stop Shop,P,vnk polícia;;49.080807;19.621297
25043;CLP;Žilina;;Liptovský Mikuláš;Rachmaninovo nám.-AZ;Stop Shop,P,vnt polícia;;49.080807;19.621297
25044;CLP;Žilina;;Liptovský Mikuláš;Rachmaninovo nám.-AZ;Stop ShopZ/vnt polícia;;49.080807;19.621297
25045;CLP;Žilina;;Liptovský Mikuláš;Rachmaninovo nám.-AZ;Stop Shop,Z/vnk polícia;;49.080807;19.621297
25046;CLP;Žilina;;Liptovský Mikuláš;Rachmaninovo nám.-AZ;Stop Shop,Z/vnt polícia;;49.080908;19.620729
25047;CLP;Žilina;;Liptovský Mikuláš;Rachmaninovo nám.-AZ;Stop Shop,Ľ,vnt polícia;;49.080908;19.620729
25048;CLP;Žilina;;Liptovský Mikuláš;Rachmaninovo nám.-AZ;Stop Shop,Ľ,vnk polícia;;49.080908;19.620729
25049;CLP;Žilina;;Liptovský Mikuláš;Rachmaninovo nám.-AZ;Stop Shop,Z/vnk polícia;;49.080908;19.620729
25050;CLP;Žilina;;Liptovský Mikuláš;Hurbanova-AZ;Vojen.útvar,mater.škola,Ľ,vnt;;49.088599;19.60564
25051;CLP;Žilina;;Liptovský Mikuláš;Hurbanova-AZ;Vojen.útvar,mater.škola,Ľ,vnk;;49.088599;19.60564
25286;CLP;Žilina;;Liptovský Mikuláš;Garbiarska-AZ;pri Linapo a podchodoch,Ľ,vnt;;49.08237;19.610677
25287;CLP;Žilina;;Liptovský Mikuláš;Garbiarska-AZ;pri Linapo a podchodoch,Ľ,vnk;;49.08237;19.610667
16146;CLV;Banská Bystrica;;Lučenec;Opatová;príj.od RS/ZV,sídl.,predajňa Opel;;48.339106;19.678467
16147;CLV;Banská Bystrica;;Lučenec;Opatová;príj.od RS/ZV,sídl.,predajňa Opel;;48.339106;19.678467
16148;CLV;Banská Bystrica;;Lučenec;Maloveská;príjazd od SAD/ŽSR,sm centr CBA;;48.33114;19.67189
16149;CLV;Banská Bystrica;;Lučenec;Maloveská;príjazd od SAD/ŽSR,sm centr CBA;;48.33114;19.67189
16150;CLV;Banská Bystrica;;Lučenec;Fiľakovská;výj.sm Fiľakovo,Billa,predajňa CBA,1 materská škola,základná škola;;48.325631;19.675159
16151;CLV;Banská Bystrica;;Lučenec;Fiľakovská;výj.sm Fiľakovo,Billa,predajňa CBA,1 materská škola,základná škola;;48.325631;19.675159
16152;CLV;Banská Bystrica;;Lučenec;Fiľakovská;výj.sm Fiľakovo,Billa,predajňa CBA,2 materská škola,základná škola;;48.325818;19.675741
16153;CLV;Banská Bystrica;;Lučenec;Fiľakovská;výj.sm Fiľakovo,Billa,predajňa CBA,2 materská škola,základná škola;;48.325818;19.675741
16315;CLV;Banská Bystrica;;Lučenec;stanica SAD;nást.ostrovček,CBA/Cent,1;;48.33407;19.667638
16316;CLV;Banská Bystrica;;Lučenec;stanica SAD;nást.ostrovček,CBA/Cent ,1;;48.33407;19.667638
16317;CLV;Banská Bystrica;;Lučenec;stanica SAD;nást.ostrovček,CBA/Cent,2;;48.334156;19.667739
16318;CLV;Banská Bystrica;;Lučenec;stanica SAD;nást.ostrovček,CBA/Cent,2;;48.334156;19.667739
16319;CLV;Banská Bystrica;;Lučenec;stanica SAD;nást.ostrovček,CBA/Cent,3;;48.334239;19.667838
16320;CLV;Banská Bystrica;;Lučenec;stanica SAD;nást.ostrovček,CBA/Cent,3;;48.334239;19.667838
16321;CLV;Banská Bystrica;;Lučenec;stanica SAD;nást.ostrovček,CBA/Cent,4;;48.334363;19.667975
16322;CLV;Banská Bystrica;;Lučenec;stanica SAD;nást.ostrovček,CBA/Cent,4;;48.334363;19.667975
16323;CLV;Banská Bystrica;;Lučenec;stanica SAD;nást.ostrovček,CBA/Cent,5;;48.334523;19.668117
16324;CLV;Banská Bystrica;;Lučenec;stanica SAD;nást.ostrovček,CBA/Cent,5;;48.334523;19.668117
16327;CLV;Banská Bystrica;;Lučenec;nám.Republiky;OC Galéria, pešia zóna,1 nemocnica;;48.330436;19.660368
16328;CLV;Banská Bystrica;;Lučenec;nám.Republiky;OC Galéria, pešia zóna,1 nemocnica;;48.330436;19.660368
16329;CLV;Banská Bystrica;;Lučenec;nám.Republiky;OC Galéria, pešia zóna,2 nemocnica;;48.330478;19.660378
16330;CLV;Banská Bystrica;;Lučenec;nám.Republiky;OC Galéria, pešia zóna,2 nemocnica;;48.330478;19.660378
16331;CLV;Banská Bystrica;;Lučenec;nám.Republiky;OC Galéria, pešia zóna,3 nemocnica;;48.330593;19.660373
16332;CLV;Banská Bystrica;;Lučenec;nám.Republiky;OC Galéria, pešia zóna,3 nemocnica;;48.330593;19.660373
16333;CLV;Banská Bystrica;;Lučenec;nám.Republiky;OC Galéria, pešia zóna,4 nemocnica;;48.330689;19.660411
16334;CLV;Banská Bystrica;;Lučenec;nám.Republiky;OC Galéria, pešia zóna,4 nemocnica;;48.330689;19.660411
11212;CLV;Bratislava;;Malacky;II/503;InterCora-OC Malavia-vstup od Tesca 1,sm NC KIK, Deichman, Takko, DM drogéria, Jysk,Dráčik, Pet Center;;48.432351;17.029212
11213;CLV;Bratislava;;Malacky;II/503;InterCora-OC Malavia-vstup od Tesca1,sm Tesco KIK, Deichman, Takko, DM drogéria, Jysk,Dráčik, Pet Center;;48.432351;17.029212
11214;CLV;Bratislava;;Malacky;II/503;InterCora-OC Malavia-vstup od Tesca2,sm NC KIK, Deichman, Takko, DM drogéria, Jysk,Dráčik, Pet Center;;48.432495;17.029064
11215;CLV;Bratislava;;Malacky;II/503;InterCora-OC Malavia-vstup od Tesca2,sm Tesco KIK, Deichman, Takko, DM drogéria, Jysk,Dráčik, Pet Center;;48.432495;17.029064
11216;CLV;Bratislava;;Malacky;II/503;InterCora-OC Malavia, pred KIK KIK, Deichman, Takko, DM drogéria, Jysk,Dráčik, Pet Center;;48.432753;17.028833
11217;CLV;Bratislava;;Malacky;II/503;InterCora-OC Malavia, pred KIK KIK, Deichman, Takko, DM drogéria, Jysk,Dráčik, Pet Center;;48.432753;17.028833
11218;CLV;Bratislava;;Malacky;II/503;InterCora-OC Malavia, pred OKAY elektro KIK, Deichman, Takko, DM drogéria, Jysk,Dráčik, Pet Center;;48.433234;17.028243
11219;CLV;Bratislava;;Malacky;II/503;InterCora-OC Malavia, pred OKAY elektro KIK, Deichman, Takko, DM drogéria, Jysk,Dráčik, Pet Center;;48.433234;17.028243
11220;CLV;Bratislava;;Malacky;II/503;InterCora-OC Malavia, pred GATE KIK, Deichman, Takko, DM drogéria, Jysk,Dráčik, Pet Center;;48.433574;17.028667
11221;CLV;Bratislava;;Malacky;II/503;InterCora-OC Malavia, pred GATE KIK, Deichman, Takko, DM drogéria, Jysk,Dráčik, Pet Center;;48.433574;17.028667
15174;CLV;Žilina;;Martin;Divadelná;centr/vstup do pešej zóny,divadlo;;49.065098;18.921638
15175;CLV;Žilina;;Martin;Divadelná;centr/vstup do pešej zóny,divadlo;;49.065098;18.921638
15189;CLV;Žilina;;Martin;Divadelná;centr/pešia zóna,divadlo;;49.065494;18.921767
15190;CLV;Žilina;;Martin;Divadelná;centr/pešia zóna,divadlo;;49.065494;18.921767
15337;CLV;Žilina;;Martin-Vrútky;sv. Cyrila a Metoda;pri lekárni ČSOB, SLSP;;49.114388;18.924545
15338;CLV;Žilina;;Martin-Vrútky;sv. Cyrila a Metoda;pri lekárni ČSOB, SLSP;;49.114388;18.924545
15339;CLV;Žilina;;Martin-Vrútky;pešia zóna;pri VÚB Tatra banka, fitnescentrum;;49.113124;18.924508
15340;CLV;Žilina;;Martin-Vrútky;pešia zóna;pri VÚB Tatra banka, fitnescentrum;;49.113124;18.924508
15341;CLV;Žilina;;Martin-Vrútky;pešia zóna;pri fontáne KC Kriváň, COOP Jednota;;49.111344;18.9241
15342;CLV;Žilina;;Martin-Vrútky;pešia zóna;pri fontáne KC Kriváň, COOP Jednota;;49.111344;18.9241
25324;CLP;Žilina;;Martin-Vrútky;Fr.partizánov-AZ;kasárne,sm MT,Ľ,vnt;;49.121928;18.908607
25325;CLP;Žilina;;Martin-Vrútky;Fr.partizánov-AZ;kasárne,sm MT,Ľ,vnk;;49.121928;18.908607
25326;CLP;Žilina;;Martin-Vrútky;Fr.partizánov-AZ;oproti Harley-pubu,sm MT,Ľ,vnt;;49.119782;18.910535
25327;CLP;Žilina;;Martin-Vrútky;Fr.partizánov-AZ;oproti Harley-pubu,sm MT,Ľ,vnk;;49.119782;18.910535
25328;CLP;Žilina;;Martin-Vrútky;Fr.partizánov-AZ;pred Kerimaxom,sm ŽA,Ľ,vnt;;49.11368;18.916322
25329;CLP;Žilina;;Martin-Vrútky;Fr.partizánov-AZ;pred Kerimaxom,sm ŽA,Ľ,vnk;;49.11368;18.916322
25386;CLP;Žilina;;Martin-Vrútky;Bláhovca a Karvaša-AZ;Ľ,vnt pri RD s.č. 3596;;49.116469;18.903473
25387;CLP;Žilina;;Martin-Vrútky;Bláhovca a Karvaša-AZ;Ľ,vnk pri RD s.č. 3596;;49.116469;18.903473
25422;CLP;Žilina;;Martin-Vrútky;Čachovský rad-AZ;Športová hala,škola,Ľ,vnt;;49.112592;18.919738
25423;CLP;Žilina;;Martin-Vrútky;Čachovský rad-AZ;Športová hala,škola,Ľ,vnk;;49.112592;18.919738
18022;CLV;Košice;;Michalovce;Humenská cesta/ŽSR;nástupište SAD,Kaufland,NAY;;48.752539;21.900802
18023;CLV;Košice;;Michalovce;Humenská cesta/ŽSR;nástupište SAD,Kaufland,NAY;;48.752522;21.900792
18024;CLV;Košice;;Michalovce;Humenská cesta/ŽSR;ŽS,Kaufland,NAY;;48.751564;21.900218
18025;CLV;Košice;;Michalovce;Humenská cesta/ŽSR;ŽS,Kaufland,NAY;;48.751564;21.900218
18026;CLV;Košice;;Michalovce;K.Kuzmányho/prof. Hlaváča;v križovatke pri OD;;48.75523;21.909777
18027;CLV;Košice;;Michalovce;K.Kuzmányho/prof. Hlaváča;v križovatke pri OD;;48.75523;21.909777
18030;CLV;Košice;;Michalovce;M.R.Štefánika;pri knižnici,OD,v križovatke;;48.753219;21.911152
18031;CLV;Košice;;Michalovce;M.R.Štefánika;pri knižnici,OD,v križovatke;;48.753219;21.911152
18032;CLV;Košice;;Michalovce;Špitálska;ST,Tesco Expres;;48.754051;21.913766
18033;CLV;Košice;;Michalovce;Špitálska;ST,Tesco Expres;;48.754051;21.913766
18036;CLV;Košice;;Michalovce;M.R.Štefánika;pri OD,reštaurácia,Areka;;48.749554;21.906303
18037;CLV;Košice;;Michalovce;M.R.Štefánika;pri OD,reštaurácia,Areka;;48.749554;21.906303
18040;CLV;Košice;;Michalovce;J.Hollého;penzión,OD,reštaurácia;;48.755295;21.923718
18041;CLV;Košice;;Michalovce;J.Hollého;penzión,OD,reštaurácia;;48.755295;21.923718
18042;CLV;Košice;;Michalovce;J.Hollého/IDEA;oproti OD IDEA,banka,poisťovňa,na AZ;;48.750792;21.925104
18043;CLV;Košice;;Michalovce;J.Hollého/IDEA;oproti OD IDEA,banka,poisťovňa,na AZ;;48.750792;21.925104
28192;CLP;Košice;;Michalovce;Partizánska-AZ;pri kostole,P,vnk;;48.75924;21.923832
28193;CLP;Košice;;Michalovce;Partizánska-AZ;pri kostole,P,vnt;;48.75924;21.923832
28194;CLP;Košice;;Michalovce;Partizánska-AZ;pri kostole,Ľ,vnt;;48.759272;21.923727
28195;CLP;Košice;;Michalovce;Partizánska-AZ;pri kostole,Ľ,vnk;;48.759272;21.923727
28196;CLP;Košice;;Michalovce;Masarykova-AZ;gymnázium P.Horova,Ľ,vnt;;48.758639;21.912143
28197;CLP;Košice;;Michalovce;Masarykova-AZ;gymnázium P.Horova,Ľ,vnk;;48.758639;21.912143
28202;CLP;Košice;;Michalovce;M.R.Štefánika-AZ;Domsprav,pri nákup.centre,P,vnk;;48.750513;21.907665
28203;CLP;Košice;;Michalovce;M.R.Štefánika-AZ;Domsprav,pri nákup.centre,P,vnt;;48.750514;21.9077
28204;CLP;Košice;;Michalovce;M.R.Štefánika-AZ;Domsprav,pri nákup.centre,Ľ,vnt;;48.750459;21.907772
28205;CLP;Košice;;Michalovce;M.R.Štefánika-AZ;Domsprav,pri nákup.centre,Ľ,vnk;;48.750459;21.907772
28206;CLP;Košice;;Michalovce;M.R.Štefánika-AZ;Domsprav,oproti nákup.centru,P,vnk;;48.750766;21.907252
28207;CLP;Košice;;Michalovce;M.R.Štefánika-AZ;Domsprav,oproti nákup.centru,P,vnt;;48.750766;21.907252
28208;CLP;Košice;;Michalovce;M.R.Štefánika-AZ;Domsprav,oproti nákup.centru,Ľ,vnt;;48.750832;21.907145
28209;CLP;Košice;;Michalovce;M.R.Štefánika-AZ;Domsprav,oproti nákup.centru,Ľ,vnk;;48.750843;21.907109
28210;CLP;Košice;;Michalovce;Kuzmányho-AZ;pri výškovej budove,P,vnk;;48.754426;21.910969
28211;CLP;Košice;;Michalovce;Kuzmányho-AZ;pri výškovej budove,P,vnt;;48.754426;21.910969
28212;CLP;Košice;;Michalovce;Kuzmányho-AZ;pri výškovej budove,Ľ,vnt;;48.754463;21.911053
28213;CLP;Košice;;Michalovce;Kuzmányho-AZ;pri výškovej budove,Ľ,vnk;;48.754463;21.911053
28216;CLP;Košice;;Michalovce;Kuzmányho-AZ;oproti výškovej budove,Ľ,vnt;;48.754457;21.910414
28217;CLP;Košice;;Michalovce;Kuzmányho-AZ;oproti výškovej budove,Ľ,vnk;;48.754457;21.910414
28218;CLP;Košice;;Michalovce;Obchodná-AZ;vedľa Jednoty,P,vnk;;48.757734;21.917554
28219;CLP;Košice;;Michalovce;Obchodná-AZ;vedľa Jednoty,P,vnt;;48.757735;21.917606
28220;CLP;Košice;;Michalovce;Obchodná-AZ;vedľa Jednoty,Ľ,vnt;;48.757679;21.917644
28221;CLP;Košice;;Michalovce;Obchodná-AZ;vedľa Jednoty,Ľ,vnk;;48.757679;21.917644
28222;CLP;Košice;;Michalovce;Obchodná-AZ;reštaurácia Lagúna,P,vnk;;48.757982;21.917384
28223;CLP;Košice;;Michalovce;Obchodná-AZ;reštaurácia Lagúna,P,vnt;;48.758005;21.917366
28224;CLP;Košice;;Michalovce;Obchodná-AZ;reštaurácia Lagúna,Ľ,vnt;;48.75805;21.917345
28225;CLP;Košice;;Michalovce;Obchodná-AZ;reštaurácia Lagúna,Ľ,vnk;;48.758061;21.917327
28226;CLP;Košice;;Michalovce;kpt.Nálepku-AZ;oproti ZŠ P.Horova,Ľ,vnt;;48.755218;21.919294
28227;CLP;Košice;;Michalovce;kpt.Nálepku-AZ;oproti ZŠ P.Horova,Ľ,vnk;;48.755218;21.919294
28228;CLP;Košice;;Michalovce;J.Hollého-AZ;pri hoteli Družba,Ľ,vnt;;48.757221;21.923015
28229;CLP;Košice;;Michalovce;J.Hollého-AZ;pri hoteli Družba,Ľ,vnk;;48.757221;21.923015
28230;CLP;Košice;;Michalovce;J.Hollého-AZ;pri kostole,Ľ,vnt;;48.75627;21.923881
28231;CLP;Košice;;Michalovce;J.Hollého-AZ;pri kostole,Ľ,vnk;;48.75627;21.923881
28232;CLP;Košice;;Michalovce;J.Hollého/IDEA-AZ;pri nákup.centre IDEA,Ľ,vnt;;48.750446;21.925834
28233;CLP;Košice;;Michalovce;J.Hollého/IDEA-AZ;pri nákup.centre IDEA,Ľ,vnk;;48.750446;21.925834
28234;CLP;Košice;;Michalovce;Kapušianska-AZ;pri Obch.akadémii,SPTŠ,P,vnk;;48.744832;21.939056
28235;CLP;Košice;;Michalovce;Kapušianska-AZ;pri Obch.akadémii,SPTŠ,P,vnt;;48.744833;21.939073
28236;CLP;Košice;;Michalovce;Kapušianska-AZ;pri Obch.akadémii,SPTŠ,Ľ,vnt;;48.74487;21.939174
28237;CLP;Košice;;Michalovce;Kapušianska-AZ;pri Obch.akadémii,SPTŠ,Ľ,vnk;;48.74487;21.939174
28238;CLP;Košice;;Michalovce;Okružná-AZ;sídl.Juh,blok F2,Ľ,vnt;;48.747266;21.913882
28239;CLP;Košice;;Michalovce;Okružná-AZ;sídl.Juh,blok F2,Ľ,vnk;;48.747266;21.913882
28252;CLP;Košice;;Michalovce;Sládkovičova-AZ;Zemplín-centrum,Kaufland,Ľ,vnt;;48.75937;21.916584
28253;CLP;Košice;;Michalovce;Sládkovičova-AZ;Zemplín-centrum,Kaufland,Ľ,vnk;;48.75937;21.916584
28254;CLP;Košice;;Michalovce;Sládkovičova-AZ;oproti Kauflandu,Ľ,vnt;;48.758583;21.914849
28255;CLP;Košice;;Michalovce;Sládkovičova-AZ;oproti Kauflandu,Ľ,vnk;;48.758583;21.914849
14014;CLV;Nitra;;Nitra;Staničná/Štefánikova trieda-SAD;prechod medzi SAD a ŽS;;48.3028646;18.0809824
14015;CLV;Nitra;;Nitra;Staničná/Štefánikova trieda-SAD;prechod medzi SAD a ŽS;;48.3028646;18.0809824
14020;CLV;Nitra;;Nitra;Boženy Slančíkovej;Stredná priem.škola,OD Jednota;;48.311159;18.095252
14021;CLV;Nitra;;Nitra;Boženy Slančíkovej;Stredná priem.škola,OD Jednota;;48.311159;18.095252
14030;CLV;Nitra;;Nitra;Palárikova;centrum,UNIQA;;48.3098213;18.0872124
14031;CLV;Nitra;;Nitra;Palárikova;centrum,UNIQA;;48.3098213;18.0872124
14088;CLV;Nitra;;Nitra;Tr.A.Hlinku/Olympia;pred hotelom Olympia;;48.3149225;18.1051629
14089;CLV;Nitra;;Nitra;Tr.A.Hlinku/Olympia;pred hotelom Olympia;;48.3149225;18.1051629
14138;CLV;Nitra;;Nitra;Dlhá/Výstavná;sm centr,pri križov;;48.3115785;18.1119284
14139;CLV;Nitra;;Nitra;Dlhá/Výstavná;sm centr,pri križov;;48.3115785;18.1119284
14140;CLV;Nitra;;Nitra;Dlhá/Clementisa;sm centr,pred križov s tr.A.Hlinku;;48.3137135;18.1077399
14141;CLV;Nitra;;Nitra;Dlhá/Clementisa;sm centr,pred križov s tr.A.Hlinku;;48.3137135;18.1077399
14142;CLV;Nitra;;Nitra;Štúrova/pri moste,smc;pri moste cez rieku Nitra, OC Mlyny;;48.3078066;18.0889746
14143;CLV;Nitra;;Nitra;Štúrova/pri moste,smc;pri moste cez rieku Nitra,parkov;;48.3078066;18.0889746
14144;CLV;Nitra;;Nitra;Štúrova/Willsonova,smc;pri moste cez rieku Nitra,parkov;;48.3078794;18.0884443
14145;CLV;Nitra;;Nitra;Štúrova/Willsonova,smc;pri moste cez rieku Nitra,parkov;;48.3078794;18.0884443
14146;CLV;Nitra;;Nitra;Štúrova/parkovisko,smc;pri moste cez rieku Nitra, OC Mlyny;;48.307841;18.088716
14147;CLV;Nitra;;Nitra;Štúrova/parkovisko,smc;pri moste cez rieku Nitra,parkov;;48.307841;18.088716
14154;CLV;Nitra;;Nitra;Štúrova/Cintorínska,smc;Združ.str.škola,oproti Domu služieb;;48.3088414;18.0806696
14155;CLV;Nitra;;Nitra;Štúrova/Cintorínska,smc;Združ.str.škola,oproti Domu služieb;;48.3088414;18.0806696
14156;CLV;Nitra;;Nitra;Damborského;Staré divadlo,Daňový úrad;;48.3069261;18.0834982
14157;CLV;Nitra;;Nitra;Damborského;Staré divadlo,Daňový úrad;;48.3069261;18.0834982
14158;CLV;Nitra;;Nitra;Damborského/Štúrova;pred Prokuratúrou,oproti Kraj.súdu;;48.3080351;18.0838699
14159;CLV;Nitra;;Nitra;Damborského/Štúrova;pred Prokuratúrou,oproti Kraj.súdu;;48.3080351;18.0838699
14170;CLV;Nitra;;Nitra;Štefánikova tr./Hodžova,smc;pred Okresným úradom,;;48.3043586;18.0845547
14171;CLV;Nitra;;Nitra;Štefánikova tr./Hodžova,smc;pred Okresným úradom,;;48.3043586;18.0845547
14172;CLV;Nitra;;Nitra;Štefánikova tr./Hodžova,smc;pred Okresným úradom,FF UKF;;48.3048154;18.0847701
14173;CLV;Nitra;;Nitra;Štefánikova tr./Hodžova,smc;pred Okresným úradom,FF UKF;;48.3048154;18.0847701
14176;CLV;Nitra;;Nitra;Tr.A.Hlinku/CENTRO Nitra I.;od tr.A.Hlinku,1;;48.309952;18.097342
14177;CLV;Nitra;;Nitra;Tr.A.Hlinku/CENTRO Nitra I.;od tr.A.Hlinku,1;;48.309952;18.097342
14178;CLV;Nitra;;Nitra;Tr.A.Hlinku/CENTRO Nitra I.;od tr.A.Hlinku,2;;48.310057;18.097569
14179;CLV;Nitra;;Nitra;Tr.A.Hlinku/CENTRO Nitra I.;od tr.A.Hlinku,2;;48.310057;18.097569
14184;CLV;Nitra;;Nitra;Tr.A.Hlinku/CENTRO Nitra I.;od tr.A.Hlinku,5;;48.310484;18.098389
14185;CLV;Nitra;;Nitra;Tr.A.Hlinku/CENTRO Nitra I.;od tr.A.Hlinku,5;;48.310484;18.098389
14212;CLV;Nitra;;Nitra;Tr.A.Hlinku/CENTRO Nitra I.;Belda sport, OK Moda, cropp, DM drogerie;;48.309777;18.09794
14213;CLV;Nitra;;Nitra;Tr.A.Hlinku/CENTRO Nitra I.;Belda sport, OK Moda, cropp, DM drogerie;;48.309777;18.09794
14216;CLV;Nitra;;Nitra;Akademická/CENTRO Nitra I.;pri OD Centro Nitra,1;;48.309452;18.09715
14217;CLV;Nitra;;Nitra;Akademická/CENTRO Nitra I.;pri OD Centro Nitra,1;;48.309452;18.09715
14222;CLV;Nitra;;Nitra;Akademická/CENTRO Nitra I.;pri OD Centro Nitra,4;;48.308926;18.097753
14223;CLV;Nitra;;Nitra;Akademická/CENTRO Nitra I.;pri OD Centro Nitra,4;;48.308926;18.097753
14228;CLV;Nitra;;Nitra;Štúrova/OD Nitra;pred OD Nitra, Tesco, Decathlon;;48.3085094;18.0845082
14229;CLV;Nitra;;Nitra;Štúrova/OD Nitra;pred OD Nitra,Tesco, Decathlon;;48.3085094;18.0845082
14230;CLV;Nitra;;Nitra;Štúrova/Dom služieb;pri Dome služieb,parkovisko;;48.3093567;18.0811122
14231;CLV;Nitra;;Nitra;Štúrova/Dom služieb;pri Dome služieb,parkovisko;;48.3093567;18.0811122
14232;CLV;Nitra;;Nitra;Štúrova/príj.od kruh.objazdu;pri predajni ŠEVT;;48.3092458;18.0776591
14233;CLV;Nitra;;Nitra;Štúrova/príj.od kruh.objazdu;pri predajni ŠEVT;;48.3092458;18.0776591
14234;CLV;Nitra;;Nitra;Štúrova/príj.od kruh.objazdu;pri predajni nábytku;;48.3093398;18.0770422
14235;CLV;Nitra;;Nitra;Štúrova/príj.od kruh.objazdu;pri predajni nábytku;;48.3093398;18.0770422
14252;CLV;Nitra;;Nitra;Tr.A.Hlinku/CENTRO Nitra I.;Favab, lekáreň BENU,4F;;48.309521;18.098144
14253;CLV;Nitra;;Nitra;Tr.A.Hlinku/CENTRO Nitra I.;Favab, lekáreň BENU,4F;;48.309521;18.098144
14256;CLV;Nitra;;Nitra;Tr.A.Hlinku/CENTRO Nitra I.;pri eskalátore/parkov.strecha ,vľavo;;48.309873;18.098476
14257;CLV;Nitra;;Nitra;Tr.A.Hlinku/CENTRO Nitra I.;pri eskalátore/parkov.strecha,vpravo;;48.30978;18.098643
14258;CLV;Nitra;;Nitra;Tr.A.Hlinku/CENTRO Nitra II.;vchod od Výstavnej,na stene vľavo Pošta, JYSK;;48.308248;18.099498
14259;CLV;Nitra;;Nitra;Tr.A.Hlinku/CENTRO Nitra II.;vchod od Výstavnej, pošta, JYSK Poštová banka,PEPCO;;48.308565;18.099233
14260;CLV;Nitra;;Nitra;Tr.A.Hlinku/CENTRO Nitra II.;vchod od Výstavnej, pošta, JYSK Poštová banka,PEPCO;;48.308565;18.099233
14265;CLV;Nitra;;Nitra;Tr.A.Hlinku/CENTRO Nitra II.;pri vchode Akademická/Výstavná, VUB Alltoys, Casino Admiral;;48.308263;18.098982
14266;CLV;Nitra;;Nitra;Tr.A.Hlinku/CENTRO Nitra II.;pri vchode Akademická/Výstavná,VUB Alltoys, Casino Admiral;;48.308263;18.098982
14267;CLV;Nitra;;Nitra;Výstavná/CENTRO Nitra III.;oproti výstavisku 1, vstup do OC, bankomat SLSP;;48.308545;18.100256
14268;CLV;Nitra;;Nitra;Výstavná/CENTRO Nitra III.;oproti výstavisku 1, vstup do OC, bankomat SLSP;;48.308545;18.100256
14269;CLV;Nitra;;Nitra;Výstavná/CENTRO Nitra III.;oproti výstavisku 2, vstup do OC, bankomat SLSP;;48.308273;18.099725
14270;CLV;Nitra;;Nitra;Výstavná/CENTRO Nitra III.;oproti výstavisku 2, vstup do OC, bankomat SLSP;;48.308273;18.099725
14273;CLV;Nitra;;Nitra;Výstavná/CENTRO Nitra III.;oproti výstavisku 4, vstup do OC;;48.307914;18.099085
14274;CLV;Nitra;;Nitra;Výstavná/CENTRO Nitra III.;oproti výstavisku 4, vstup do OC;;48.307914;18.099085
14275;CLV;Nitra;;Nitra;Akademická/CENTRO Nitra III.;pri OD Centro Nitra,5;;48.308093;18.098614
14276;CLV;Nitra;;Nitra;Akademická/CENTRO Nitra III.;pri OD Centro Nitra,5;;48.308093;18.098614
14277;CLV;Nitra;;Nitra;Akademická/CENTRO Nitra III.;pri OD Centro Nitra,6;;48.307922;18.098826
14278;CLV;Nitra;;Nitra;Akademická/CENTRO Nitra III.;pri OD Centro Nitra,6;;48.307922;18.098826
14279;CLV;Nitra;;Nitra;Výstavná;oproti vstupu na výstavisko/brána B1;;48.3086672;18.1012488
14280;CLV;Nitra;;Nitra;Výstavná;oproti vstupu na výstavisko/brána B1;;48.3086672;18.1012488
14281;CLV;Nitra;;Nitra;Výstavná;oproti výstavisku;;48.308877;18.1025016
14282;CLV;Nitra;;Nitra;Výstavná;oproti výstavisku;;48.308877;18.1025016
14283;CLV;Nitra;;Nitra;Fatranská/Tríbečská;v zeleni neďaleko Lidl,2;;48.3094162;18.1072253
14284;CLV;Nitra;;Nitra;Fatranská/Tríbečská;v zeleni neďaleko Lidl,2;;48.3094162;18.1072253
14285;CLV;Nitra;;Nitra;Fatranská/Tríbečská;v zeleni neďaleko Lidl,1;;48.3093319;18.1064777
14286;CLV;Nitra;;Nitra;Fatranská/Tríbečská;v zeleni neďaleko Lidl,1;;48.3093319;18.1064777
14287;CLV;Nitra;;Nitra;Fatranská;oproti Lidl,vedľa parkoviska;;48.3095672;18.1075951
14288;CLV;Nitra;;Nitra;Fatranská;oproti Lidl,vedľa parkoviska;;48.3095672;18.1075951
14289;CLV;Nitra;;Nitra;Fatranská/Výstavná;pred kinom Lipa;;48.3100754;18.107459
14290;CLV;Nitra;;Nitra;Fatranská/Výstavná;pred kinom Lipa;;48.3100754;18.107459
14291;CLV;Nitra;;Nitra;Výstavná;pred OC,pri Slov.sporiteľni;;48.310634;18.10828
14292;CLV;Nitra;;Nitra;Výstavná;pred OC,pri Slov.sporiteľni;;48.310634;18.10828
14293;CLV;Nitra;;Nitra;Výstavná;pred OC,pri Slov.sporiteľni,kino Lipa;;48.310988;18.109041
14294;CLV;Nitra;;Nitra;Výstavná;pred OC,pri Slov.sporiteľni,kino Lipa;;48.310988;18.109041
14295;CLV;Nitra;;Nitra;Dlhá/Bohúňova;sm Janíkovce/centr,1;;48.3093299;18.1142379
14296;CLV;Nitra;;Nitra;Dlhá/Bohúňova;sm Janíkovce/centr,1;;48.3093299;18.1142379
14297;CLV;Nitra;;Nitra;Dlhá/Čavojského;sm Janíkovce/centr,2;;48.308132;18.1154133
14298;CLV;Nitra;;Nitra;Dlhá/Čavojského;sm Janíkovce/centr,2;;48.308132;18.1154133
14313;CLV;Nitra;;Nitra;Sladkovičova/Kmeťkova;pri pensione ristorante Moretti, oproti ŠEVT, ČSOB;;48.3132169;18.0920853
14314;CLV;Nitra;;Nitra;Sladkovičova/Kmeťkova;pri pensione ristorante Moretti, oproti ŠEVT, ČSOB;;48.3132169;18.0920853
14315;CLV;Nitra;;Nitra;Štúrova/Hollého;pri potravinách Nitrazdroj;;48.3091512;18.0782895
14316;CLV;Nitra;;Nitra;Štúrova/Hollého;pri potravinách Nitrazdroj;;48.3091512;18.0782895
14317;CLV;Nitra;;Nitra;Jesenského/Zimný štadión;Mestský park, Nitra aréna;;48.3199617;18.0861035
14318;CLV;Nitra;;Nitra;Jesenského/Zimný štadión;Mestský park, Nitra aréna;;48.3199617;18.0861035
14319;CLV;Nitra;;Nitra;Župné námestie;kruhový objazd, Farská ulica, Farska cafe;;48.3153237;18.0854317
14320;CLV;Nitra;;Nitra;Župné námestie;kruhový objazd, Farská ulica, Farska cafe;;48.3153237;18.0854317
14321;CLV;Nitra;;Nitra;Sládkovičova/F.Mojtu;pri lekárni, oproti ČSOB;;48.3128435;18.0916301
14322;CLV;Nitra;;Nitra;Sládkovičova/F.Mojtu;pri lekárni, oproti ČSOB;;48.3128435;18.0916301
14323;CLV;Nitra;;Nitra;Štúrova/Palánok;pri Dome služieb, parkovisko;;48.309187;18.082113
14324;CLV;Nitra;;Nitra;Štúrova/Palánok;pri Dome služieb, parkovisko;;48.309187;18.082113
14325;CLV;Nitra;;Nitra;Štúrova/Palánok;pri Dome služieb, parkovisko, rešt.TABÁŇ;;48.3089361;18.0821925
14326;CLV;Nitra;;Nitra;Štúrova/Palánok;pri Dome služieb, parkovisko, rešt.TABÁŇ;;48.3089361;18.0821925
14327;CLV;Nitra;;Nitra;Štefánikova trieda;pri Úrade práce,oproti pivovar Heineken;;48.303107;18.0833765
14328;CLV;Nitra;;Nitra;Štefánikova trieda;pri Úrade práce,oproti pivovar Heineken;;48.303107;18.0833765
14329;CLV;Nitra;;Nitra;Fatranská/Vihorlatská;pri Poliklinike Chrenová, OD LIDL;;48.3084149;18.1090724
14330;CLV;Nitra;;Nitra;Fatranská/Vihorlatská;pri Poliklinike Chrenová, OD LIDL;;48.3084149;18.1090724
14331;CLV;Nitra;;Nitra;Výstavná/Sitnianska;smer križovatka Dlhá;;48.3114203;18.1100875
14332;CLV;Nitra;;Nitra;Výstavná/Sitnianska;smer križovatka Dlhá;;48.3114203;18.1100875
14333;CLV;Nitra;;Nitra;Štefánikova tr.30, pešia zóna 1;herňa Galaxy, poisť.UNIQA;;48.3107568;18.0866491
14334;CLV;Nitra;;Nitra;Štefánikova tr.30, pešia zóna 1;herňa Galaxy, poisť.UNIQA;;48.3107568;18.0866491
14335;CLV;Nitra;;Nitra;Štefánikova tr.13, pešia zóna 2;záložňa,UniCredit Bank,smer VÚB, DAB;;48.3118042;18.0872984
14336;CLV;Nitra;;Nitra;Štefánikova tr.13, pešia zóna 2;záložňa,UniCredit Bank,smer VÚB, DAB;;48.3118042;18.0872984
14337;CLV;Nitra;;Nitra;Kupecká 4, pešia zóna;reštaurácie,Odevy,smer DAB;;48.3135074;18.0872864
14338;CLV;Nitra;;Nitra;Kupecká 4, pešia zóna;reštaurácie,Odevy,smer DAB;;48.3135074;18.0872864
14339;CLV;Nitra;;Nitra;Svätoplukovo nám.,pešia zóna;Oproti DAB,centrum mesta;;48.3142753;18.0875521
14340;CLV;Nitra;;Nitra;Svätoplukovo nám.,pešia zóna;Oproti DAB,centrum mesta;;48.3142753;18.0875521
14341;CLV;Nitra;;Nitra;Štefánikova trieda;pri OC Mlyny 1;;48.3067184;18.0855925
14342;CLV;Nitra;;Nitra;Štefánikova trieda;pri OC Mlyny 1;;48.3067184;18.0855925
14343;CLV;Nitra;;Nitra;Štefánikova trieda;pri OC Mlyny 2;;48.3073515;18.0858088
14344;CLV;Nitra;;Nitra;Štefánikova trieda;pri OC Mlyny 2;;48.3073515;18.0858088
14345;CLV;Nitra;;Nitra;Výstavná oproti OC Centro;pri Výstavisku Agrokomplex Nitra;;48.3082433;18.1005733
14346;CLV;Nitra;;Nitra;Výstavná oproti OC Centro;pri Výstavisku Agrokomplex Nitra;;48.3082433;18.1005733
14347;CLV;Nitra;;Nitra;Dolnočermánska;pri Family Center,Korzo Klokočina;;48.3017277;18.063327
14348;CLV;Nitra;;Nitra;Dolnočermánska;pri Family Center,Korzo Klokočina;;48.3017277;18.063327
14349;CLV;Nitra;;Nitra;Hviezdoslavova trieda;oproti OD Kaufland a ČS Slovnaft;;48.3014427;18.0606513
14350;CLV;Nitra;;Nitra;Hviezdoslavova trieda;oproti OD Kaufland a ČS Slovnaft;;48.3014427;18.0606513
14351;CLV;Nitra;;Nitra;Kmeťova;pri ZŠ Beethovenova;;48.3008104;18.0519041
14352;CLV;Nitra;;Nitra;Kmeťova;pri ZŠ Beethovenova;;48.3008104;18.0519041
14353;CLV;Nitra;;Nitra;Novozámocká;pri kasárňach;;48.2893269;18.0845217
14354;CLV;Nitra;;Nitra;Novozámocká;pri kasárňach;;48.2893269;18.0845217
14355;CLV;Nitra;;Nitra;Hviezdoslavova tr./Dolnočermánska;pri OD LIDL,križovatka;;48.3017968;18.0621532
14356;CLV;Nitra;;Nitra;Hviezdoslavova tr./Dolnočermánska;pri OD LIDL,križovatka;;48.3017968;18.0621532
14357;CLV;Nitra;;Nitra;Družstevná, smer SAD;pri Úrade práce;;48.302927;18.0823194
14358;CLV;Nitra;;Nitra;Družstevná, smer SAD;pri Úrade práce;;48.302927;18.0823194
14359;CLV;Nitra;;Nitra;Družstevná/Staničná;pri Autobusovej stanici Nitra;;48.3032694;18.0813222
14360;CLV;Nitra;;Nitra;Družstevná/Staničná;pri Autobusovej stanici Nitra;;48.3032694;18.0813222
14361;CLV;Nitra;;Nitra;Coboriho;pri MÚ Nitra, potraviny, ČSOB, Generali;;48.3053357;18.0831245
14362;CLV;Nitra;;Nitra;Coboriho;pri MÚ Nitra, potraviny, ČSOB, Generali;;48.3053357;18.0831245
14363;CLV;Nitra;;Nitra;Hviezdoslavova trieda;smer ČS Slovnaft,ODKaufland 1;;48.2984851;18.0564684
14364;CLV;Nitra;;Nitra;Hviezdoslavova trieda;smer ČS Slovnaft,ODKaufland 1;;48.2984851;18.0564684
14365;CLV;Nitra;;Nitra;Hviezdoslavova trieda;smer ČS Slovnaft,ODKaufland 2;;48.2993431;18.0579218
14366;CLV;Nitra;;Nitra;Hviezdoslavova trieda;smer ČS Slovnaft,ODKaufland 2;;48.2993431;18.0579218
14367;CLV;Nitra;;Nitra;Novozámocká;smer križovatka Cabajská;;48.2971321;18.0803199
14368;CLV;Nitra;;Nitra;Novozámocká;smer križovatka Cabajská;;48.2971321;18.0803199
14369;CLV;Nitra;;Nitra;Dlhá;smer kruh.objazd/Tr.A.Hlinku, futbalové ihrisko;;48.3133418;18.1085383
14370;CLV;Nitra;;Nitra;Dlhá;smer kruh.objazd/Tr.A.Hlinku, futbalové ihrisko;;48.3133418;18.1085383
14371;CLV;Nitra;;Nitra;Topoľová;parkovisko pri OD NITRA ZDROJ, základná škola;;48.3131159;18.1077665
14372;CLV;Nitra;;Nitra;Topoľová;parkovisko pri OD NITRA ZDROJ, základná škola;;48.3131159;18.1077665
14373;CLV;Nitra;;Nitra;Fatranská;pri OD LIDL,Poliklinika Chrenová;;48.3087629;18.1089728
14374;CLV;Nitra;;Nitra;Fatranská;pri OD LIDL,Poliklinika Chrenová;;48.3087629;18.1089728
14375;CLV;Nitra;;Nitra;Golianova/Južná;v trávnatej ploche smer Bottova 1;;48.2972551;18.0713077
14376;CLV;Nitra;;Nitra;Golianova/Južná;v trávnatej ploche smer Bottova 1;;48.2972551;18.0713077
14377;CLV;Nitra;;Nitra;Golianova;v trávnatej ploche smer Bottova 2;;48.2976337;18.0724611
14378;CLV;Nitra;;Nitra;Golianova;v trávnatej ploche smer Bottova 2;;48.2976337;18.0724611
14379;CLV;Nitra;;Nitra;Golianova;v trávnatej ploche smer Bottova 3;;48.2985073;18.0744948
14380;CLV;Nitra;;Nitra;Golianova;v trávnatej ploche smer Bottova 3;;48.2985073;18.0744948
14381;CLV;Nitra;;Nitra;Golianova;v trávnatej ploche smer Hanulova 4;;48.2995014;18.0765054
14382;CLV;Nitra;;Nitra;Golianova;v trávnatej ploche smer Hanulova 4;;48.2995014;18.0765054
14383;CLV;Nitra;;Nitra;Hanulova;v trávnatej ploche smer Železničiarska;;48.3004971;18.0769569
14384;CLV;Nitra;;Nitra;Hanulova;v trávnatej ploche smer Železničiarska;;48.3004971;18.0769569
14385;CLV;Nitra;;Nitra;Železničiarska;kruhový objazd Hanulova/Slnečná;;48.306005;18.0758174
14386;CLV;Nitra;;Nitra;Železničiarska;kruhový objazd Hanulova/Slnečná;;48.306005;18.0758174
14387;CLV;Nitra;;Nitra;Štúrova, pri Business Centre;pred 365 GYM,smer kruhový objazd;;48.3092198;18.0801063
14388;CLV;Nitra;;Nitra;Štúrova, pri Business Centre;pred 365 GYM,smer kruhový objazd;;48.3092198;18.0801063
24004;CLP;Nitra;;Nitra;Štúrova/OD Nitra-AZ;OD Prior,Tesco,Decathlon,P,vnk;;48.30842;18.085361
24005;CLP;Nitra;;Nitra;Štúrova/OD Nitra-AZ;OD Tesco,Decathlon,P,vnt;;48.30842;18.085361
24006;CLP;Nitra;;Nitra;Štúrova/OD Nitra-AZ;OD,Tesco,Decathlon,Ľ,vnt;;48.308491;18.085402
24007;CLP;Nitra;;Nitra;Štúrova/OD Nitra-AZ;OD Tesco,Decathlon,Ľ,vnk;;48.308491;18.085402
24048;CLP;Nitra;;Nitra;Považská-AZ;DSS,na sídlisku,Ľ,vnt;;48.303774;18.052642
24049;CLP;Nitra;;Nitra;Považská-AZ;DSS,na sídlisku,Ľ,vnk;;48.303774;18.052642
24070;CLP;Nitra;;Nitra;Napervilská-AZ;sm Chrenovská,v parku,ČS,P,vnk;;48.319271;18.096848
24071;CLP;Nitra;;Nitra;Napervilská-AZ;sm Chrenovská,v parku,ČS,P,vnt;;48.319271;18.096848
24072;CLP;Nitra;;Nitra;Napervilská-AZ;sm Chrenovská,v parku,ČS,Z/vnt;;48.319297;18.096897
24073;CLP;Nitra;;Nitra;Napervilská-AZ;sm Chrenovská,v parku,ČS,Z/vnk;;48.319297;18.096897
24074;CLP;Nitra;;Nitra;Napervilská-AZ;sm Chrenovská,v parku,ČS,Ľ,vnt;;48.319196;18.096926
24075;CLP;Nitra;;Nitra;Napervilská-AZ;sm Chrenovská,v parku,ČS,Ľ,vnk;;48.319196;18.096926
24096;CLP;Nitra;;Nitra;Novozámocká/Krškany-AZ;oproti škole,kostol,sm NZ,Ľ,vnt;;48.272363;18.099617
24097;CLP;Nitra;;Nitra;Novozámocká/Krškany-AZ;oproti škole,kostol,sm NZ,Ľ,vnk;;48.272363;18.099617
24098;CLP;Nitra;;Nitra;Novozámocká/Krškany-AZ;oproti kostolu,škola,smc,Ľ,vnt;;48.273523;18.099162
24099;CLP;Nitra;;Nitra;Novozámocká/Krškany-AZ;oproti kostolu,škola,smc,Ľ,vnk;;48.273523;18.099162
24102;CLP;Nitra;;Nitra;Mostná-AZ;centr,P,vnk;;48.316425;18.092321
24103;CLP;Nitra;;Nitra;Mostná-AZ;centr,P,vnt;;48.316425;18.092321
24104;CLP;Nitra;;Nitra;Chmeľová dolina-AZ;Zobor,P,vnk;;48.330652;18.093453
24105;CLP;Nitra;;Nitra;Chmeľová dolina-AZ;Zobor,P,vnt;;48.330652;18.093453
24152;CLP;Nitra;;Nitra;Hviezdoslavova tr.IV.,smc-AZ;sm centr,Ľ,vnt;;48.29797;18.055598
24153;CLP;Nitra;;Nitra;Hviezdoslavova tr.IV.,smc-AZ;sm centr,Ľ,vnk;;48.29797;18.055598
24156;CLP;Nitra;;Nitra;Hviezdoslavova tr.II.,smc-AZ;sm centr,OD Billa,P,vnk;;48.302281;18.06293
24157;CLP;Nitra;;Nitra;Hviezdoslavova tr.II.,smc-AZ;sm centr,OD Billa,P,vnt;;48.302281;18.06293
24158;CLP;Nitra;;Nitra;Hviezdoslavova tr.II.,smc-AZ;sm centr,OD Billa,Z/vnt;;48.302307;18.062996
24159;CLP;Nitra;;Nitra;Hviezdoslavova tr.II.,smc-AZ;sm centr,OD Billa,Z/vnk;;48.302307;18.062996
24160;CLP;Nitra;;Nitra;Hviezdoslavova tr.II.,smc-AZ;sm centr,OD Billa,Ľ,vnt;;48.302332;18.063027
24161;CLP;Nitra;;Nitra;Hviezdoslavova tr.II.,smc-AZ;sm centr,OD Billa,Ľ,vnk;;48.302332;18.063027
24162;CLP;Nitra;;Nitra;Hviezdoslavova tr.I.,smc-AZ;pri NsP,ČS,pošta,záhrady,P,vnk;;48.304704;18.067847
24163;CLP;Nitra;;Nitra;Hviezdoslavova tr.I.,smc-AZ;pri NsP,ČS,pošta,záhrady,P,vnt;;48.304704;18.067847
24164;CLP;Nitra;;Nitra;Hviezdoslavova tr.I.,smc-AZ;pri NsP,ČS,pošta,záhrady,Ľ,vnt;;48.304731;18.067912
24165;CLP;Nitra;;Nitra;Hviezdoslavova tr.I.,smc-AZ;pri NsP,ČS,pošta,záhrady,Ľ,vnk;;48.304731;18.067912
24166;CLP;Nitra;;Nitra;Novozámocká-AZ;oproti ČS OMV,kasárne,P,vnk;;48.292479;18.082509
24167;CLP;Nitra;;Nitra;Novozámocká-AZ;oproti ČS OMV,kasárne,P,vnt;;48.292479;18.082509
24168;CLP;Nitra;;Nitra;Novozámocká-AZ;oproti ČS OMV,kasárne,Ľ,vnt;;48.292512;18.082478
24169;CLP;Nitra;;Nitra;Novozámocká-AZ;oproti ČS OMV,kasárne,Ľ,vnk;;48.292512;18.082487
24178;CLP;Nitra;;Nitra;Kmeťova/Popradská-AZ;sídlisko,šport.areál,Ľ,vnt;;48.306354;18.051501
24179;CLP;Nitra;;Nitra;Kmeťova/Popradská-AZ;sídlisko,šport.areál,Ľ,vnk;;48.306354;18.051501
24186;CLP;Nitra;;Nitra;Dlhá/Bohúňova-AZ;sm centr,pred Bohúňovou,Ľ,vnt;;48.309395;18.114753
24187;CLP;Nitra;;Nitra;Dlhá/Bohúňova-AZ;sm centr,pred Bohúňovou,Ľ,vnk;;48.309395;18.114753
24188;CLP;Nitra;;Nitra;Kmeťova-AZ;otočka busov MHD,Z/vnt;;48.302302;18.05066
24189;CLP;Nitra;;Nitra;Kmeťova-AZ;otočka busov MHD,Z/vnt;;48.30227;18.05066
24190;CLP;Nitra;;Nitra;Kmeťova-AZ;otočka busov MHD,Z/vnt;;48.302225;18.050666
24191;CLP;Nitra;;Nitra;Kmeťova-AZ;otočka busov MHD,Z/vnt;;48.302191;18.050671
24196;CLP;Nitra;;Nitra;Párovská-AZ;pri gymnáziu,Ľ,vnt;;48.311185;18.081361
24197;CLP;Nitra;;Nitra;Párovská-AZ;pri gymnáziu,Ľ,vnk;;48.311185;18.081361
24198;CLP;Nitra;;Nitra;Dolnozoborská-AZ;oproti amfiteátru,križov,ZŠ,Ľ,vnt;;48.322906;18.095222
24199;CLP;Nitra;;Nitra;Dolnozoborská-AZ;oproti amfiteátru,križov,ZŠ,Ľ,vnk;;48.322906;18.095222
24206;CLP;Nitra;;Nitra;Kmeťova/Hviezdoslavova-AZ;vysielač,oproti ZŠ,Ľ,vnt;;48.298777;18.053348
24207;CLP;Nitra;;Nitra;Kmeťova/Hviezdoslavova-AZ;vysielač,oproti ZŠ,Ľ,vnk;;48.298777;18.053348
24214;CLP;Nitra;;Nitra;Napervilská-AZ;sm Mostná,pri parkovisku,P,vnk;;48.319225;18.096179
24215;CLP;Nitra;;Nitra;Napervilská-AZ;sm Mostná,pri parkovisku,P,vnt;;48.319225;18.096179
24216;CLP;Nitra;;Nitra;Napervilská-AZ;sm Mostná,pri parkovisku,Ľ,vnt;;48.319252;18.096073
24217;CLP;Nitra;;Nitra;Napervilská-AZ;sm Mostná,pri parkovisku,Ľ,vnk;;48.319252;18.096073
24224;CLP;Nitra;;Nitra;Chrenovská cesta-AZ;kruhový objazd sm BA,P,vnk;;48.320375;18.096675
24225;CLP;Nitra;;Nitra;Chrenovská cesta-AZ;kruhový objazd sm BA,P,vnt;;48.32042;18.096652
24226;CLP;Nitra;;Nitra;Chrenovská cesta-AZ;kruhový objazd sm BA,Ľ,vnt;;48.320494;18.096728
24227;CLP;Nitra;;Nitra;Chrenovská cesta-AZ;kruhový objazd sm BA,Ľ,vnk;;48.320494;18.096728
24236;CLP;Nitra;;Nitra;Novozámocká/Pod Kartušou-AZ;parkov,reštaurácia,Ľ,vnt;;48.283562;18.089231
24237;CLP;Nitra;;Nitra;Novozámocká/Pod Kartušou-AZ;parkov,reštaurácia,Ľ,vnk;;48.283562;18.089231
24238;CLP;Nitra;Nitra;Nitra;Boženy Slančíkovej -AZ;Stred.škola, COOP Jednota smer most Chrenovská, Ľ vnt;;48.310372;18.096077
24239;CLP;Nitra;Nitra;Nitra;Boženy Slančíkovej -AZ;Stred.škola, COOP Jednota smer most Chrenovská, Ľ vnk;;48.310372;18.096077
24240;CLP;Nitra;Nitra;Nitra;Dlhá/Ďurčanského-AZ;SOŠ, MŠ smer kruhový objazd, Ľ vnt;;48.312853;18.109573
24241;CLP;Nitra;Nitra;Nitra;Dlhá/Ďurčanského-AZ;SOŠ, MŠ smer kruhový objazd, Ľ vnk;;48.312853;18.109573
24242;CLP;Nitra;Nitra;Nitra;Dlhá/Bohúňova-AZ;sm Janíkovce, Ľ vnt;;48.309705;18.113747
24243;CLP;Nitra;Nitra;Nitra;Dlhá/Bohúňova-AZ;sm Janíkovce, Ľ vnk;;48.309705;18.113747
24244;CLP;Nitra;Nitra;Nitra;Dlhá/Gorazdova-AZ;sm Janíkovce, Ľ vnt;;48.307285;18.115682
24245;CLP;Nitra;Nitra;Nitra;Dlhá/Gorazdova-AZ;sm Janíkovce. Ľ vnk;;48.307285;18.115682
24246;CLP;Nitra;Nitra;Nitra;Tr.A.Hlinku-AZ;oproti Chrenov.cintorínu, smer Kaufland, Ľ vnt;;48.315713;18.113744
24247;CLP;Nitra;Nitra;Nitra;Tr.A.Hlinku-AZ;oproti Chrenov.cintorínu, smer Kaufland. Ľ vnk;;48.315713;18.113744
24248;CLP;Nitra;Nitra;Nitra;Chrenovská cesta-AZ;pri OD NAY,šport.hala, MAX,Ľ vnt;;48.314926;18.105749
24249;CLP;Nitra;Nitra;Nitra;Chrenovská cesta-AZ;pri OD NAY,šport.hala, MAX,Ľ vnk;;48.314926;18.105749
24250;CLP;Nitra;Nitra;Nitra;Chrenovská cesta-AZ;oproti OD OBI smer BA, ČS, Ľ vnt;;48.318198;18.105887
24251;CLP;Nitra;Nitra;Nitra;Chrenovská cesta-AZ;oproti OD OBI smer BA, ČS, Ľ vnk;;48.318198;18.105887
24252;CLP;Nitra;Nitra;Nitra;Chrenovská cesta/OD OBI-AZ;ČS Shell, OC MAX, Ľ vnt;;48.317575;18.106596
24253;CLP;Nitra;Nitra;Nitra;Chrenovská cesta/OD OBI-AZ;ČS Shell, OC MAX, Ľ vnk;;48.317575;18.106596
24254;CLP;Nitra;Nitra;Nitra;Akademická-AZ;oproti OD Centro, výstavisko VŠ internáty, Ľ, vnt;;48.309174;18.096897
24255;CLP;Nitra;Nitra;Nitra;Akademická-AZ;oproti OD Centro, výstavisko VŠ internáty, Ľ ,vnk;;48.309174;18.096897
24256;CLP;Nitra;Nitra;Nitra;Nábrežie mládeže/Lomnická-AZ;SOŠS a ZŠ Nábrežie mládeže smer OC Promenáda,Ľ vnt;;48.315988;18.096793
24257;CLP;Nitra;Nitra;Nitra;Nábrežie mládeže/Lomnická-AZ;SOŠS a ZŠ Nábrežie mládeže smer OC Promenáda, Ľ, vnk;;48.315988;18.096793
24258;CLP;Nitra;Nitra;Nitra;Fatranská-AZ;pri OD Lipa, OD Lidl, Ľ vnt;;48.309987;18.107579
24259;CLP;Nitra;Nitra;Nitra;Fatranská-AZ;pri OD Lipa, OD Lidl, Ľ vnk;;48.309987;18.107579
24260;CLP;Nitra;Nitra;Nitra;Výstavná-AZ;OD Lipa, OD Lidl smer Výstavisko a OD Centro, Ľ vnt;;48.310156;18.106781
24261;CLP;Nitra;Nitra;Nitra;Výstavná-AZ;OD Lipa, OD Lidl smer Výstavisko a OD Centro, Ľ vnk;;48.310156;18.106781
24263;CLP;Nitra;Nitra;Nitra;Tr.A. Hlinku, smer Centro Nitra-AZ;Slovenská poľnoh. univerzita, Ľ vnt;;48.307543;18.092427
24264;CLP;Nitra;Nitra;Nitra;Tr.A. Hlinku, smer Centro Nitra-AZ;Slovenská poľnoh. univerzita, Ľ vnk;;48.307543;18.092427
24265;CLP;Nitra;Nitra;Nitra;Tr.A. Hlinku, smer centrum-AZ;Univerzita Konštantína filozofa, Ľ vnt;;48.307726;18.091465
24266;CLP;Nitra;Nitra;Nitra;Tr.A. Hlinku, smer centrum-AZ;Univerzita Konštantína filozofa, Ľ vnk;;48.307726;18.091465
24267;CLP;Nitra;Nitra;Nitra;Sládkovičova/ČSOB-AZ;Lekáreň, kostol, banka, Ľ vnt;;48.311975;18.090941
24268;CLP;Nitra;Nitra;Nitra;Sládkovičova/ČSOB-AZ;Lekáreň, kostol, banka, Ľ vnk;;48.311975;18.090941
24269;CLP;Nitra;Nitra;Nitra;Štúrova/azylový dom-AZ;Oproti OD Tesco, smer kruhový objazd centrum Ľ vnt;;48.310006;18.070181
24270;CLP;Nitra;Nitra;Nitra;Štúrova/azylový dom-AZ;Oproti OD Tesco, smer kruhový objazd centrum Ľ vnk;;48.310006;18.070181
24271;CLP;Nitra;Nitra;Nitra;Mostná/pri DAB-AZ;Divadlo AB, oproti Generali Poisťovňa, Ľ vnt;;48.314781;18.087658
24272;CLP;Nitra;Nitra;Nitra;Mostná/pri DAB-AZ;Divadlo AB, oproti Generali Poisťovňa, Ľ vnk;;48.314781;18.087658
24273;CLP;Nitra;Nitra;Nitra;Štúrova-AZ;križ. Hollého, oproti Business Centrum smer centrum, Ľ vnt;;48.308967;18.079744
24274;CLP;Nitra;Nitra;Nitra;Štúrova-AZ;križ. Hollého, oproti Business Centrum smer centrum, Ľ vnk;;48.308967;18.079744
24276;CLP;Nitra;;Nitra;Výstavná/Sitňanská-AZ;pri parku, OD DATA - Zdroj,Ľ,vnt;;48.311895;18.109987
24277;CLP;Nitra;;Nitra;Výstavná/Sitňanská-AZ;pri parku, OD DATA - Zdroj,Ľ,vnk;;48.311895;18.109987
24278;CLP;Nitra;;Nitra;Štefánikova tr./tržnica-AZ;oproti OD Mlyny, ľavý AP,Z/vnt;;48.307383;18.085404
24279;CLP;Nitra;;Nitra;Štefánikova tr./tržnica-AZ;oproti OD Mlyny, ľavý AP,Ľ,vnt;;48.307383;18.085404
24280;CLP;Nitra;;Nitra;Štefánikova tr./tržnica-AZ;oproti OD Mlyny, ľavý AP, Ľ,vnk;;48.307383;18.085404
24281;CLP;Nitra;;Nitra;Štefánikova tr./tržnica-AZ;oproti OD Mlyny, ľavý AP,Z,vnk;;48.307383;18.085404
24282;CLP;Nitra;;Nitra;Štefánikova tr./tržnica-AZ;oproti OD Mlyny, pravý AP,Z,Ľ,vnt;;48.307383;18.085404
24283;CLP;Nitra;;Nitra;Štefánikova tr./tržnica-AZ;oproti OD Mlyny, pravý AP,Z,Ľ,vnk;;48.307383;18.085404
24284;CLP;Nitra;;Nitra;Štefánikova tr./SATUR-AZ;oproti OC Mlyny, ľavý AP,Z,P,vnt;;48.306635;18.085187
24285;CLP;Nitra;;Nitra;Štefánikova tr./SATUR-AZ;oproti OC Mlyny, ľavý AP,Ľ,vnt;;48.306635;18.085187
24286;CLP;Nitra;;Nitra;Štefánikova tr./SATUR-AZ;oproti OC Mlyny, ľavý AP,Ľ,vnk;;48.306635;18.085187
24287;CLP;Nitra;;Nitra;Štefánikova tr./SATUR-AZ;oproti OC Mlyny, pravý AP,Z,Ľ,vnt;;48.306635;18.085187
24288;CLP;Nitra;;Nitra;Tr.A.Hlinku/OC Centro-AZ;pri OC Centro Nitra smer ul. Dlhá, ľavý AP,Z,P,vnt;;48.309998;18.097638
24289;CLP;Nitra;;Nitra;Tr.A.Hlinku/OC Centro-AZ;pri OC Centro Nitra smer ul. Dlhá, ľavý AP,Ľ,vnt;;48.309998;18.097638
24290;CLP;Nitra;;Nitra;Tr.A.Hlinku/OC Centro-AZ;pri OC Centro Nitra smer ul. Dlhá, ľavý AP,Ľ,vnk;;48.309998;18.097638
24291;CLP;Nitra;;Nitra;Tr.A.Hlinku/OC Centro-AZ;pri OC Centro Nitra smer ul. Dlhá, ľavý AP,Z,vnk;;48.309998;18.097638
24292;CLP;Nitra;;Nitra;Tr.A.Hlinku/OC Centro-AZ;pri OC Centro Nitra smer ul. Dlhá,pravý AP,Z,Ľ,vnt;;48.30994;18.097504
24293;CLP;Nitra;;Nitra;Tr.A.Hlinku/OC Centro-AZ;pri OC Centro Nitra smer ul. Dlhá,pravý AP,Z,Ľ,vnk;;48.30994;18.097504
24294;CLP;Nitra;;Nitra;Štefánikova tr./Stavex-AZ;oproti Okresnému úradu Nitra, lekáreň,Ľ,vnt;;48.304467;18.084109
24295;CLP;Nitra;;Nitra;Štefánikova tr./Stavex-AZ;oproti Okresnému úradu Nitra, lekáreň,Ľ,vnk;;48.304467;18.084109
24296;CLP;Nitra;;Nitra;Štefánikova tr./Stavex-AZ;oproti Nitra Zdroj, piváreň, cukráreň,Ľ,vnt;;48.304033;18.083896
24297;CLP;Nitra;;Nitra;Štefánikova tr./Stavex-AZ;oproti Nitra Zdroj, piváreň, cukráreň,Ľ,vnk;;48.304033;18.083896
24298;CLP;Nitra;;Nitra;Nábr.mládeže-AZ;oproti ŠD UKF smer centrum, Ľ,vnt;;48.312815;18.095353
24299;CLP;Nitra;;Nitra;Nábr.mládeže-AZ;oproti ŠD UKF smer centrum,Ľ,vnk;;48.312815;18.095353
24300;CLP;Nitra;;Nitra;Štúrova/OD Mlyny-AZ;pri OD Mlyny smer Chrenová, ľavý AP,Z,P,vnt;;48.307816;18.086703
24301;CLP;Nitra;;Nitra;Štúrova/OD Mlyny-AZ;pri OD Mlyny smer Chrenová, ľavý AP,Z,Ľ,vnt;;48.307816;18.086703
24302;CLP;Nitra;;Nitra;Štúrova/OD Mlyny-AZ;pri OD Mlyny smer Chrenová, pravý AP,Z,P,vnt;;48.307816;18.086703
24303;CLP;Nitra;;Nitra;Štúrova/OD Mlyny-AZ;pri OD Mlyny smer Chrenová, pravý AP,Z,Ľ,vnt;;48.307816;18.086703
24304;CLP;Nitra;;Nitra;Tr.A.Hlinku/oproti OC Centro-AZ;SOŠ Slančíkovej smer centrum,ľavý AP,Z,P,vnt;;48.309327;18.095541
24305;CLP;Nitra;;Nitra;Tr.A.Hlinku/oproti OC Centro-AZ;SOŠ Slančíkovej smer centrum,ľavý AP,Ľ,vnt;;48.309327;18.095541
24306;CLP;Nitra;;Nitra;Tr.A.Hlinku/oproti OC Centro-AZ;SOŠ Slančíkovej smer centrum,ľavý AP,Ľ,vnk;;48.309327;18.095541
24307;CLP;Nitra;;Nitra;Tr.A.Hlinku/oproti OC Centro-AZ;SOŠ Slančíkovej smer centrum,pravý AP,Z,Ľ,vnt;;48.309327;18.095541
24308;CLP;Nitra;;Nitra;Popradská ulica-AZ;pri Lafimo,oproti vojenský cintorín,Ľ,vnt.;;48.306093;18.055632
24309;CLP;Nitra;;Nitra;Popradská ulica-AZ;pri Lafimo,oproti vojenský cintorín,Ľ,vnk.;;48.306093;18.055632
24310;CLP;Nitra;;Nitra;Dolnočermánska/hasiči-AZ;pred OD Family center, Korzo Klokočina,Ľ,vnt.;;48.299613;18.065923
24311;CLP;Nitra;;Nitra;Dolnočermánska/hasiči-AZ;pred OD Family center, Korzo Klokočina,Ľ,vnk.;;48.299613;18.065923
24312;CLP;Nitra;Nitra;Nitra;Dolnočermánska/ZŠ-AZ;oproti hasiči, pred Mestskou šport.halou,Ľ,vnt;;48.298973;18.066309
24313;CLP;Nitra;Nitra;Nitra;Dolnočermánska/ZŠ-AZ;oproti hasiči, pred Mestskou šport.halou,Ľ,vnk;;48.298973;18.066309
24314;CLP;Nitra;Nitra;Nitra;Dlhá/Gorazdova-AZ;smer centrum,Ľ,vnt;;48.307403;18.116131
24315;CLP;Nitra;;Nitra;Dlhá/Gorazdova-AZ;smer centrum,Ľ,vnk;;48.307403;18.116131
24316;CLP;Nitra;Nitra;Nitra;Výstavná-AZ;oproti výstavisku,OC Centro,Ľ,vnt;;48.308129;18.09976
24317;CLP;Nitra;Nitra;Nitra;Výstavná-AZ;oproti výstavisku,OC Centro,Ľ,vnk;;48.308129;18.09976
24318;CLP;Nitra;Nitra;Nitra;Hollého-AZ;smer Klokočina,Ľ,vnt;;48.307801;18.077846
24319;CLP;Nitra;Nitra;Nitra;Hollého-AZ;smer Klokočina,Ľ,vnk;;48.307801;18.077846
24321;CLP;Nitra;Nitra;Nitra;Tr.A.Hlinku-AZ;Atletický štadión smc,Ľ,vnt.;;48.313295;18.103538
24322;CLP;Nitra;Nitra;Nitra;Tr.A.Hlinku-AZ;Atletický štadión smc,Ľ,vnk.;;48.313295;18.103538
24323;CLP;Nitra;Nitra;Nitra;Sládkovičova-AZ;oproti ČSOB, Lekáreň Sládkovičova, penzión Moretti,Ľ,vnt.;;48.312778;18.091944
24324;CLP;Nitra;Nitra;Nitra;Sládkovičova-AZ;oproti ČSOB, Lekáreň Sládkovičova, penzión Moretti,Ľ,vnk.;;48.312778;18.091944
24328;CLP;Nitra;Nitra;Nitra;Štúrova/Žilinská-AZ;pred ARRIVA NR,sm.Mlynárce,Ľ,vnt.;;48.310724;18.063173
24329;CLP;Nitra;Nitra;Nitra;Štúrova/Žilinská-AZ;pred ARRIVA NR,sm.Mlynárce,Ľ,vnk.;;48.310724;18.063173
24330;CLP;Nitra;Nitra;Nitra;Mostná-AZ;sm.centrum,Tres Takos Bistro,Ľ,vnt.;;48.316617;18.092207
24331;CLP;Nitra;Nitra;Nitra;Mostná-AZ;sm.centrum,Tres Takos Bistro,Ľ,vnk.;;48.316617;18.092207
24332;CLP;Nitra;Nitra;Nitra;Zobor/Kláštorska-AZ;pri Špec.Nemocnici sv.Svorada,Ľ,vnt.;;48.345784;18.090218
24333;CLP;Nitra;Nitra;Nitra;Zobor/Kláštorska-AZ;pri Špec.Nemocnici sv.Svorada,Ľ,vnk.;;48.345784;18.090218
24334;CLP;Nitra;Nitra;Nitra;Štúrova-AZ;pred kruhovým objazdom,smer HM Tesco,Ľ,vnt.;;48.309416;18.078382
24335;CLP;Nitra;Nitra;Nitra;Štúrova-AZ;pred kruhovým objazdom,smer HM Tesco,Ľ,vnk.;;48.309416;18.078382
24336;CLP;Nitra;Nitra;Nitra;Hodžova/Štefánikova-AZ;pri KÚ,sm Štefánikova,Ľ,vnt.;;48.304157;18.084711
24337;CLP;Nitra;Nitra;Nitra;Hodžova/Štefánikova-AZ;pri KÚ,sm Štefánikova,Ľ,vnk.;;48.304157;18.084711
24338;CLP;Nitra;Nitra;Nitra;Hviezdoslavova tr.I.-AZ;oproti NsP,smer Mikovíniho,Ľ,vnt.;;48.304583;18.066497
24339;CLP;Nitra;Nitra;Nitra;Hviezdoslavova tr.I.-AZ;oproti NsP,smer Mikovíniho,Ľ,vnk.;;48.304583;18.066497
24340;CLP;Nitra;Nitra;Nitra;Štefánikova tr./Špitálska-AZ;oproti Úrad práce,smc,Z,vnt.;;48.303153;18.083951
24341;CLP;Nitra;Nitra;Nitra;Štefánikova tr./Špitálska-AZ;oproti Úrad práce,smc,Ľ,vnt.;;48.303153;18.083951
24342;CLP;Nitra;Nitra;Nitra;Štefánikova tr./Špitálska-AZ;oproti Úrad práce,smc,Ľ,vnk.;;48.303153;18.083951
24343;CLP;Nitra;Nitra;Nitra;Štefánikova tr./Špitálska-AZ;oproti Úrad práce,smc,Z,vnt.;;48.303132;18.083908
24344;CLP;Nitra;Nitra;Nitra;Hviezdoslavova tr.II,sm.Kmeťova-AZ;pri OD Lidl, OD Kaufland,Ľ,vnt.;;48.301928;18.061488
24345;CLP;Nitra;Nitra;Nitra;Hviezdoslavova tr.II,sm.Kmeťova-AZ;pri OD Lidl, OD Kaufland,Ľ,vnk.;;48.301928;18.061488
24346;CLP;Nitra;Nitra;Nitra;Hviezdoslavova tr.III,smc-AZ;smc,ČS Slovnaft,OD Kaufland,Ľ,vnt.;;48.299653;18.058438
24347;CLP;Nitra;Nitra;Nitra;Hviezdoslavova tr.III,smc-AZ;smc,ČS Slovnaft,OD Kaufland,Ľ,vnk.;;48.299653;18.058438
24348;CLP;Nitra;Nitra;Nitra;Výstavná-AZ;oproti OC Centro,Agrokomplex Nitra,Ľ,vnt.;;48.308228;18.10035
24349;CLP;Nitra;Nitra;Nitra;Výstavná-AZ;oproti OC Centro,Agrokomplex Nitra,Ľ,vnk.;;48.308228;18.10035
24350;CLP;Nitra;Nitra;Nitra;Štefánikova tr.53-AZ;oproti OD Nitra,Tesco,Decathlon,Z,vnt.1;;48.309034;18.086279
24351;CLP;Nitra;Nitra;Nitra;Štefánikova tr.53-AZ;oproti OD NItra,Tesco,Decathlon,Z,vnt.2;;48.309034;18.086279
24352;CLP;Nitra;Nitra;Nitra;Štefánikova tr.53-AZ;oproti OD Nitra,Tesco,Decathlon,Z,vnk.2;;48.309034;18.086279
24353;CLP;Nitra;Nitra;Nitra;Štefánikova tr.53-AZ;oproti OD Nitra,Tesco,Decathlon,Z,vnk.1;;48.309034;18.086279
24354;CLP;Nitra;Nitra;Nitra;nábr.Mládeže-AZ;oproti PZ SR,Ľ,vnt.;;48.316727;18.096228
24355;CLP;Nitra;Nitra;Nitra;nábr.Mládeže-AZ;oproti PZ SR,Ľ,vnk.;;48.316727;18.096228
24391;CLP;Nitra;Nitra;Nitra;Štefánikova tr.55-AZ;oproti Tesco,Decathlon,Z,vnt.1;;48.308821;18.086216
24392;CLP;Nitra;Nitra;Nitra;Štefánikova tr.55-AZ;oproti Tesco,Decathlon,Z,vnt.2;;48.308821;18.086216
24393;CLP;Nitra;Nitra;Nitra;Štefánikova tr.55-AZ;oproti Tesco,Decathlon,Z,vnk.1;;48.308821;18.086216
24394;CLP;Nitra;Nitra;Nitra;Štefánikova tr.55-AZ;oproti Tesco,Decathlon,Z,vnk.2;;48.308821;18.086216
13000;CLV;Trenčín;;Nové Mesto nad Váhom;Malinovského;Farby/laky;;48.755693;17.836478
13001;CLV;Trenčín;;Nové Mesto nad Váhom;Malinovského;Farby/laky;;48.755693;17.836478
13002;CLV;Trenčín;;Nové Mesto nad Váhom;Malinovského;oproti ČS Shell;;48.754041;17.835247
13003;CLV;Trenčín;;Nové Mesto nad Váhom;Malinovského;oproti ČS Shell;;48.754041;17.83525
13004;CLV;Trenčín;;Nové Mesto nad Váhom;Malinovského;oproti SAD,Lidl;;48.752579;17.83449
13005;CLV;Trenčín;;Nové Mesto nad Váhom;Malinovského;oproti SAD,Lidl;;48.752579;17.83449
13006;CLV;Trenčín;;Nové Mesto nad Váhom;Malinovského;oproti Okres.súdu;;48.755267;17.835114
13007;CLV;Trenčín;;Nové Mesto nad Váhom;Malinovského;oproti Okres.súdu;;48.755267;17.835114
13008;CLV;Trenčín;;Nové Mesto nad Váhom;Hviezdoslavova;pri OC Diana,parkov;;48.755165;17.832669
13009;CLV;Trenčín;;Nové Mesto nad Váhom;Hviezdoslavova;pri OC Diana,parkov;;48.755165;17.832669
13010;CLV;Trenčín;;Nové Mesto nad Váhom;Hviezdoslavova;pri parku P.Matejku;;48.755822;17.831503
13011;CLV;Trenčín;;Nové Mesto nad Váhom;Hviezdoslavova;pri parku P.Matejku;;48.755822;17.831503
13012;CLV;Trenčín;;Nové Mesto nad Váhom;M.R.Štefánika;pri Dome služieb,NsP;;48.754818;17.830272
13013;CLV;Trenčín;;Nové Mesto nad Váhom;M.R.Štefánika;pri Dome služieb,NsP;;48.754818;17.830272
13014;CLV;Trenčín;;Nové Mesto nad Váhom;Hviezdoslavova;pri kultúr.dome;;48.756521;17.827902
13015;CLV;Trenčín;;Nové Mesto nad Váhom;Hviezdoslavova;pri kultúr.dome;;48.756521;17.827902
13016;CLV;Trenčín;;Nové Mesto nad Váhom;Kollárova;pri SOU stavebné,ZŠ,pošta;;48.759715;17.826287
13017;CLV;Trenčín;;Nové Mesto nad Váhom;Kollárova;pri SOU stavebné,ZŠ,pošta;;48.759715;17.826287
13018;CLV;Trenčín;;Nové Mesto nad Váhom;Weisseho;oproti MÚ,pešia zóna;;48.758601;17.82985
13020;CLV;Trenčín;;Nové Mesto nad Váhom;Weisseho;oproti MÚ,pešia zóna;;48.758601;17.82985
13147;CLV;Trenčín;;Nové Mesto nad Váhom;Malinovského;OC Intercora-Dráčik,Deichman, Takko, Kik Kaufland;;48.756599;17.836946
13148;CLV;Trenčín;;Nové Mesto nad Váhom;Malinovského;OC Intercora-Dráčik,Deichman, Takko, Kik Kaufland;;48.756599;17.836946
13149;CLV;Trenčín;;Nové Mesto nad Váhom;Malinovského;OC Intercora-Dráčik,Deichman, Takko, Kik Kaufland;;48.756703;17.837188
13150;CLV;Trenčín;;Nové Mesto nad Váhom;Malinovského;OC Intercora-Dráčik,Deichman, Takko, Kik Kaufland;;48.756703;17.837188
14066;CLV;Nitra;;Nové Zámky;nám.Republiky;pred ŽSR,pri hodinách,1;;47.994573;18.173234
14067;CLV;Nitra;;Nové Zámky;nám.Republiky;pred ŽSR,pri hodinách,1;;47.994573;18.173232
14068;CLV;Nitra;;Nové Zámky;nám.Republiky;pred ŽSR,pri hodinách,2;;47.994531;18.173349
14069;CLV;Nitra;;Nové Zámky;nám.Republiky;pred ŽSR,pri hodinách,2;;47.994514;18.173344
14086;CLV;Nitra;;Nové Zámky;nám.Republiky;pred ŽSR,pri hodinách,3;;47.994455;18.17321
14087;CLV;Nitra;;Nové Zámky;nám.Republiky;pred ŽSR,pri hodinách,3;;47.99446;18.173207
14100;CLV;Nitra;;Nové Zámky;nám.Republiky;pred ŽSR,pri parku,1;;47.994032;18.173131
14101;CLV;Nitra;;Nové Zámky;nám.Republiky;pred ŽSR,pri parku,1;;47.994032;18.173131
14124;CLV;Nitra;;Nové Zámky;nám.Republiky;pred ŽSR,pri parku,4;;47.994228;18.173345
14125;CLV;Nitra;;Nové Zámky;nám.Republiky;pred ŽSR,pri parku,4;;47.994228;18.173345
13151;CLV;Trenčín;;Partizánske;Nitrianska;InterCora pred objektom Dráčik, sm KIK;;48.62855;18.363039
13152;CLV;Trenčín;;Partizánske;Nitrianska;InterCora pred objektom Dráčik, sm TESCO;;48.62855;18.363039
11133;CLV;Bratislava;;Pezinok;Holubyho;centr,pri OC Plus;;48.286905;17.268619
11134;CLV;Bratislava;;Pezinok;Holubyho;centr,pri OC Plus;;48.286905;17.268619
11135;CLV;Bratislava;;Pezinok;Meisslova;parkovisko oproti Billa,lekáreň;;48.285038;17.271868
11136;CLV;Bratislava;;Pezinok;Meisslova;parkovisko oproti Billa,lekáreň;;48.285038;17.271868
21000;CLP;Bratislava;;Pezinok;Radničné nám.;centr,kostol,MÚ,banka,polícia,1;;48.284635;17.26995
21001;CLP;Bratislava;;Pezinok;Radničné nám.;centr,kostol,MÚ,banka,polícia,1;;48.284635;17.26995
21002;CLP;Bratislava;;Pezinok;Radničné nám.;centr,kostol,MÚ,banka,polícia,2;;48.284672;17.270095
21003;CLP;Bratislava;;Pezinok;Radničné nám.;centr,kostol,MÚ,banka,polícia,2;;48.284672;17.270095
21004;CLP;Bratislava;;Pezinok;Radničné nám.;centr,kostol,MÚ,banka,polícia,3;;48.284697;17.270238
21005;CLP;Bratislava;;Pezinok;Radničné nám.;centr,kostol,MÚ,banka,polícia,3;;48.284697;17.270238
21006;CLP;Bratislava;;Pezinok;Jesenského;pri AZ v smere na BA;;48.282021;17.268786
21007;CLP;Bratislava;;Pezinok;Jesenského;pri AZ v smere na BA;;48.282021;17.268786
21008;CLP;Bratislava;;Pezinok;Jesenského;pri AZ v smere na PK/centr;;48.281749;17.268844
21009;CLP;Bratislava;;Pezinok;Jesenského;pri AZ v smere na PK/centr;;48.281749;17.268844
21010;CLP;Bratislava;;Pezinok;Bratislavská/Fándlyho;pri AZ oproti Fándlyho ul.;;48.282122;17.263043
21011;CLP;Bratislava;;Pezinok;Bratislavská/Fándlyho;pri AZ oproti Fándlyho ul.;;48.282122;17.263043
21012;CLP;Bratislava;;Pezinok;Bratislavská;pri Tescu,oproti colný úrad;;48.279715;17.258854
21013;CLP;Bratislava;;Pezinok;Bratislavská;pri Tescu,oproti colný úrad;;48.279715;17.258854
12064;CLVc;Trnava;;Piešťany;Winterova;kolonáda,Lipa;;48.591479;17.834411
12068;CLVc;Trnava;;Piešťany;A.Hlinku;PRIOR,Tatra banka;;48.595041;17.82624
12070;CLVc;Trnava;;Piešťany;Teplická;Pentagon;;48.593717;17.824089
12072;CLVc;Trnava;;Piešťany;Staničná;materská škôlka;;48.594949;17.821533
12074;CLVc;Trnava;;Piešťany;Krajinská;polícia;;48.587115;17.820769
12080;CLVc;Trnava;;Piešťany;Mojmírova;;;48.597649;17.824986
12085;CLVc;Trnava;;Piešťany;Bratislavská cesta;Výskum.ústav rastl.výroby;;48.584793;17.815803
12086;CLVc;Trnava;;Piešťany;Bratislavská cesta;Výskum.ústav rastl.výroby;;48.584793;17.815803
12090;CLVc;Trnava;;Piešťany;Krajinská;pri červenom paneláku;;48.586164;17.831326
12094;CLVc;Trnava;;Piešťany;Nitrianska;Lemon bar;;48.587113;17.832785
12098;CLVc;Trnava;;Piešťany;Hlboká;zim.štadión;;48.579532;17.819435
12108;CLVc;Trnava;;Piešťany;Štúrova;Culex;;48.594461;17.830644
12110;CLVc;Trnava;;Piešťany;Štúrova;Ľudová škola umenia, park, pizzeria;;48.593668;17.832309
12114;CLVc;Trnava;;Piešťany;Pod Párovcami;kino, park, kostol;;48.59279;17.834547
12120;CLVc;Trnava;;Piešťany;Winterova;Bezovec;;48.58862;17.83691
12140;CLVc;Trnava;;Piešťany;M.Bellu;sídl.A.Trajan,trhovisko;;48.582085;17.812789
12266;CLVc;Trnava;;Piešťany;Nám. Slobody;pred SLSP;;48.588923;17.834795
22022;CLPc;Trnava;;Piešťany;ŽSR-AZ;SAD, že.stanica,Ľ,vnt;;48.595757;17.814729
22027;CLPc;Trnava;;Piešťany;Nitrianska-AZ;kostol, oproti AUPARK, P,vnt;;48.587332;17.833646
22033;CLPc;Trnava;;Piešťany;Krajinská cesta-AZ;CH-Export-Import,P,vnt;;48.587528;17.82066
17016;CLV;Prešov;;Poprad;Partizánska;paneláreň;;49.056071;20.287673
17017;CLV;Prešov;;Poprad;Partizánska;paneláreň;;49.056071;20.287673
17020;CLV;Prešov;Poprad;Poprad;J.Curieho;Slov.sporiteľňa,vstup do pešej zóny;;49.056703;20.302628
17021;CLV;Prešov;Poprad;Poprad;J.Curieho;Slov.sporiteľňa,vstup do pešej zóny;;49.056703;20.302628
17068;CLV;Prešov;;Poprad;Banícka/NsP;na parkovisku pri NsP;;49.052899;20.302647
17069;CLV;Prešov;;Poprad;Banícka/NsP;na parkovisku pri NsP;;49.052899;20.302647
17070;CLV;Prešov;Poprad;Poprad;Zdravotnícka;centr,nad zvonicou,sm Nám.Sv.Egídia;;49.05426;20.301688
17071;CLV;Prešov;Poprad;Poprad;Zdravotnícka;centr,nad zvonicou,od Nám.Sv.Egídia,sm nemocnica;;49.05426;20.301688
17074;CLV;Prešov;Poprad;Poprad;Alžbetina;pri parkovisku SAD,bufet Migli;;49.058735;20.294379
17075;CLV;Prešov;Poprad;Poprad;Alžbetina;pri parkovisku SAD,bufet Migli;;49.058735;20.294379
17088;CLV;Prešov;Poprad;Poprad;Námestie sv.Egídia;pri kostole, OTP, OC Forum;;49.054899;20.303406
17089;CLV;Prešov;Poprad;Poprad;Námestie sv.Egídia;pri kostole,OTP,OC Forum;;49.054899;20.303406
17090;CLV;Prešov;Poprad;Poprad;Nám.Sv.Egídia/Mnoheľova;centr,pri OC Forum;;49.054318;20.298167
17091;CLV;Prešov;Poprad;Poprad;Nám.Sv.Egídia/Mnoheľova;centr,pri OC Forum;;49.054318;20.298167
17106;CLV;Prešov;Poprad;Poprad;Francisciho/J.Curie;OC Forum;;49.054099;20.304
17107;CLV;Prešov;Poprad;Poprad;Francisciho/J.Curie;OC Forum;;49.054099;20.304
17108;CLV;Prešov;Poprad;Poprad;Vajanského;Poštová banka,múzeum,sm Nám.Sv.Egídia;;49.054111;20.297837
17109;CLV;Prešov;Poprad;Poprad;Vajanského;Poštová banka,múzeum, z Nám.Sv.Egídia;;49.054111;20.297837
17144;CLV;Prešov;;Poprad;Popradské nábr.-VÚB;VÚB,príjazd k Mests.úradu;;49.055675;20.296304
17145;CLV;Prešov;;Poprad;Popradské nábr.-VÚB;VÚB,príjazd k Mests.úradu;;49.055675;20.296304
17146;CLV;Prešov;;Poprad;Mnoheľova-VÚB;VÚB/vchod,hotel Satel,1;;49.056271;20.296615
17147;CLV;Prešov;;Poprad;Mnoheľova-VÚB;VÚB/vchod,hotel Satel,1;;49.056271;20.296615
17148;CLV;Prešov;;Poprad;Mnoheľova-VÚB;VÚB/vchod,hotel Satel,2;;49.05598;20.296771
17149;CLV;Prešov;;Poprad;Mnoheľova-VÚB;VÚB/vchod,hotel Satel,2;;49.05598;20.296771
17290;CLV;Prešov;Poprad;Poprad;1.Mája;vedľa Sociál.poisťovne,oproti ČSOB;;49.057969;20.299387
17291;CLV;Prešov;Poprad;Poprad;1.Mája;vedľa Sociál.poisťovne,oproti ČSOB;;49.057969;20.299387
17292;CLV;Prešov;Poprad;Poprad;D.Tatarku;pred Okres.súdom/parkov,Orange;;49.055638;20.298825
17293;CLV;Prešov;Poprad;Poprad;D.Tatarku;pred Okres.súdom/parkov,Orange;;49.055504;20.298652
17294;CLV;Prešov;Poprad;Poprad;Mnoheľova/Štefánikova;pred Okres.súdom/oproti pošte,vstup na námestie;;49.055293;20.297649
17295;CLV;Prešov;Poprad;Poprad;Mnoheľova/Štefánikova;pred Okres.súdom/oproti pošte,vstup na námestie;;49.055293;20.297649
17298;CLV;Prešov;Poprad;Poprad;Mnoheľova;pri ZŠ,oproti nemocnica;;49.052646;20.299588
17299;CLV;Prešov;Poprad;Poprad;Mnoheľova;pri ZŠ,oproti nemocnica;;49.052646;20.299588
17302;CLV;Prešov;Poprad;Poprad;J.Curieho;parkov nad peš.zónou,OTP-banka;;49.054591;20.303712
17303;CLV;Prešov;Poprad;Poprad;J.Curieho;parkov nad peš.zónou,OTP-banka;;49.054591;20.303712
17378;CLV;Prešov;;Poprad;Uherova;pred Arénou Poprad sídlisko JUH, OC Kaufland;;49.046066;20.290096
17379;CLV;Prešov;;Poprad;Uherova;pred Arénou Poprad sídlisko JUH, OC Kaufland;;49.046066;20.290096
17380;CLV;Prešov;;Poprad;Uherova,I/66;pred OC Kaufland prechod medzi OC a sídliskom JUH;;49.044926;20.290566
17381;CLV;Prešov;;Poprad;Uherova,I/66;pred OC Kaufland prechod medzi OC a sídliskom JUH;;49.044926;20.290566
17382;CLV;Prešov;;Poprad;Moyzesova;pred OC Deichman, Slovak Telecom sídlisko JUH;;49.045742;20.292386
17383;CLV;Prešov;;Poprad;Moyzesova;pred OC Deichman, Slovak Telecom sídlisko JUH;;49.045742;20.292386
17384;CLV;Prešov;;Poprad;Štefánikova;cyklochodník, SLSP pri mostíku cez rieku,do centra;;49.057179;20.304295
17385;CLV;Prešov;;Poprad;Štefánikova;cyklochodník, SLSP pri mostíku cez rieku od centra mesta;;49.057179;20.304295
17386;CLV;Prešov;;Poprad;Komenského;sídlisko Západ Podtatranská knižnica, pošta;;49.057784;20.286122
17387;CLV;Prešov;;Poprad;Komenského;sídlisko Západ Podtatranská knižnica, pošta;;49.057784;20.286122
17388;CLV;Prešov;;Poprad;J.Wolkera;pri ŽSR, pred OC Kaufland autobus.stanica SAD, Billa, Alza Poprad;;49.059944;20.289611
17389;CLV;Prešov;;Poprad;J.Wolkera;pri ŽSR, pred OC Kaufland autobus.stanica SAD, Billa, Alza Poprad;;49.059944;20.289611
17390;CLV;Prešov;;Poprad;Banícka/J.Curieho;oproti nemocnici,pošta;;49.052604;20.304808
17391;CLV;Prešov;;Poprad;Banícka/J.Curieho;oproti nemocnici,pošta;;49.052604;20.304808
17392;CLV;Prešov;;Poprad;Slovenského odboja;kruhový objazd, hotel Poprad Alianz, sídl.Západ, sm Veľká;;49.056268;20.290669
17393;CLV;Prešov;;Poprad;Slovenského odboja;kruhový objazd, hotel Poprad Alianz, sídl.Západ, sm Veľká;;49.056268;20.290669
17394;CLV;Prešov;;Poprad;cesta I/18/L.Svobodu;pri križ.I/18 a ul. L.Svobodu prechod k nemocnici, Billa;;49.049953;20.305302
17395;CLV;Prešov;;Poprad;cesta I/18/L.Svobodu;pri križ. I/18 a ul. L.Svobodu prechod k nemocnici, Billa;;49.049953;20.305302
17396;CLV;Prešov;;Poprad;Hlavná - Matejovce;pred fabrikou Whirpool parkovisko, prechod pre chodcov;;49.075076;20.326778
17397;CLV;Prešov;;Poprad;Hlavná - Matejovce;pred fabrikou Whirpool parkovisko, prechod pre chodcov;;49.075076;20.326778
17398;CLV;Prešov;;Poprad;L.Svobodu/Moyzesova;kruh.objazd, sídlisko JUH OC Kaufland, Aréna Poprad, Hotel Mamut;;49.046863;20.293143
17399;CLV;Prešov;;Poprad;L.Svobodu/Moyzesova;kruh.objazd, sídlisko JUH OC Kaufland, Aréna Poprad, Hotel Mamut;;49.046863;20.293143
17400;CLV;Prešov;;Poprad;Dostojevského;sídlisko JUH-Satoja bar, parkovisko Pizzeria Utopia, Sintra;;49.049515;20.30208
17401;CLV;Prešov;;Poprad;Dostojevského;sídlisko JUH-Satoja bar, parkovisko Pizzeria Utopia, Sintra;;49.049515;20.30208
17402;CLV;Prešov;;Poprad;Tomášikova;Detské centrum Kvetinka,Coop Jednota,sídlisko JUH;;49.049048;20.303694
17403;CLV;Prešov;;Poprad;Tomášikova;Detské centrum Kvetinka,Coop Jednota,sídlisko JUH;;49.049048;20.303694
17404;CLV;Prešov;;Poprad;Rázusova;pri kostole Sv.Cyrila a Metoda sídlisko JUH,kruh.objazd;;49.045126;20.297649
17405;CLV;Prešov;;Poprad;Rázusova;pri kostole Sv.Cyrila a Metoda sídlisko JUH,kruh.objazd;;49.045126;20.297649
17406;CLV;Prešov;;Poprad;Mládeže/L.Svobodu;kruh.objazd, pri kostole Sv.Cyrila a Metoda sídlisko JUH;;49.049048;20.303694
17407;CLV;Prešov;;Poprad;Mládeže/L.Svobodu;kruh.objazd, pri kostole Sv.Cyrila a Metoda sídlisko JUH;;49.049048;20.303694
17408;CLV;Prešov;;Poprad;Námestie sv.Egídia;centrum-námestie, pred Palace Hill;;49.0556393;20.305084
17409;CLV;Prešov;;Poprad;Námestie sv.Egídia;centrum-námestie, pred Palace Hill;;49.0556393;20.305084
17410;CLV;Prešov;;Poprad;J.Wolkera;želez.stanica,pošta,park pri žel.stanici;;49.0592957;20.296007
17411;CLV;Prešov;;Poprad;J.Wolkera;želez.stanica,pošta,park pri žel.stanici;;49.0592957;20.296007
17412;CLV;Prešov;;Poprad;Štefánikova;pred Domom kultúry,kruh.objazd,hl.prejazd mestom;;49.0547426;20.2952964
17413;CLV;Prešov;;Poprad;Štefánikova;pred Domom kultúry,kruh.objazd,hl.prejazd mestom;;49.0547426;20.2952964
17414;CLV;Prešov;;Poprad;Francisciho;OC Forum, nemocnica;;49.053568;20.301495
17415;CLV;Prešov;;Poprad;Francisciho;OC Forum, nemocnica;;49.053568;20.301495
17416;CLV;Prešov;;Poprad;Nábrežie J.Pavla II.;cyklochodík,Gymnázium,MŠ,VÚB,MsÚ;;49.056123;20.2985469
17417;CLV;Prešov;;Poprad;Nábrežie J.Pavla II.;cyklochodík,Gymnázium,MŠ,VÚB,MsÚ;;49.056123;20.2985469
17418;CLV;Prešov;;Poprad;D.Tatarku;pred Gymnáziom,Okresný úrad;;49.0566299;20.2980624
17419;CLV;Prešov;;Poprad;D.Tatarku;pred Gymnáziom,Okresný úrad;;49.0566299;20.2980624
17420;CLV;Prešov;;Poprad;F.Kráľa/Velické námestie;pred kvetinárstvom Royal,Oto cafe;;49.0671526;20.2800297
17421;CLV;Prešov;;Poprad;F.Kráľa/Velické námestie;pred kvetinárstvom Royal,Oto cafe;;49.0671526;20.2800297
17422;CLV;Prešov;;Poprad;F.Kráľa/Na Letisko;križovatka,futbalový štadión;;49.0646129;20.2842236
17423;CLV;Prešov;;Poprad;F.Kráľa/Na Letisko;križovatka,futbalový štadión;;49.0646129;20.2842236
17424;CLV;Prešov;;Poprad;Alžbetina;park pr želez.stanici,žel.stanica,autob.stanica, poliklinika Adus;;49.0586369;20.294919
17425;CLV;Prešov;;Poprad;Alžbetina;park pr želez.stanici,žel.stanica,autob.stanica, poliklinika Adus;;49.0586369;20.294919
17426;CLV;Prešov;;Poprad;Mnoheľova/Dostojevského;pred podchodom,čerp.stanica OMV, medzi centrom a sídliskom JUH;;49.050712;20.300233
17427;CLV;Prešov;;Poprad;Mnoheľova/Dostojevského;pred podchodom,čerp.stanica OMV, medzi centrom a sídliskom JUH;;49.050712;20.300233
17428;CLV;Prešov;Poprad;Poprad;Námestie sv.Egídia;centrum,pred poisťovňou AXA,parkovisko;;49.05575;20.30596
17429;CLV;Prešov;Poprad;Poprad;Námestie sv.Egídia;centrum,pred poisťovňou AXA,parkovisko;;49.05575;20.30596
17430;CLV;Prešov;Poprad;Poprad;Partizánska;pri dome Liptov,príjazd od Svitu;;49.057248;20.282253
17431;CLV;Prešov;Poprad;Poprad;Partizánska;pri dome Liptov,príjazd od Svitu;;49.057248;20.282253
17432;CLV;Prešov;Poprad;Poprad;Partizánska;pred hotelom Poprad,kruhový objazd;;49.055132;20.292095
17433;CLV;Prešov;Poprad;Poprad;Partizánska;pred hotelom Poprad,kruhový objazd;;49.055132;20.292095
17434;CLV;Prešov;Poprad;Poprad;Francisciho;OC Forum,Podtatranské múzeum,centrum;;49.05293;20.29761
17435;CLV;Prešov;Poprad;Poprad;Francisciho;OC Forum,Podtatranské múzeum,centrum;;49.05293;20.29761
17436;CLV;Prešov;Poprad;Poprad;Francisciho;Dom Socialnych služieb,centrum;;49.054441;20.306218
17437;CLV;Prešov;Poprad;Poprad;Francisciho;Dom Socialnych služieb,centrum;;49.054441;20.306218
17438;CLV;Prešov;Poprad;Poprad;Štefánikova;pred ČSOB, SLSP,hlavný prejazd mestom;;49.056736;20.302494
17439;CLV;Prešov;Poprad;Poprad;Štefánikova;pred ČSOB, SLSP,hlavný prejazd mestom;;49.056736;20.302494
17440;CLV;Prešov;Poprad;Poprad;Štefánikova;pred bytovým domom Kamélia, hlavný prejazd mestom;;49.057332;20.305628
17441;CLV;Prešov;Poprad;Poprad;Štefánikova;pred bytovým domom Kamélia, hlavný prejazd mestom;;49.057332;20.305628
17442;CLV;Prešov;Poprad;Poprad;Okružná;pred Centrom sociálnych služieb;;49.056622;20.309412
17443;CLV;Prešov;Poprad;Poprad;Okružná;pred Centrom sociálnych služieb;;49.056622;20.309412
17444;CLV;Prešov;Poprad;Poprad;Slovenského odboja;Karpatská residence,NC Billa,SPP;;49.057372;20.289722
17445;CLV;Prešov;Poprad;Poprad;Slovenského odboja;Karpatská residence,NC Billa,SPP;;49.057372;20.289722
17446;CLV;Prešov;Poprad;Poprad;Slovenského odboja;NC Billa,Alza,autoumyvárka;;49.058625;20.288683
17447;CLV;Prešov;Poprad;Poprad;Slovenského odboja;NC Billa,Alza,autoumyvárka;;49.058625;20.288683
17448;CLV;Prešov;Poprad;Poprad;J.Curie;Nemocnica s poliklinikou;;49.050482;20.305237
17449;CLV;Prešov;Poprad;Poprad;J.Curie;Nemocnica s poliklinikou;;49.050482;20.305237
27001;CLP;Prešov;;Poprad;Pavlovova-AZ;ČS ESSO,P,vnk;;49.048894;20.29433
27002;CLP;Prešov;;Poprad;Pavlovova-AZ;ČS ESSO,P,vnt;;49.048916;20.294311
27003;CLP;Prešov;;Poprad;Suchoňova-AZ;sídlisko JUH, príjazd smer centrum,VšZP,Aréna Poprad,Ľ,vnt;;49.047755;20.288572
27004;CLP;Prešov;;Poprad;Suchoňova-AZ;sídlisko JUH, príjazd smer centrum,VšZP,Aréna Poprad,Ľ,vnk;;49.047755;20.288572
27005;CLP;Prešov;;Poprad;Uherova-AZ;otočka autobusov,sídl. JUH,oproti Kauflandu ,Ľ,vnt;;49.0442;20.288473
27006;CLP;Prešov;;Poprad;Uherova-AZ;otočka autobusov,sídl. JUH,oproti Kauflandu ,Ľ,vnk;;49.0442;20.288473
27007;CLP;Prešov;;Poprad;Partizánska-AZ;smer Svit, výjazd z mesta, paneláreň, Eurovia,Ľ,vnt;;49.056259;20.288395
27008;CLP;Prešov;;Poprad;Partizánska-AZ;smer Svit, výjazd z mesta, paneláreň, Eurovia,Ľ,vnk;;49.056259;20.288395
27013;CLP;Prešov;;Poprad;Strážske nám.-AZ;múzeum,Ľ,vnt;;49.05749;20.325063
27014;CLP;Prešov;;Poprad;Strážske nám.-AZ;múzeum,Ľ,vnk;;49.05749;20.325063
27016;CLP;Prešov;;Poprad;E-50/výpadovka na Košice-AZ;nákup.centrum,pošta,Ľ,vnt;;49.050263;20.299288
27017;CLP;Prešov;;Poprad;E-50/výpadovka na Košice-AZ;nákup.centrum,pošta,Ľ,vnk;;49.050263;20.299288
27018;CLP;Prešov;;Poprad;E-50/výpadovka na Košice-AZ;nákup.centrum,pošta,Ľ,vnt;;49.050101;20.300931
27019;CLP;Prešov;;Poprad;E-50/výpadovka na Košice-AZ;nákup.centrum,pošta,Ľ,vnk;;49.050101;20.300931
27022;CLP;Prešov;;Poprad;I/18-AZ;cesta I/18,NsP,smer Svit,Ľ,vnt;;49.050094;20.304719
27023;CLP;Prešov;;Poprad;I/18-AZ;cesta I/18,NsP,smer Svit,Ľ,vnk;;49.050094;20.304719
27025;CLP;Prešov;;Poprad;L.Svobodu-AZ;byt.dom Torysa,výjazd z centra na sídlisko JUH,Ľ,vnt;;49.047755;20.305454
27026;CLP;Prešov;;Poprad;L.Svobodu-AZ;byt.dom Torysa,výjazd z centra na sídlisko JUH,Ľ,vnk;;49.047755;20.305454
27028;CLP;Prešov;;Poprad;L.Svobodu-AZ;byt.dom Torysa,príjazd do centra zo sídliska JUH,Ľ,vnt;;49.047826;20.305749
27029;CLP;Prešov;;Poprad;L.Svobodu-AZ;byt.dom Torysa,príjazd do centra zo sídliska JUH,Ľ,vnk;;49.047826;20.305749
27038;CLP;Prešov;;Poprad;L.Svobodu-AZ;prejazd mestom,kostol,Ľ,vnt;;49.045645;20.29639
27039;CLP;Prešov;;Poprad;L.Svobodu-AZ;prejazd mestom,kostol,Ľ,vnk;;49.045645;20.29639
27040;CLP;Prešov;;Poprad;1.Mája-AZ;"centrum, Okr.úrad,OD Prior,banka ČSOB, ""Mozaika"",P,vnk";;49.057179;20.300566
27041;CLP;Prešov;;Poprad;1.Mája-AZ;"centrum, Okr.úrad,OD Prior,banka ČSOB, ""Mozaika"",P,vnt";;49.057179;20.300566
27042;CLP;Prešov;;Poprad;Štefánikova-AZ;oproti Domu kultúry,Ľ,vnt;;49.05488;20.295467
27043;CLP;Prešov;;Poprad;Štefánikova-AZ;oproti Domu kultúry,Ľ,vnk;;49.05488;20.295467
27044;CLP;Prešov;;Poprad;Štefánikova-AZ;závodný klub,P,vnk;;49.054924;20.296307
27045;CLP;Prešov;;Poprad;Štefánikova-AZ;závodný klub,P,vnt;;49.054924;20.296307
27046;CLP;Prešov;;Poprad;Štefánikova-AZ;závodný klub,Ľ,vnt;;49.054924;20.296307
27047;CLP;Prešov;;Poprad;Štefánikova-AZ;závodný klub,Ľ,vnk;;49.054924;20.296307
27048;CLP;Prešov;;Poprad;Vagonárska-AZ;futbal.štadión,Aquacity,Ľ,vnt;;49.063044;20.301972
27049;CLP;Prešov;;Poprad;Vagonárska-AZ;futbal.štadión,Aquacity,Ľ,vnk;;49.063522;20.307431
27050;CLP;Prešov;;Poprad;Vodárenská-AZ;pri babt.kostole,Ľ,vnt;;49.065585;20.292251
27051;CLP;Prešov;;Poprad;Vodárenská-AZ;pri babt.kostole,Ľ,vnk;;49.065585;20.292251
27054;CLP;Prešov;;Poprad;Teplická-AZ;zdravot.stredisko,MČ Veľká,Ľ,vnt;;49.065963;20.277325
27055;CLP;Prešov;;Poprad;Teplická-AZ;zdravot.stredisko,MČ Veľká,Ľ,vnk;;49.065963;20.277325
27058;CLP;Prešov;;Poprad;Levočská-AZ;PSS pozem.stavby,Ľ,vnt;;49.055033;20.308607
27059;CLP;Prešov;;Poprad;Levočská-AZ;PSS pozem.stavby,Ľ,vnk;;49.055033;20.308607
27060;CLP;Prešov;;Poprad;Rožňavská-AZ;príjazd od BB/RV,Ľ,vnt;;49.047699;20.29214
27061;CLP;Prešov;;Poprad;Rožňavská-AZ;príjazd od BB/RV,Ľ,vnk;;49.047699;20.29214
27064;CLP;Prešov;;Poprad;Moyzesova-AZ;Kaufland,Ľ,vnt;;49.044162;20.29239
27065;CLP;Prešov;;Poprad;Moyzesova-AZ;Kaufland,Ľ,vnk;;49.044156;20.292413
27066;CLP;Prešov;;Poprad;L.Svobodu-AZ;školská správa,Ľ,vnt;;49.044394;20.300976
27067;CLP;Prešov;;Poprad;L.Svobodu-AZ;školská správa,Ľ,vnk;;49.044394;20.300976
27068;CLP;Prešov;;Poprad;L.Svobodu-AZ;školská správa,smc,Ľ,vnt;;49.044743;20.302883
27069;CLP;Prešov;;Poprad;L.Svobodu-AZ;školská správa,smc,Ľ,vnk;;49.044743;20.302883
27070;CLP;Prešov;;Poprad;Vodárenská-AZ;odbočka na Nešporovu ul.,Ľ,vnt;;49.066618;20.291166
27071;CLP;Prešov;;Poprad;Vodárenská-AZ;odbočka na Nešporovu ul.,Ľ,vnk;;49.066618;20.291166
27186;CLP;Prešov;;Poprad;Štefánikova-AZ;zábavné centrum,smc,P,vnk;;49.05708;20.303297
27187;CLP;Prešov;;Poprad;Štefánikova-AZ;zábavné centrum,smc,P,vnt;;49.05708;20.303297
27188;CLP;Prešov;;Poprad;Štefánikova-AZ;zábavné centrum,smc,Ľ,vnt;;49.057125;20.303259
27189;CLP;Prešov;;Poprad;Štefánikova-AZ;zábavné centrum,smc,Ľ,vnk;;49.057125;20.303259
27212;CLP;Prešov;;Poprad;L.Svobodu-AZ;prejazd mestom,oproti kostolu,Ľ,vnt;;49.045627;20.29768
27213;CLP;Prešov;;Poprad;L.Svobodu-AZ;prejazd mestom,oproti kostolu,Ľ,vnk;;49.045627;20.29768
27214;CLP;Prešov;;Poprad;Štefánikova-AZ;pred vchodom do Slov.sporit.,P,vnk;;49.056857;20.303735
27215;CLP;Prešov;;Poprad;Štefánikova-AZ;pred vchodom do Slov.sporit.,P,vnt;;49.056857;20.303735
27216;CLP;Prešov;;Poprad;Štefánikova-AZ;pred vchodom do Slov.sporit.,Ľ,vnt;;49.056787;20.303756
27217;CLP;Prešov;;Poprad;Štefánikova-AZ;pred vchodom do Slov.sporit.,Ľ,vnk;;49.056787;20.303756
27238;CLP;Prešov;;Poprad;Velické nám.-AZ;reštaurácia,Ľ,vnt;;49.067557;20.27887
27239;CLP;Prešov;;Poprad;Velické nám.-AZ;reštaurácia,Ľ,vnk;;49.067557;20.27887
27240;CLP;Prešov;;Poprad;Velické nám.-AZ;PNS,SOU,Ľ,vnt;;49.067294;20.278876
27241;CLP;Prešov;;Poprad;Velické nám.-AZ;PNS,SOU,Ľ,vnk;;49.067294;20.278876
27242;CLP;Prešov;;Poprad;Partizánska-AZ;pred COOP Jednota,SPF,smer centrum,Ľ,vnt;;49.056527;20.285941
27243;CLP;Prešov;;Poprad;Partizánska-AZ;pred COOP Jednota,SPF,smer centrum,Ľ,vnk;;49.056527;20.285941
27246;CLP;Prešov;;Poprad;Rastislavova-AZ;sídlisko Juh,sm Suchoňova,Ľ,vnt;;49.042582;20.283875
27247;CLP;Prešov;;Poprad;Rastislavova-AZ;sídlisko Juh,sm Suchoňova,Ľ,vnk;;49.042582;20.283875
27248;CLP;Prešov;;Poprad;Suchoňova-AZ;sídlisko Juh,blok Lúč,Ľ,vnt;;49.045957;20.280054
27249;CLP;Prešov;;Poprad;Suchoňova-AZ;sídlisko Juh,blok Lúč,Ľ,vnk;;49.045957;20.280054
27250;CLP;Prešov;;Poprad;I/18,Poprad-Žilina-AZ;oproti nák.centru,Obch.akad.,Grecko-kat.kostol ,Ľ,vnt;;49.050782;20.297859
27251;CLP;Prešov;;Poprad;I/18,Poprad-Žilina-AZ;oproti nák.centru,Obch.akad.,Grecko-kat.kostol ,Ľ,vnk,;;49.050782;20.297859
27462;CLP;Prešov;;Poprad;J.Curie-AZ;NsP,spojka centr-sídlisko,Ľ,vnt smer Hozelec;;49.051482;20.304913
27463;CLP;Prešov;;Poprad;J.Curie-AZ;NsP,spojka centr-sídlisko,Ľ,vnk smer Hozelec;;49.051482;20.304913
27464;CLP;Prešov;;Poprad;J.Curie-AZ;pri NsP,Ľ,vnt spojka sídlisko-centrum,smer centrum;;49.051996;20.305234
27465;CLP;Prešov;;Poprad;J.Curie-AZ;pri NsP,Ľ,vnk spojka sídlisko-centrum, smer centrum;;49.051996;20.305234
27466;CLP;Prešov;;Poprad;Francisciho-AZ;OC Forum,centrum1,Z,oproti vjazdu/výjazdu z podzem.parkoviska;;49.053054;20.29908
27467;CLP;Prešov;;Poprad;Francisciho-AZ;OC Forum,centrum2,Z,oproti vjazdu/výjazdu z podzem.parkoviska;;49.053054;20.29908
27468;CLP;Prešov;;Poprad;Hviezdoslavova-AZ;poliklinika ADUS,P,vnk v parku pri žel.stanici,prechod do centra,Tatr,gal.;;49.058056;20.297278
27469;CLP;Prešov;;Poprad;Hviezdoslavova-AZ;poliklinika ADUS,P,vnt ,v parku pri žel.stanici,prechod do centra,Tatr,gal.;;49.058056;20.297278
27472;CLP;Prešov;;Poprad;Hviezdoslavova/Mnoheľova-AZ;poliklinika ADUS,P,vnk, prechod do centra,vedľa hotela Gerlach,pri žel.stanici;;49.057815;20.296075
27473;CLP;Prešov;;Poprad;Hviezdoslavova/Mnoheľova-AZ;poliklinika ADUS,P,vnk, prechod do centra,vedľa hotela Gerlach,pri žel.stanici;;49.057815;20.296075
27475;CLP;Prešov;;Poprad;Štefánikova-AZ;Tatravagónka,smer Kežmarok,Ľ,vnt,výjazd z mesta,vnt Zimný štatión;;49.061655;20.315066
27476;CLP;Prešov;;Poprad;Štefánikova-AZ;Tatravagónka,smer Kežmarok,Ľ,vnk,výjazd z mesta,Zimný štádión;;49.061655;20.315066
27477;CLP;Prešov;;Poprad;Štefánikova-AZ;Tatravagónka,zimný štadión,Z,smc,príjazd do mesta;;49.061122;20.313347
27478;CLP;Prešov;;Poprad;Partizánska-AZ;smer Svit, výjazd z mesta,Ľ,vnt;;49.057198;20.283362
27479;CLP;Prešov;;Poprad;Partizánska-AZ;smer Svit, výjazd z mesta,Ľ,vnk;;49.057198;20.283362
27482;CLP;Prešov;;Poprad;Suchoňova-AZ;sídlisko JUH,výjazd z centra,VšZP,Aréna Poprad,Ľ,vnt;;49.047989;20.288656
27483;CLP;Prešov;;Poprad;Suchoňova-AZ;sídlisko JUH,výjazd z centra,VšZP,Aréna Poprad,Ľ,vnk;;49.047989;20.288656
27486;CLP;Prešov;;Poprad;E-50/výpadovka na Košice-AZ;nákup.centrum,pošta, P vnk;;49.050101;20.300931
27487;CLP;Prešov;;Poprad;E-50/výpadovka na Košice-AZ;nákup.centrum,pošta,P vnt;;49.050101;20.300931
27488;CLP;Prešov;Poprad;Poprad;Teplická cesta-AZ;OD Tesco,Ľ,vnt;;49.058354;20.266243
27489;CLP;Prešov;Poprad;Poprad;Teplická cesta-AZ;OD Tesco,Ľ,vnk;;49.058354;20.266243
27232;CLP;Prešov;;Poprad-Hozelec;I/18,PP-KE,Hozelec-AZ;pri družstve,sm KE,Ľ,vnt;;49.029245;20.345598
27233;CLP;Prešov;;Poprad-Hozelec;I/18,PP-KE,Hozelec-AZ;pri družstve,sm KE,Ľ,vnk;;49.029245;20.345598
13179;CLV;Trenčín;;Považská Bystrica;M.R.Štefánika;pri SAD a ŽSR,na autobus.zastávke Hotel Terno;;49.12036;18.435972
13180;CLV;Trenčín;;Považská Bystrica;M.R.Štefánika;pri SAD a ŽSR,na autobus.zastávke Hotel Terno;;49.12036;18.435972
13181;CLV;Trenčín;;Považská Bystrica;M.R.Štefánika;pri pošte,obch.centrum,SLSP BILLA;;49.117512;18.439618
13182;CLV;Trenčín;;Považská Bystrica;M.R.Štefánika;pri pošte,obch.centrum,SLSP BILLA;;49.117512;18.439618
13183;CLV;Trenčín;;Považská Bystrica;Ľ.Štúra;pri OD,hotel Manín,Okres.úrad;;49.117298;18.446568
13184;CLV;Trenčín;;Považská Bystrica;Ľ.Štúra;pri OD,hotel Manín,Okres.úrad;;49.117298;18.446568
13185;CLV;Trenčín;;Považská Bystrica;OD STRED;parkovisko,banka,pošta LIDL;;49.115892;18.443722
13186;CLV;Trenčín;;Považská Bystrica;OD STRED;parkovisko,banka,pošta LIDL;;49.115892;18.443722
13187;CLV;Trenčín;;Považská Bystrica;M.Benku;na autobus.zástavke,sídlisko;;49.110079;18.444714
13188;CLV;Trenčín;;Považská Bystrica;M.Benku;na autobus.zástavke,sídlisko;;49.110079;18.444714
13189;CLV;Trenčín;;Považská Bystrica;A.Sládkoviča/M.R.Štefánika;pri autobus.zastávke,oproti pošte ČS Slovnaft;;49.115988;18.44108
13190;CLV;Trenčín;;Považská Bystrica;A.Sládkoviča/M.R.Štefánika;pri autobus.zastávke,oproti pošte ČS Slovnaft;;49.115988;18.44108
13191;CLV;Trenčín;;Považská Bystrica;Slovenských partizánov;pošta,nákup.centrum,parkovisko základná škola,Stredná priemyselná škola;;49.11473;18.445081
13192;CLV;Trenčín;;Považská Bystrica;Slovenských partizánov;pošta,nákup.centrum,parkovisko základná škola,Stredná priemyselná škola;;49.11473;18.445081
13197;CLV;Trenčín;;Považská Bystrica;M.R.Štefánika;obchod Korado,autobus.zastávka;;49.119727;18.436535
13198;CLV;Trenčín;;Považská Bystrica;M.R.Štefánika;obchod Korado,autobus.zastávka;;49.119727;18.436535
13199;CLV;Trenčín;;Považská Bystrica;M.R.Štefánika/Sládkovičova;pred križov.so Štúrovou ul. základná škola;;49.11626;18.441237
13200;CLV;Trenčín;;Považská Bystrica;M.R.Štefánika/Sládkovičova;pred križov.so Štúrovou ul. základná škola;;49.11626;18.441237
13201;CLV;Trenčín;;Považská Bystrica;Ľ.Štúra/Žilinská;Okres.úrad,banka;;49.1175;18.448989
13202;CLV;Trenčín;;Považská Bystrica;Ľ.Štúra/Žilinská;Okres.úrad,banka;;49.1175;18.448989
13203;CLV;Trenčín;;Považská Bystrica;Športovcov/Kukučínova;SAD,nemocnica;;49.11938;18.425659
13204;CLV;Trenčín;;Považská Bystrica;Športovcov/Kukučínova;SAD,nemocnica;;49.11938;18.425659
13205;CLV;Trenčín;;Považská Bystrica;Kukučínova;príjazd do centra od SAD;;49.117216;18.434858
13206;CLV;Trenčín;;Považská Bystrica;Kukučínova;príjazd do centra od SAD;;49.117216;18.434858
13215;CLV;Trenčín;;Považská Bystrica;J. Bottu/Obchodná;sídlisko,CBA, Dom služieb fitness centrum;;49.117322;18.44564
13216;CLV;Trenčín;;Považská Bystrica;J. Bottu/Obchodná;sídlisko,CBA, Dom služieb fitness centrum;;49.117322;18.44564
13217;CLV;Trenčín;;Považská Bystrica;Janka Kráľa;sídlisko požiarna stanica;;49.118003;18.44693
13218;CLV;Trenčín;;Považská Bystrica;Janka Kráľa;sídlisko požiarna stanica;;49.118003;18.44693
13231;CLV;Trenčín;;Považská Bystrica;Centrum;prechod medzi OD Prior a OC M-Park,1.posch.,Sinsay,TEDI;;49.115895;18.445534
13232;CLV;Trenčín;;Považská Bystrica;Centrum;pasáž medzi OD Prior a OC M-Park,LIDL-1,Sinsay,TEDI,O2;;49.115895;18.445534
13233;CLV;Trenčín;;Považská Bystrica;Centrum;pasáž medzi OD Prior a OC M-Park,LIDL-2,Sinsay,TEDI,O2;;49.115895;18.445534
13234;CLV;Trenčín;;Považská Bystrica;Centrum;obch.pasáž -1posch.,M-Park,Z,ľavý;;49.115895;18.445534
13235;CLV;Trenčín;;Považská Bystrica;Centrum;obch.pasáž -1posch.,M-Park,Z,pravý;;49.115895;18.445534
17026;CLV;Prešov;;Prešov;Levočská;sm centrum;;49.000744;21.222763
17027;CLV;Prešov;;Prešov;Levočská;sm centrum;;49.000744;21.222746
17028;CLV;Prešov;;Prešov;Levočská,sm PP;pri križ s ul.Obr.mieru;;49.001384;21.222735
17029;CLV;Prešov;;Prešov;Levočská,sm PP;pri križ s ul.Obr.mieru;;49.001384;21.222735
17034;CLV;Prešov;;Prešov;Slovenská;parkov.oproti Slov.poisť./Allianz,obchody,reštaur.;;48.999652;21.241396
17035;CLV;Prešov;;Prešov;Slovenská;parkov.oproti Slov.poisť./Allianz,obchody,reštaur.;;48.999652;21.241396
17038;CLV;Prešov;;Prešov;Sabinovská;Domov mládeže,sm Sabinov;;49.003019;21.239349
17039;CLV;Prešov;;Prešov;Sabinovská;Domov mládeže,sm Sabinov;;49.003019;21.239349
17042;CLV;Prešov;;Prešov;Škultétyho;predajňa Toyota;;48.986905;21.242134
17043;CLV;Prešov;;Prešov;Škultétyho;predajňa Toyota;;48.986905;21.242134
17044;CLV;Prešov;;Prešov;Východná;pred vjazdom na SAD OC Solivaria;;48.986403;21.251912
17045;CLV;Prešov;;Prešov;Východná;pred vjazdom na SAD OC Solivaria;;48.986403;21.251912
17046;CLV;Prešov;;Prešov;Masarykova;pred kasárňami,sm centrum blízko železničnej stanice;;48.987456;21.248644
17047;CLV;Prešov;;Prešov;Masarykova;pred kasárňami,sm centrum blízko železničnej stanice;;48.987456;21.248644
17048;CLV;Prešov;;Prešov;gen.Svobodu;obch.centr.EPERIA,pošta Kaufland,;;48.986565;21.264653
17049;CLV;Prešov;;Prešov;gen.Svobodu;obch.centr.EPERIA,pošta Kaufland;;48.986565;21.264653
17152;CLV;Prešov;;Prešov;Sabinovská/Levočská/Duklianska;hotel Šariš,oproti SPŠ strojnícka;;49.003206;21.238745
17153;CLV;Prešov;;Prešov;Sabinovská/Levočská/Duklianska;hotel Šariš,oproti SPŠ strojnícka;;49.003206;21.238745
17154;CLV;Prešov;;Prešov;Sabinovská/Levočská/Duklianska;hotel Šariš,oproti SPŠ strojnícka;;49.002502;21.238899
17155;CLV;Prešov;;Prešov;Sabinovská/Levočská/Duklianska;hotel Šariš,oproti SPŠ strojnícka;;49.002502;21.238899
17156;CLV;Prešov;;Prešov;Sabinovská/Levočská/Duklianska;hotel Šariš,oproti SPŠ strojnícka;;49.002035;21.238967
17157;CLV;Prešov;;Prešov;Sabinovská/Levočská/Duklianska;hotel Šariš,oproti SPŠ strojnícka;;49.002035;21.238967
17158;CLV;Prešov;;Prešov;Masarykova/Grešova;v parku,pri hlav.pošte;;48.992333;21.245117
17159;CLV;Prešov;;Prešov;Masarykova/Grešova;v parku,pri hlav.pošte;;48.992333;21.245117
17168;CLV;Prešov;;Prešov;Hlavná/Levočská;Dom odborov,OTP Banka,hotel Šariš;;49.001019;21.239462
17169;CLV;Prešov;;Prešov;Hlavná/Levočská;Dom odborov,OTP Banka,hotel Šariš;;49.001019;21.239462
17172;CLV;Prešov;;Prešov;Nám.1.mája/Škultétyho/Budovate;obchody,internát,Toyota;;48.987127;21.242986
17173;CLV;Prešov;;Prešov;Nám.1.mája/Škultétyho/Budovate;obchody,internát,Toyota;;48.987127;21.242986
17176;CLV;Prešov;;Prešov;Metodova/Slovenská;križov,parkov,SOÚ,gymnázium;;48.998143;21.242578
17177;CLV;Prešov;;Prešov;Metodova/Slovenská;križov,parkov,SOÚ,gymnázium;;48.998143;21.242578
17180;CLV;Prešov;;Prešov;17.novembra,sm PP;rešt.Hviezda,Prešov.univerzita,internáty;;48.990592;21.23539
17181;CLV;Prešov;;Prešov;17.novembra,sm PP;rešt.Hviezda,Prešov.univerzita,internáty;;48.990592;21.23539
17182;CLV;Prešov;;Prešov;Požiarnická/Zápotockého;križov,malá žel.stanica;;48.995115;21.232999
17183;CLV;Prešov;;Prešov;Požiarnická/Zápotockého;križov,malá žel.stanica;;48.995115;21.232999
17184;CLV;Prešov;;Prešov;Vajanského;križov,polícia,kasárne centrum;;48.994009;21.247957
17185;CLV;Prešov;;Prešov;Vajanského;križov,polícia,kasárne centrum;;48.994009;21.247957
17186;CLV;Prešov;;Prešov;Plzenská/Lesík delostrelcov;križov,SPŠ-S;;48.991208;21.247937
17187;CLV;Prešov;;Prešov;Plzenská/Lesík delostrelcov;križov,SPŠ-S;;48.991208;21.247937
17188;CLV;Prešov;;Prešov;Plzenská;rybárske potreby,cestov.agentúra;;48.990979;21.247206
17189;CLV;Prešov;;Prešov;Plzenská;rybárske potreby,cestov.agentúra;;48.990979;21.247206
17194;CLV;Prešov;;Prešov;Hollého/Puškinova;nemocnica,Duklian.kasárne;;48.995145;21.251404
17195;CLV;Prešov;;Prešov;Hollého/Puškinova;nemocnica,Duklian.kasárne;;48.995145;21.251404
17198;CLV;Prešov;;Prešov;Masarykova;evanj.gymnázium,Tesco,divadlo DJZ,hl.pošta;;48.992467;21.244273
17199;CLV;Prešov;;Prešov;Masarykova;evanj.gymnázium,Tesco,divadlo DJZ,hl.pošta;;48.992467;21.244273
17200;CLV;Prešov;;Prešov;Partizánska/Budovateľská;križov,parkov,VÚB,fakulta zdravotníctva;;48.989617;21.243051
17201;CLV;Prešov;;Prešov;Partizánska/Budovateľská;križov,parkov,VÚB,fakulta zdravotníctva;;48.989617;21.243051
17208;CLV;Prešov;;Prešov;Obrancov mieru;sm PP,internáty,pri vedec.knižnici;;48.995988;21.22942
17209;CLV;Prešov;;Prešov;Obrancov mieru;sm PP,internáty,pri vedec.knižnici;;48.995988;21.22942
17210;CLV;Prešov;;Prešov;Obrancov mieru;pri križov s Levočskou ul.;;48.998764;21.227866
17211;CLV;Prešov;;Prešov;Obrancov mieru;pri križov s Levočskou ul.;;48.998764;21.227866
17212;CLV;Prešov;;Prešov;Kúpeľná/Zápotockého;oproti Unicredit;;48.991969;21.236664
17213;CLV;Prešov;;Prešov;Kúpeľná/Zápotockého;oproti Unicredit;;48.991969;21.236664
17216;CLV;Prešov;;Prešov;Východná;za Kerimaxom,Tesco,OMV,Nay,OBI OC Solivaria;;48.98342;21.252697
17217;CLV;Prešov;;Prešov;Východná;za Kerimaxom,Tesco,OMV,Nay,OBI OC Solivaria;;48.98342;21.252697
17218;CLV;Prešov;;Prešov;Východná;za Kerimaxom,oproti SAD OC Solivaria,Mountfield;;48.985143;21.25261
17219;CLV;Prešov;;Prešov;Východná;za Kerimaxom,oproti SAD OC Solivaria,Mountfield;;48.985143;21.25261
17230;CLV;Prešov;;Prešov;Vajanského/Konštantínova;oproti cintorínu,VÚC,pri zast.MHD;;49.001066;21.242821
17231;CLV;Prešov;;Prešov;Vajanského/Konštantínova;oproti cintorínu,VÚC,pri zast.MHD;;49.001066;21.242821
17232;CLV;Prešov;;Prešov;Masarykova/Plzenská;pri SLSP,oproti SPŠ-E;;48.9907;21.24627
17233;CLV;Prešov;;Prešov;Masarykova/Plzenská;pri SLSP,oproti SPŠ-E;;48.9907;21.24627
17234;CLV;Prešov;;Prešov;Masarykova/Plzenská;pri SPŠ-E,oproti SLSP;;48.990311;21.246628
17235;CLV;Prešov;;Prešov;Masarykova/Plzenská;pri SPŠ-E,oproti SLSP;;48.990311;21.246628
17240;CLV;Prešov;;Prešov;Levočská,sm centrum;oproti parku,pri križov.s ul.M.Čulena;;49.001178;21.22162
17241;CLV;Prešov;;Prešov;Levočská,sm centrum;oproti parku,pri križov.s ul.M.Čulena;;49.001178;21.22162
17242;CLV;Prešov;;Prešov;Levočská,sm centrum;oproti parku,pri križov.s ul.M.Čulena;;49.000948;21.222314
17243;CLV;Prešov;;Prešov;Levočská,sm centrum;oproti parku,pri križov.s ul.M.Čulena;;49.000948;21.222314
17244;CLV;Prešov;;Prešov;Levočská,sm centrum;oproti parku,pri križov.s ul.Obr.mieru;;48.999913;21.225064
17245;CLV;Prešov;;Prešov;Levočská,sm centrum;oproti parku,pri križov.s ul.Obr.mieru;;48.999913;21.225064
17246;CLV;Prešov;;Prešov;Levočská,sm centrum;oproti parku,pri križov.s ul.Obr.mieru;;48.999511;21.226483
17247;CLV;Prešov;;Prešov;Levočská,sm centrum;oproti parku,pri križov.s ul.Obr.mieru;;48.999511;21.226483
17248;CLV;Prešov;;Prešov;Levočská,sm PP;pri OC Kaufland;;49.000045;21.227835
17249;CLV;Prešov;;Prešov;Levočská,sm PP;pri OC Kaufland;;49.000045;21.227835
17250;CLV;Prešov;;Prešov;Levočská,sm PP;pri OC Kaufland;;48.999949;21.227321
17251;CLV;Prešov;;Prešov;Levočská,sm PP;pri OC Kaufland;;48.999949;21.227321
17252;CLV;Prešov;;Prešov;Sabinovská;oproti lekárni;;49.004521;21.23912
17253;CLV;Prešov;;Prešov;Sabinovská;oproti lekárni;;49.004521;21.23912
17254;CLV;Prešov;;Prešov;Sabinovská;oproti lekárni;;49.005098;21.238939
17255;CLV;Prešov;;Prešov;Sabinovská;oproti lekárni;;49.005098;21.238939
17256;CLV;Prešov;;Prešov;Sabinovská;oproti lekárni;;49.005766;21.238718
17257;CLV;Prešov;;Prešov;Sabinovská;oproti lekárni;;49.005766;21.238718
17260;CLV;Prešov;;Prešov;Sabinovská;pri parkovisku;;49.004207;21.238603
17261;CLV;Prešov;;Prešov;Sabinovská;pri parkovisku;;49.004207;21.238603
17268;CLV;Prešov;;Prešov;Masarykova;pred SOU odevné,oproti ČS Shell;;48.985123;21.249693
17269;CLV;Prešov;;Prešov;Masarykova;pred SOU odevné,oproti ČS Shell;;48.985123;21.249693
17270;CLV;Prešov;;Prešov;Masarykova;pred SOU odevné,oproti ČS Shell;;48.985473;21.249546
17271;CLV;Prešov;;Prešov;Masarykova;pred SOU odevné,oproti ČS Shell;;48.985473;21.249546
17272;CLV;Prešov;;Prešov;Masarykova/Partizánska;pred bankomatom SLSP,cyklochodník;;48.991025;21.246059
17273;CLV;Prešov;;Prešov;Masarykova/Partizánska;pred bankomatom SLSP,cyklochodník;;48.991025;21.246059
17274;CLV;Prešov;;Prešov;Masarykova/Partizánska;pred Domom nábytku;;48.991292;21.245866
17275;CLV;Prešov;;Prešov;Masarykova/Partizánska;pred Domom nábytku;;48.991292;21.245866
17276;CLV;Prešov;;Prešov;Masarykova/Partizánska;pred nákup.centrom Aqua,cyklochodník;;48.991119;21.245427
17277;CLV;Prešov;;Prešov;Masarykova/Partizánska;pred nákup.centrom Aqua,cyklochodník;;48.991119;21.245427
17278;CLV;Prešov;;Prešov;Masarykova/Partizánska;pred nákup.centrom Aqua,cyklochodník;;48.990863;21.245636
17279;CLV;Prešov;;Prešov;Masarykova/Partizánska;pred nákup.centrom Aqua,cyklochodník;;48.990863;21.245636
17280;CLV;Prešov;;Prešov;Masarykova/Plzenská;pred detským parkom,cyklochodník;;48.990282;21.246077
17281;CLV;Prešov;;Prešov;Masarykova/Plzenská;pred detským parkom,cyklochodník;;48.990282;21.246077
17282;CLV;Prešov;;Prešov;Masarykova/Plzenská;pred detským parkom,cyklochodník;;48.989833;21.246352
17283;CLV;Prešov;;Prešov;Masarykova/Plzenská;pred detským parkom,cyklochodník;;48.989833;21.246352
17284;CLV_p;Prešov;;Prešov;Švábska/Urxova;pri nákup.stred.Jednota;;48.974573;21.262803
17285;CLV_p;Prešov;;Prešov;Švábska/Urxova;pri nákup.stred.Jednota;;48.974573;21.262803
17286;CLV_p;Prešov;;Prešov;Švábska/Janáčkova;pri zastávke MHD;;48.974162;21.261781
17287;CLV_p;Prešov;;Prešov;Švábska/Janáčkova;pri zastávke MHD;;48.974162;21.261781
17288;CLV_p;Prešov;;Prešov;Švábska;pri prízem.obchodoch;;48.971363;21.259236
17289;CLV_p;Prešov;;Prešov;Švábska;pri prízem.obchodoch;;48.971363;21.259236
17306;CLV_p;Prešov;;Prešov;Metodova/Slovenská;križov,parkov,SOÚ,gymnázium;;48.998233;21.242822
17307;CLV_p;Prešov;;Prešov;Metodova/Slovenská;križov,parkov,SOÚ,gymnázium;;48.998233;21.242822
17316;CLV_p;Prešov;;Prešov;Plzenská/Masarykova;pri SLSP,oproti SPŠ-E;;48.990787;21.246889
17317;CLV_p;Prešov;;Prešov;Plzenská/Masarykova;pri SLSP,oproti SPŠ-E;;48.990787;21.246889
27134;CLP;Prešov;;Prešov;Volgogradská/SOU stavebné-AZ;sm Levočská,P,vnk;;49.003656;21.220511
27135;CLP;Prešov;;Prešov;Volgogradská/SOU stavebné-AZ;sm Levočská,P,vnt;;49.003656;21.220511
27136;CLP;Prešov;;Prešov;Volgogradská/SOU stavebné-AZ;sm Levočská,Ľ,vnt;;49.003765;21.221076
27137;CLP;Prešov;;Prešov;Volgogradská/SOU stavebné-AZ;sm Levočská,Ľ,vnk;;49.003765;21.221076
27158;CLP;Prešov;;Prešov;Jurkovičova-AZ;Poliklinika Procare,Nemocnica Wesper,OC Sekčov,OC Max,Ľ,vnt,1;;48.994223;21.267566
27159;CLP;Prešov;;Prešov;Jurkovičova-AZ;Poliklinika Procare,Nemocnica Wesper,OC Sekčov,OC Max,Ľ,vnk,1;;48.994223;21.267566
27160;CLP;Prešov;;Prešov;Levočská-AZ,sm PP;mestský park,Ľ,vnt;;49.001446;21.222504
27161;CLP;Prešov;;Prešov;Levočská-AZ,sm PP;mestský park,Ľ,vnk;;49.001446;21.222504
27162;CLP;Prešov;;Prešov;Levočská-AZ,sm centr;mestský park,P,vnk,cyklochodník;;49.000781;21.222448
27163;CLP;Prešov;;Prešov;Levočská-AZ,sm centr;mestský park,P,vnt,cyklochodník;;49.000771;21.2225
27164;CLP;Prešov;;Prešov;Levočská-AZ,sm centr;mestský park,Ľ,vnt,cyklochodník;;49.000853;21.222565
27165;CLP;Prešov;;Prešov;Levočská-AZ,sm centr;mestský park,Ľ,vnk, cyklochodník;;49.000853;21.222565
27166;CLP;Prešov;;Prešov;Jurkovičova-AZ;oprotiNsP Reyman.,ČS Jet,Billa,Ľ,vnt;;48.994445;21.268471
27167;CLP;Prešov;;Prešov;Jurkovičova-AZ;oprotiNsP Reyman.,ČS Jet,Billa,Ľ,vnk;;48.994445;21.268471
27168;CLP;Prešov;;Prešov;Šafárikova-AZ;sm Ľubotice,NsP/neurológia,Ľ,vnt;;48.998689;21.251012
27169;CLP;Prešov;;Prešov;Šafárikova-AZ;sm Ľubotice,NsP/neurológia,Ľ,vnk;;48.998689;21.251012
27176;CLP;Prešov;;Prešov;gen.Svobodu/Lesnícka,smŽSR-AZ;sm SAD/ŽSR,Ľ,vnt;;48.978212;21.263663
27177;CLP;Prešov;;Prešov;gen.Svobodu/Lesnícka,smŽSR-AZ;sm SAD/ŽSR,Ľ,vnk;;48.978212;21.263663
27260;CLP;Prešov;;Prešov;gen.Svobodu/Karpatská-AZ;Billa,Ľ,vnt pri OC MAX;;48.99719;21.270105
27261;CLP;Prešov;;Prešov;gen.Svobodu/Karpatská-AZ;Billa,Ľ,vnk pri OC MAX;;48.99719;21.270105
27262;CLP;Prešov;;Prešov;Solivarská-AZ;reštaurácia Šport,Ľ,vnt NKP múzeum Solivar, CBA;;48.97961;21.274391
27263;CLP;Prešov;;Prešov;Solivarská-AZ;reštaurácia Šport,Ľ,vnk NKP múzeum Solivar,CBA;;48.97961;21.274391
27264;CLP;Prešov;;Prešov;Solivarská-AZ;oproti reštaurácii Šport,Ľ,vnt NKP múzeum Solivar,CBA;;48.979409;21.274909
27265;CLP;Prešov;;Prešov;Solivarská-AZ;oproti reštaurácii Šport,Ľ,vnk NKP múzeum Solivar,CBA;;48.979409;21.274909
27266;CLP;Prešov;;Prešov;17.Novembra-AZ;sm Mestská hala,P,vnk Prešov.univerzita,internáty;;48.990144;21.235167
27267;CLP;Prešov;;Prešov;17.Novembra-AZ;sm Mestská hala,P,vnt Prešov.univerzita,internáty;;48.990144;21.235167
27268;CLP;Prešov;;Prešov;17.Novembra-AZ;sm Mestská hala,Ľ,vnt Prešov.univerzita,internáty;;48.990097;21.2351
27269;CLP;Prešov;;Prešov;17.Novembra-AZ;sm Mestská hala,Ľ,vnk Prešov.univerzita,internáty;;48.990097;21.2351
27270;CLP;Prešov;;Prešov;17.Novembra-AZ;sm Duchn.nám.,rešt.Hviezda,P,vnk Prešov.univerzita,internáty;;48.990272;21.235609
27271;CLP;Prešov;;Prešov;17.Novembra-AZ;sm Duchn.nám.,rešt.Hviezda,P,vnt Prešov.univerzita,internáty;;48.990272;21.235609
27272;CLP;Prešov;;Prešov;17.Novembra-AZ;sm Duchn.nám.,rešt.Hviezda,Prešov.univerzita,internáty Ľ vnt.;;48.990299;21.235711
27273;CLP;Prešov;;Prešov;17.Novembra-AZ;sm Duchn.nám.,rešt.Hviezda,Prešov.univerzita,internáty Ľ vnk.;;48.990299;21.235711
27286;CLP;Prešov;;Prešov;Sabinovská-AZ;sm centr,P,vnk;;49.005644;21.238193
27287;CLP;Prešov;;Prešov;Sabinovská-AZ;sm centr,P,vnt;;49.005644;21.238193
27288;CLP;Prešov;;Prešov;Sabinovská-AZ;sm centr,Ľ,vnt;;49.005628;21.238055
27289;CLP;Prešov;;Prešov;Sabinovská-AZ;sm centr,Ľ,vnk;;49.005628;21.238055
27290;CLP;Prešov;;Prešov;Solivarská/Pleta-AZ;sm Solivar,P,vnk;;48.977181;21.265566
27291;CLP;Prešov;;Prešov;Solivarská/Pleta-AZ;sm Solivar,P,vnt;;48.977181;21.265566
27292;CLP;Prešov;;Prešov;Solivarská/Pleta-AZ;sm Solivar,Ľ,vnt;;48.977101;21.265572
27293;CLP;Prešov;;Prešov;Solivarská/Pleta-AZ;sm Solivar,Ľ,vnk;;48.977101;21.265572
27294;CLP;Prešov;;Prešov;Solivarská/Pleta-AZ;sm centr,P,vnk;;48.977519;21.265403
27295;CLP;Prešov;;Prešov;Solivarská/Pleta-AZ;sm centr,P,vnt;;48.977519;21.265403
27296;CLP;Prešov;;Prešov;Solivarská/Pleta-AZ;sm centr,Ľ,vnt;;48.97761;21.265397
27297;CLP;Prešov;;Prešov;Solivarská/Pleta-AZ;sm centr,Ľ,vnk;;48.97761;21.265397
27326;CLP;Prešov;;Prešov;Masarykova-AZ;Kraj.prokurat,sm centr,Ľ,vnt;;48.989346;21.247259
27327;CLP;Prešov;;Prešov;Masarykova-AZ;Kraj.prokurat,sm centr,Ľ,vnk;;48.989346;21.247259
27330;CLP;Prešov;;Prešov;Masarykova-AZ;Čierny most,sm ŽSR/KE,Ľ,vnt;;48.98997;21.246631
27331;CLP;Prešov;;Prešov;Masarykova-AZ;Čierny most,sm ŽSR/KE,Ľ,vnk;;48.98997;21.246631
27408;CLP;Prešov;;Prešov;Sabinovská/Šidlovec-AZ;ČS Slovnaft,smc,Ľ,vnt;;49.020971;21.235245
27409;CLP;Prešov;;Prešov;Sabinovská/Šidlovec-AZ;ČS Slovnaft,smc,Ľ,vnk;;49.020971;21.235245
27412;CLP;Prešov;;Prešov;Hollého-AZ;nemocnica,smc,Ľ,vnt;;48.99613;21.252445
27413;CLP;Prešov;;Prešov;Hollého-AZ;nemocnica,smc,Ľ,vnk;;48.99613;21.252445
27416;CLP;Prešov;;Prešov;Solivarská/Škára-AZ;smc,Ľ,vnt Tesco, ČS OMV, NAY;;48.982125;21.255717
27417;CLP;Prešov;;Prešov;Solivarská/Škára-AZ;smc,Ľ,vnk Tesco, ČS OMV, NAY;;48.982125;21.255717
27420;CLP;Prešov;;Prešov;Levočská-AZ;sm Poprad,P,vnk SAD;;49.001161;21.223359
27421;CLP;Prešov;;Prešov;Levočská-AZ;sm Poprad,P,vnt SAD;;49.001161;21.223359
27424;CLP;Prešov;;Prešov;Volgogradská/nám.Kráľov.pokoja-AZ;sm Levočská,P,vnk OC Družba;;49.007165;21.22101
27425;CLP;Prešov;;Prešov;Volgogradská/nám.Kráľov.pokoja-AZ;sm Levočská,P,vnt OC Družba;;49.007165;21.22101
27497;CLP;Prešov;;Prešov;Volgogradská/nám.Kráľov.pokoja-AZ;sm Levočská,Ľ,vnt OC Družba;;49.007165;21.22101
27498;CLP;Prešov;;Prešov;Volgogradská/nám.Kráľov.pokoja-AZ;sm Levočská,Ľ,vnk OC Družba;;49.007165;21.22101
27500;CLP;Prešov;Prešov;Prešov;Prostějovská ul.-AZ;Obratisko DPMP,Stomatológia,Ľ,vnt.;;49.023413;21.228439
27501;CLP;Prešov;Prešov;Prešov;Prostějovská ul.-AZ;Obratisko DPMP,Stomatológia,Ľ,vnk.;;49.023413;21.228439
27502;CLP;Prešov;Prešov;Prešov;Prostějovská ul.-AZ;Pred trhoviskom Centrum,Ľ,vnt.;;49.020761;21.224402
27503;CLP;Prešov;Prešov;Prešov;Prostějovská ul.-AZ;Pred trhoviskom Centrum,Ľ,vnk.;;49.020761;21.224402
27504;CLP;Prešov;Prešov;Prešov;V.Clementisa-AZ;smer OD Kaufland,OD Coop Jednota,Ľ,vnt.;;49.001675;21.223894
27505;CLP;Prešov;Prešov;Prešov;V.Clementisa-AZ;smer OD Kaufland,OD Coop Jednota,Ľ,vnk.;;49.001675;21.223894
27506;CLP;Prešov;Prešov;Prešov;V.Clementisa-AZ;smer Sídlisko III.,OD Coop Jednota,Ľ,vnt.;;49.001668;21.22457
27507;CLP;Prešov;Prešov;Prešov;V.Clementisa-AZ;smer Sídlisko III.,OD Coop Jednota,Ľ,vnk.;;49.001668;21.22457
27508;CLP;Prešov;Prešov;Prešov;Mukačevská ul.-AZ;pri reštaurácii ASTORKA,Divadlo na Sídlisku,Ľ,vnt.;;49.01102;21.226223
27509;CLP;Prešov;Prešov;Prešov;Mukačevská ul.-AZ;pri reštaurácii ASTORKA,Divadlo na Sídlisku,Ľ,vnk.;;49.01102;21.226223
27510;CLP;Prešov;Prešov;Prešov;Mukačevská ul.-AZ;CBA,Posádkový dom armády,Ľ,vnt.;;49.011331;21.224571
27511;CLP;Prešov;Prešov;Prešov;Mukačevská ul.-AZ;CBA,Posádkový dom armády,Ľ,vnk.;;49.011331;21.224571
27512;CLP;Prešov;Prešov;Prešov;Herlianska ul.-AZ;Končená trolejbusov,kasárne,Ľ,vnt,;;49.024915;21.286702
27513;CLP;Prešov;Prešov;Prešov;Herlianska ul.-AZ;Končená trolejbusov,kasárne,Ľ,vnk,;;49.024915;21.286702
27514;CLP;Prešov;Prešov;Prešov;Duklianska ul.-AZ;Pri Camea car Škoda,ACK Auto,oproti OMV,Ľ,vnt.;;49.008461;21.250115
27515;CLP;Prešov;Prešov;Prešov;Duklianska ul.-AZ;Pri Camea car Škoda,ACK Auto,oproti OMV,Ľ,vnk.;;49.008461;21.250115
27516;CLP;Prešov;Prešov;Prešov;Duklianska ul.-AZ;Oproti SŠ P.Sabadoša,pri Mestskom cintoríne,Ľ,vnt.;;49.003247;21.243617
27517;CLP;Prešov;Prešov;Prešov;Duklianska ul.-AZ;Oproti SŠ P.Sabadoša,pri Mestskom cintoríne,Ľ,vnk.;;49.003247;21.243617
27518;CLP;Prešov;Prešov;Prešov;Duchnovičovo nám.-AZ;Pri VŠMP ISM Prešov,Ľ,vnt.;;48.99337;21.23262
27519;CLP;Prešov;Prešov;Prešov;Duchnovičovo nám.-AZ;Pri VŠMP ISM Prešov,Ľ,vnk.;;48.99337;21.23262
27520;CLP;Prešov;Prešov;Prešov;Duchnovičovo nám.-AZ;Oproti VŠMP ISM Prešov,Ľ,vnt.;;48.993759;21.232587
27521;CLP;Prešov;Prešov;Prešov;Duchnovičovo nám.-AZ;Oproti VŠMP ISM Prešov,Ľ,vnk.;;48.993759;21.232587
27522;CLP;Prešov;Prešov;Prešov;Budovateľská ul.-AZ;Pri priemyselnom centre,stavebniny,Ľ,vnt.;;48.981854;21.243759
27523;CLP;Prešov;Prešov;Prešov;Budovateľská ul.-AZ;Pri priemyselnom centre,stavebniny,Ľ,vnk.;;48.981854;21.243759
27524;CLP;Prešov;Prešov;Prešov;Budovateľská ul.-AZ;Pri Hotel Lineas Prešov,KR PZ SR,Ľ,vnt.;;48.986074;21.242997
27525;CLP;Prešov;Prešov;Prešov;Budovateľská ul.-AZ;Pri Hotel Lineas Prešov,KR PZ SR,Ľ,vnk.;;48.986074;21.242997
27526;CLP;Prešov;Prešov;Prešov;Šafárikova ul.-AZ;Oproti Fakultná nem.,smer Košice,Ľ,vnt.;;48.996554;21.252319
27527;CLP;Prešov;Prešov;Prešov;Šafárikova ul.-AZ;Oproti Fakultná nem.,smer Košice,Ľ,vnk.;;48.996554;21.252319
27528;CLP;Prešov;Prešov;Prešov;Ul. Lesík delostrelcov-AZ;Kasárne,smer centrum,Ľ,vnt.;;48.992359;21.249763
27529;CLP;Prešov;Prešov;Prešov;Ul. Lesík delostrelcov-AZ;Kasárne,smer centrum,Ľ,vnk.;;48.992359;21.249763
27530;CLP;Prešov;Prešov;Prešov;Obrancov mieru-AZ;smer 17.novembra/Košice,Ľ,vnt.;;48.997153;21.228191
27531;CLP;Prešov;Prešov;Prešov;Obrancov mieru-AZ;smer 17.novembra/Košice,Ľ,vnk.;;48.997153;21.228191
27532;CLP;Prešov;Prešov;Prešov;Obrancov mieru-AZ;Pri svetelnej križovatke sm.PP,Ľ.vnt.;;48.997947;21.228163
27533;CLP;Prešov;Prešov;Prešov;Obrancov mieru-AZ;Pri svetelnej križovatke sm.PP,Ľ.vnk.;;48.997947;21.228163
27534;CLP;Prešov;Prešov;Prešov;Námestie mládeže-AZ;Študentský domov,vedec.kniž.,Ľ,vnt.;;48.995509;21.229613
27535;CLP;Prešov;Prešov;Prešov;Námestie mládeže-AZ;Študentský domov,vedec.kniž.,Ľ,vnk.;;48.995509;21.229613
27536;CLP;Prešov;Prešov;Prešov;Čapajevova ul.-AZ;smer Futbalový štadión,Ľ,vnt.;;49.008811;21.233205
27537;CLP;Prešov;Prešov;Prešov;Čapajevova ul.-AZ;smer Futbalový štadión,Ľ,vnk.;;49.008811;21.233205
27538;CLP;Prešov;Prešov;Prešov;Björnsonova ul.-AZ;Futbalový štadión,smer kasárne,Ľ,vnt.;;49.006265;21.237162
27539;CLP;Prešov;Prešov;Prešov;Björnsonova ul.-AZ;Futbalový štadión,smer kasárne,Ľ,vnk.;;49.006265;21.237162
27540;CLP;Prešov;Prešov;Prešov;Bajkalská ul.-AZ;Obrátisko DPMP,Sídlisko III.,Ľ,vnt.;;49.023636;21.22976
27541;CLP;Prešov;Prešov;Prešov;Bajkalská ul.-AZ;Obrátisko DPMP,Sídlisko III.,Ľ,vnk.;;49.023636;21.22976
27542;CLP;Prešov;Prešov;Prešov;Bajkalská ul.-AZ;Oproti technické služby,Ľ,vnt.;;49.020868;21.231619
27543;CLP;Prešov;Prešov;Prešov;Bajkalská ul.-AZ;Oproti technické služby,Ľ,vnk.;;49.020868;21.231619
27544;CLP;Prešov;Prešov;Prešov;Volgogradská ul.-AZ;Pri OC Družba,smer Prostějovská,Ľ,vnt.;;49.006773;21.221517
27545;CLP;Prešov;Prešov;Prešov;Volgogradská ul.-AZ;Pri OC Družba,smer Prostějovská,Ľ,vnk.;;49.006773;21.221517
27549;CLP;Prešov;Prešov;Prešov;Sabinovská ul.-AZ;smer Sabinov,ČS BAREL,Ľ,vnt.;;49.020628;21.2359632
27550;CLP;Prešov;Prešov;Prešov;Sabinovská ul.-AZ;smer Sabinov,ČS BAREL,Ľ,vnk.;;49.020628;21.2359632
27551;CLP;Prešov;Prešov;Prešov;Arm.gen.Svobodu/M.Benku-AZ;Pri OD Kaufland,OC STOP SHOP-Šváby,Ľ,vnt.;;48.987083;21.264279
27552;CLP;Prešov;Prešov;Prešov;Arm.gen.Svobodu/M.Benku-AZ;Pri OD Kaufland,OC STOP SHOP-Šváby,Ľ,vnk.;;48.987083;21.264279
27553;CLP;Prešov;Prešov;Prešov;Arm.gen.Svobodu/M.Benku-AZ;Oproti OD Kaufland,OC STOP SHOP-Šváby,Ľ,vnt.;;48.987235;21.26487
27554;CLP;Prešov;Prešov;Prešov;Arm.gen.Svobodu/M.Benku-AZ;Oproti OD Kaufland,OC STOP SHOP-Šváby,Ľ,vnk.;;48.987235;21.26487
27555;CLP;Prešov;Prešov;Prešov;Arm.gen.Svobodu-AZ;Bistro u Michala,Autoumývareň,Ľ,vnt.;;48.983793;21.264001
27556;CLP;Prešov;Prešov;Prešov;Arm.gen.Svobodu-AZ;Bistro u Michala,Autoumývareň,Ľ,vnk.;;48.983793;21.264001
27557;CLP;Prešov;Prešov;Prešov;Prostějovská ul.-AZ;Sídlisko III,Otočka-Konečná DPMP,Ľ,vnt.;;49.023441;21.228987
27558;CLP;Prešov;Prešov;Prešov;Prostějovská ul.-AZ;Sídlisko III,Otočka-Konečná DPMP,Ľ,vnk.;;49.023441;21.228987
27562;CLP;Prešov;Prešov;Prešov;Budovateľská ul.-AZ;pri HAGARD HAL,Šarišské pekárne,Ľ,vnt.;;48.979753;21.244069
27563;CLP;Prešov;Prešov;Prešov;Budovateľská ul.-AZ;pri HAGARD HAL,Šarišské pekárne,Ľ,vnk.;;48.979753;21.244069
27564;CLP;Prešov;Prešov;Prešov;Volgogradská ul.-AZ;oproti SOŠD,reštaurácia SABARACA,Ľ,vnt.;;49.004179;21.221062
27565;CLP;Prešov;Prešov;Prešov;Volgogradská ul.-AZ;oproti SOŠD,reštaurácia SABARACA,Ľ,vnk.;;49.004179;21.221062
27566;CLP;Prešov;Prešov;Prešov;Pavlovičovo nám.-AZ;oproti železnica,Ľ,vnt.;;48.990287;21.240719
27567;CLP;Prešov;Prešov;Prešov;Pavlovičovo nám.-AZ;oproti železnica,Ľ,vnk.;;48.990287;21.240719
27568;CLP;Prešov;Prešov;Prešov;Solivarská ul..-AZ;Kvety,Obchod AB Centrum,Ľ,vnt.;;48.978856;21.271232
27569;CLP;Prešov;Prešov;Prešov;Solivarská ul..-AZ;Kvety,Obchod AB Centrum,Ľ,vnk.;;48.978856;21.271232
27570;CLP;Prešov;Prešov;Prešov;Kysucká ul..-AZ;AZ Kysucká,smer L.Novomestského,Ľ,vnt.;;48.984559;21.273026
27571;CLP;Prešov;Prešov;Prešov;Kysucká ul..-AZ;AZ Kysucká,smer L.Novomestského,Ľ,vnk.;;48.984559;21.273026
27572;CLP;Prešov;Prešov;Prešov;Sekčovská ul..-AZ;pri Šalgovickom cintoríne,Ľ,vnt.;;48.993618;21.275639
27573;CLP;Prešov;Prešov;Prešov;Sekčovská ul..-AZ;pri Šalgovickom cintoríne,Ľ,vnk.;;48.993618;21.275639
27574;CLP;Prešov;Prešov;Prešov;Sekčovská ul..-AZ;Podnikateľské centrum,Ľ,vnt.;;48.992138;21.271221
27575;CLP;Prešov;Prešov;Prešov;Sekčovská ul..-AZ;Podnikateľské centrum,Ľ,vnk.;;48.992138;21.271221
13153;CLV;Trenčín;;Prievidza;J.M.Hurbana;pešia nákup.zóna;;48.783694;18.619145
13154;CLV;Trenčín;;Prievidza;J.M.Hurbana;pešia nákup.zóna;;48.783694;18.619145
13155;CLV;Trenčín;;Prievidza;Nábrežná;Kinekus,Tesco;;48.779997;18.609843
13156;CLV;Trenčín;;Prievidza;Nábrežná;Kinekus,Tesco;;48.779997;18.609843
13157;CLV;Trenčín;;Prievidza;G. Švéniho;Primabanka;;48.771717;18.621753
13158;CLV;Trenčín;;Prievidza;G. Švéniho;Primabanka;;48.771717;18.621753
13159;CLV;Trenčín;;Prievidza;P.O.Hviezdoslava;OD Vtáčnik,lekáreň;;48.773249;18.621061
13160;CLV;Trenčín;;Prievidza;P.O.Hviezdoslava;OD Vtáčnik,lekáreň;;48.773249;18.621061
13161;CLV;Trenčín;;Prievidza;Š.Moyzesa;OD Vtáčnik, kostol;;48.772734;18.621714
13162;CLV;Trenčín;;Prievidza;Š.Moyzesa;OD Vtáčnik, kostol;;48.772734;18.621714
13163;CLV;Trenčín;;Prievidza;nám.Slobody;OD Vtáčnik,kláštor;;48.772348;18.623062
13164;CLV;Trenčín;;Prievidza;nám.Slobody;OD Vtáčnik,kláštor;;48.772348;18.623062
13167;CLV;Trenčín;;Prievidza;nám.Slobody;Ryba;;48.772274;18.623816
13168;CLV;Trenčín;;Prievidza;nám.Slobody;Ryba;;48.772274;18.623816
13171;CLV;Trenčín;;Prievidza;nám.Slobody;OD PRIOR,CK JUKO;;48.771704;18.622794
13172;CLV;Trenčín;;Prievidza;nám.Slobody;OD PRIOR,CK JUKO;;48.771704;18.622794
13173;CLV;Trenčín;;Prievidza;S. Chalupku;vchod do mests.parku,pri AZ;;48.773111;18.600638
13174;CLV;Trenčín;;Prievidza;S. Chalupku;vchod do mests.parku,pri AZ;;48.773111;18.600638
13207;CLV;Trenčín;;Prievidza;Matice slovenskej;OC Rozvoj,gymnázium;;48.771698;18.62544
13208;CLV;Trenčín;;Prievidza;Matice slovenskej;OC Rozvoj,gymnázium;;48.771698;18.62544
13209;CLV;Trenčín;;Prievidza;Pribinovo nám.;pešia zóna,pri Farskom kostole;;48.772883;18.624392
13210;CLV;Trenčín;;Prievidza;Pribinovo nám.;pešia zóna,pri Farskom kostole;;48.772883;18.624392
13219;CLV;Trenčín;;Prievidza;M.R.Štefánika;pred mestskou knižnicou, oproti LIDLu;;48.770975;18.609411
13220;CLV;Trenčín;;Prievidza;M.R.Štefánika;pred mestskou knižnicou, oproti LIDLu;;48.770975;18.609411
13221;CLV;Trenčín;;Prievidza;F.Madvu;pred kultúrnym domom a divadlom SHANTI;;48.773563;18.607194
13222;CLV;Trenčín;;Prievidza;F.Madvu;pred kultúrnym domom a divadlom SHANTI;;48.773563;18.607194
23211;CLP;Trenčín;;Prievidza;M.R.Štefánika,smc-AZ;oproti hotelu Magura,P,vnk;;48.7719925;18.6050332
23212;CLP;Trenčín;;Prievidza;M.R.Štefánika,smc-AZ;oproti hotelu Magura,P,vnt;;48.7719925;18.6050332
23213;CLP;Trenčín;;Prievidza;M.R.Štefánika,smc-AZ;oproti hotelu Magura,Ľ,vnt;;48.7719925;18.6050332
23214;CLP;Trenčín;;Prievidza;M.R.Štefánika,smc-AZ;oproti hotelu Magura,Ľ,vnk;;48.7719925;18.6050332
23215;CLP;Trenčín;;Prievidza;Novackého-AZ;oproti COOP Jednota,Ľ,vnt;;48.7772164;18.6432716
23216;CLP;Trenčín;;Prievidza;Novackého-AZ;oproti COOP Jednota,Ľ,vnk;;48.7772164;18.6432716
23217;CLP;Trenčín;;Prievidza;Clementisa-AZ;sídlisko,park,Ľ,vnt oproti lesoparku;;48.7829308;18.6428147
23218;CLP;Trenčín;;Prievidza;Clementisa-AZ;sídlisko,park,Ľ,vnk oproti lesoparku;;48.7829308;18.6428147
23219;CLP;Trenčín;;Prievidza;Ľ.Ondrejova-AZ;OD COOP,obch.nám.,Ľ,vnt;;48.782412;18.6185137
23220;CLP;Trenčín;;Prievidza;Ľ.Ondrejova-AZ;OD COOP,obch.nám.,Ľ,vnk;;48.782412;18.6185137
23221;CLP;Trenčín;;Prievidza;M.R.Štefánika,sm Bojnice-AZ;bývalý bazár,Ľ,vnt;;48.7730594;18.6018456
23222;CLP;Trenčín;;Prievidza;M.R.Štefánika,sm Bojnice-AZ;bývalý bazár,Ľ,vnk;;48.7730594;18.6018456
23223;CLP;Trenčín;;Prievidza;M.R.Štefánika,smc-AZ;kino Baník,Ľ,vnt;;48.7710721;18.6089084
23224;CLP;Trenčín;;Prievidza;M.R.Štefánika,smc-AZ;kino Baník,Ľ,vnk;;48.7710721;18.6089084
23225;CLP;Trenčín;;Prievidza;G.Švéniho-AZ;Štátne lesy,Okres.súd,P,vnk;;48.7716907;18.6193231
23226;CLP;Trenčín;;Prievidza;G.Švéniho-AZ;Štátne lesy,Okres.súd,P,vnt;;48.7716907;18.6193231
23227;CLP;Trenčín;;Prievidza;G.Švéniho-AZ;Štátne lesy,Okres.súd,Ľ,vnt;;48.7716907;18.6193231
23228;CLP;Trenčín;;Prievidza;G.Švéniho-AZ;Štátne lesy,Okres.súd,Ľ,vnk;;48.7716907;18.6193231
23233;CLP;Trenčín;;Prievidza;Svätoplukova-AZ;A-klub,Ľ,vnt;;48.7725058;18.6085565
23234;CLP;Trenčín;;Prievidza;Svätoplukova-AZ;A-klub,Ľ,vnk;;48.7725058;18.6085565
23235;CLP;Trenčín;;Prievidza;nábr.sv.Cyrila-AZ;sídlisko,smc,Ľ,vnt;;48.7691533;18.6287427
23236;CLP;Trenčín;;Prievidza;nábr.sv.Cyrila-AZ;sídlisko,smc,Ľ,vnk;;48.7691533;18.6287427
23237;CLP;Trenčín;;Prievidza;Novackého-AZ;pri cintoríne,sm sídl.Sever,kopanice,Ľ,vnt;;48.7728438;18.6351467
23238;CLP;Trenčín;;Prievidza;Novackého-AZ;pri cintoríne,sm sídl.Sever,kopanice,Ľ,vnk;;48.7728438;18.6351467
23239;CLP;Trenčín;;Prievidza;Novackého-AZ;oproti cintorínu,smc,Ľ,vnt;;48.773009;18.6352543
23240;CLP;Trenčín;;Prievidza;Novackého-AZ;oproti cintorínu,smc,Ľ,vnk;;48.773009;18.6352543
23241;CLP;Trenčín;;Prievidza;Veľkonecpalská-AZ;pri CBA,Ľ,vnt;;48.7840151;18.6331158
23242;CLP;Trenčín;;Prievidza;Veľkonecpalská-AZ;pri CBA,Ľ,vnk;;48.7840151;18.6331158
23243;CLP;Trenčín;;Prievidza;Vansovej-AZ;Železničná stanica,SAD,P,vnk;;48.7737432;18.6166983
23244;CLP;Trenčín;;Prievidza;Vansovej-AZ;Železničná stanica,SAD,P,vnt;;48.7737432;18.6166983
23245;CLP;Trenčín;;Prievidza;Vansovej-AZ;Železničná stanica,SAD,Ľ,vnt;;48.7737432;18.6166983
23246;CLP;Trenčín;;Prievidza;Vansovej-AZ;Železničná stanica,SAD,Ľ,vnk;;48.7737432;18.6166983
23247;CLP;Trenčín;;Prievidza;Bojnická cesta-AZ;McDonald,ČS Shell,šport.hala,Ľ,vnt zimný štadion;;48.7766648;18.6028274
23248;CLP;Trenčín;;Prievidza;Bojnická cesta-AZ;McDonald, ČS Shell,šport.hala,Ľ,vnk zimný štadion;;48.7766648;18.6028274
23249;CLP;Trenčín;;Prievidza;Nábrežná-AZ;pri Kauflande,Ľ,vnt;;48.7768836;18.6072738
23250;CLP;Trenčín;;Prievidza;Nábrežná-AZ;pri Kauflande,Ľ,vnk;;48.7768836;18.6072738
23251;CLP;Trenčín;;Prievidza;Nábrežná-AZ;zimný štadión,Ľ,vnt OC Kinekus;;48.776706;18.6064048
23252;CLP;Trenčín;;Prievidza;Nábrežná-AZ;zimný štadión,Ľ,vnk OC Kinekus;;48.776706;18.6064048
23253;CLP;Trenčín;;Prievidza;Novackého-AZ;COOP Jednota,P,vnk;;48.7773108;18.6430161
23254;CLP;Trenčín;;Prievidza;Novackého-AZ;COOP Jednota,P,vnt;;48.7773108;18.6430161
23255;CLP;Trenčín;;Prievidza;Novackého-AZ;COOP Jednota,Z/vnt;;48.7773108;18.6430161
23256;CLP;Trenčín;;Prievidza;Novackého-AZ;COOP Jednota,Z/vnk;;48.7773108;18.6430161
23257;CLP;Trenčín;;Prievidza;Tolstého-AZ;smc,P,vnk;;48.7784174;18.6184303
23258;CLP;Trenčín;;Prievidza;Tolstého-AZ;smc,P,vnt;;48.7784174;18.6184303
23259;CLP;Trenčín;;Prievidza;Tolstého-AZ;smc,Z/vnt;;48.7784174;18.6184303
23260;CLP;Trenčín;;Prievidza;Tolstého-AZ;smc,Z/vnk;;48.7784174;18.6184303
23261;CLP;Trenčín;;Prievidza;Ľ.Ondrejova-AZ;oproti COOP-Marketu,P,vnk;;48.7819274;18.6187327
23262;CLP;Trenčín;;Prievidza;Ľ.Ondrejova-AZ;oproti COOP-Marketu,P,vnt;;48.7819274;18.6187327
23263;CLP;Trenčín;;Prievidza;Ľ.Ondrejova-AZ;oproti COOP-Marketu,Z/vnt;;48.7819274;18.6187327
23264;CLP;Trenčín;;Prievidza;S.Chalúpku-AZ;pri škole,Ľ,vnt;;48.7730007;18.6009237
23265;CLP;Trenčín;;Prievidza;S.Chalúpku-AZ;pri škole,Ľ,vnk;;48.7730007;18.6009237
23266;CLP;Trenčín;;Prievidza;Necpalská,sm centrum-AZ;Ľ,vnt;;48.7759644;18.6254934
23267;CLP;Trenčín;;Prievidza;Necpalská,sm centrum-AZ;Ľ,vnk;;48.7759644;18.6254934
23268;CLP;Trenčín;;Prievidza;M.R.Štefánika,sm Bojnice-AZ;pri hoteli Magura,P,vnk;;48.7723244;18.6048503
23269;CLP;Trenčín;;Prievidza;M.R.Štefánika,sm Bojnice-AZ;pri hoteli Magura,P,vnt;;48.7723244;18.6048503
23270;CLP;Trenčín;;Prievidza;M.R.Štefánika,sm Bojnice-AZ;pri hoteli Magura,Ľ,vnt;;48.7723244;18.6048503
23271;CLP;Trenčín;;Prievidza;M.R.Štefánika,sm Bojnice-AZ;pri hoteli Magura,Ľ,vnk;;48.7723244;18.6048503
23272;CLP;Trenčín;;Prievidza;Veľkonecpalská-AZ;"mäsovýrobňa ""U Borku"",Ľ,vnt";;48.7865759;18.6348724
23273;CLP;Trenčín;;Prievidza;Veľkonecpalská-AZ;"mäsovýrobňa ""U Borku"",Ľ,vnk";;48.7865759;18.6348724
23276;CLP;Trenčín;;Prievidza;Clementisa-AZ;lesopark,Ľ,vnt;;48.78317;18.6438581
23277;CLP;Trenčín;;Prievidza;Clementisa-AZ;lesopark,Ľ,vnk;;48.78317;18.6438581
23278;CLP;Trenčín;;Prievidza;Necpalská cesta-AZ;sm. Necpaly,P,vnk;;48.7761165;18.6258873
23279;CLP;Trenčín;;Prievidza;Necpalská cesta-AZ;sm. Necpaly,P,vnt;;48.7761165;18.6258873
23280;CLP;Trenčín;;Prievidza;Necpalská cesta-AZ;sm. Necpaly,Ľ,vnt;;48.7761566;18.6259159
23281;CLP;Trenčín;;Prievidza;Necpalská cesta-AZ;sm. Necpaly,Ľ,vnk;;48.7761566;18.6259159
23282;CLP;Trenčín;;Prievidza;J.Kráľa-AZ;pred križ s ul.Sama Chalupku,Ľ,vnt;;48.7705863;18.6004969
23283;CLP;Trenčín;;Prievidza;J.Kráľa-AZ;pred križ s ul.Sama Chalupku,Ľ,vnk;;48.7705863;18.6004969
23284;CLP;Trenčín;;Prievidza;Sama Chalupku-AZ;oproti 1.ZDŠ,Ľ,vnt;;48.7728163;18.60102
23285;CLP;Trenčín;;Prievidza;Sama Chalupku-AZ;oproti 1.ZDŠ,Ľ,vnk;;48.7728163;18.60102
23286;CLP;Trenčín;;Prievidza;Clementisa,sm centr-AZ;oproti OC Hektor, COOP Jednota,Ľ,vnt materská škola;;48.7801648;18.6466466
23287;CLP;Trenčín;;Prievidza;Clementisa,sm centr-AZ;oproti OC Hektor,COOP Jednota,Ľ,vnk materská škola;;48.7801648;18.6466466
23288;CLP;Trenčín;;Prievidza;Clementisa,sm lesopark-AZ;OC Hektor,reštaur,Ľ,vnt;;48.7796202;18.6465897
23289;CLP;Trenčín;;Prievidza;Clementisa,sm lesopark-AZ;OC Hektor,reštaur,Ľ,vnk;;48.7796202;18.6465897
23290;CLP;Trenčín;;Prievidza;P.O.Hviezdoslava-AZ;pri Farskom kostole,Ľ,vnt;;48.7732945;18.6248527
23291;CLP;Trenčín;;Prievidza;P.O.Hviezdoslava-AZ;pri Farskom kostole,Ľ,vnk;;48.7732945;18.6248527
23292;CLP;Trenčín;;Prievidza;Novackého-AZ;nad cintorínom,sm Lesný park,Ľ,vnt;;48.7754433;18.6407679
23293;CLP;Trenčín;;Prievidza;Novackého-AZ;nad cintorínom,sm Lesný park,Ľ,vnk;;48.7754433;18.6407679
23294;CLP;Trenčín;;Prievidza;Košovská cesta-AZ;oproti polícia,smc,P,vnk Nestlé;;48.7678447;18.6190987
23295;CLP;Trenčín;;Prievidza;Košovská cesta-AZ;oproti polícia,smc,P,vnt Nestlé;;48.7678447;18.6190987
23296;CLP;Trenčín;;Prievidza;Nábrežná-AZ;oproti Uni Klinike,Ľ,vnt;;48.7805062;18.6119295
23297;CLP;Trenčín;;Prievidza;Nábrežná-AZ;oproti Uni Klinike,Ľ,vnk;;48.7805062;18.6119295
23298;CLP;Trenčín;;Prievidza;Nábrežná-AZ;pri Uni Klinike,Ľ,vnt;;48.7804036;18.6109865
23299;CLP;Trenčín;;Prievidza;Nábrežná-AZ;pri Uni Klinike,Ľ,vnk;;48.7804036;18.6109865
16130;CLV;Banská Bystrica;;Rimavská Sobota;Jánošíkova;parkov pri Telecome;;48.382897;20.015817
16131;CLV;Banská Bystrica;;Rimavská Sobota;Jánošíkova;parkov pri Telecome;;48.382897;20.015817
16142;CLV;Banská Bystrica;;Rimavská Sobota;B.Bartóka;vjazd na peš.zónu,tržnica,pri križ s Malohontskou;;48.381768;20.0203
16143;CLV;Banská Bystrica;;Rimavská Sobota;B.Bartóka;vjazd na peš.zónu,tržnica,pri križ s Malohontskou;;48.381768;20.0203
16335;CLV;Banská Bystrica;;Rimavská Sobota;Železničná/SAD;SAD,nást.č.1;;48.383499;20.029159
16336;CLV;Banská Bystrica;;Rimavská Sobota;Železničná/SAD;SAD,nást.č.1;;48.383499;20.029159
16337;CLV;Banská Bystrica;;Rimavská Sobota;Železničná/SAD;SAD,nást.č.1;;48.383588;20.028993
16338;CLV;Banská Bystrica;;Rimavská Sobota;Železničná/SAD;SAD,nást.č.1;;48.383588;20.028993
16339;CLV;Banská Bystrica;;Rimavská Sobota;Železničná/SAD;SAD,nást.č.1;;48.383651;20.028875
16340;CLV;Banská Bystrica;;Rimavská Sobota;Železničná/SAD;SAD,nást.č.1;;48.383651;20.028875
16341;CLV;Banská Bystrica;;Rimavská Sobota;Železničná/SAD;SAD,nást.č.2;;48.383741;20.028685
16342;CLV;Banská Bystrica;;Rimavská Sobota;Železničná/SAD;SAD,nást.č.2;;48.383741;20.028685
16375;CLV;Banská Bystrica;;Rimavská Sobota;Cukrovarská;InterCora oproti NAY, sm NAY;;48.387522;20.00316
16376;CLV;Banská Bystrica;;Rimavská Sobota;Cukrovarská;InterCora oproti NAY, sm výjazd;;48.387522;20.00316
16377;CLV;Banská Bystrica;;Rimavská Sobota;Cukrovarská;InterCora oproti 101 Drogerie, sm k OC;;48.387839;20.002981
16378;CLV;Banská Bystrica;;Rimavská Sobota;Cukrovarská;InterCora oproti 101 Drogerie, sm výjazd;;48.387839;20.002981
15229;CLV;Žilina;;Ružomberok;Podhora/Majere;oproti OD Jednota;;49.08043;19.304945
15230;CLV;Žilina;;Ružomberok;Podhora/Majere;oproti OD Jednota;;49.08043;19.304945
15353;CLV;Žilina;;Ružomberok;Bystrická cesta;križovatka Bystrická/Žilinská cesta pri OC CityMarket;;49.077245;19.3172875
15354;CLV;Žilina;;Ružomberok;Bystrická cesta;križovatka Bystrická/Žilinská cesta pri OC CityMarket;;49.077245;19.3172875
15355;CLV;Žilina;;Ružomberok;Poľná/Bystrická cesta;križovatka Bystrická/Žilinská cesta pri OC CityMarket;;49.0770841;19.3167686
15356;CLV;Žilina;;Ružomberok;Poľná/Bystrická cesta;križovatka Bystrická/Žilinská cesta pri OC CityMarket;;49.0770841;19.3167686
15357;CLV;Žilina;;Ružomberok;Poľná/Bystrická cesta;pred OC City Market 1;;49.077193;19.316684
15358;CLV;Žilina;;Ružomberok;Poľná/Bystrická cesta;pred OC City Market 1;;49.077193;19.316684
15359;CLV;Žilina;;Ružomberok;Poľná/Bystrická cesta;pred OC City Market 2;;49.077307;19.316602
15360;CLV;Žilina;;Ružomberok;Poľná/Bystrická cesta;pred OC City Market 2;;49.077307;19.316602
25424;CLP_m;Žilina;;Ružomberok;Tatranská cesta-AZ;pred SCP-Mondi,P,vnk;;49.078679;19.332313
25425;CLP_m;Žilina;;Ružomberok;Tatranská cesta-AZ;pred SCP-Mondi,P,vnt;;49.078679;19.332313
12017;CLVc;Trnava;;Senica;Hviezdoslavova/Hurbanova;križov,knihkupectvo Valko;;48.681383;17.366909
12018;CLVc;Trnava;;Senica;Hviezdoslavova/Hurbanova;križov,knihkupectvo Valko;;48.681383;17.366909
12019;CLVc;Trnava;;Senica;Hviezdoslavova;pri OD Eurodome;;48.680873;17.366034
12020;CLVc;Trnava;;Senica;Hviezdoslavova;pri OD Eurodome;;48.680873;17.366034
12021;CLVc;Trnava;;Senica;Hviezdoslavova;pred supermarketom COOP;;48.680326;17.364762
12022;CLVc;Trnava;;Senica;Hviezdoslavova;pred supermarketom COOP;;48.680326;17.364762
12023;CLVc;Trnava;;Senica;Hurbanova;križov,pri OD Kocka LIDL;;48.682649;17.366625
12024;CLVc;Trnava;;Senica;Hurbanova;križov,pri OD Kocka LIDL;;48.682649;17.366625
12025;CLVc;Trnava;;Senica;Hurbanova/SAD;pri čakárni a nástupišti;;48.682866;17.366246
12026;CLVc;Trnava;;Senica;Hurbanova/SAD;pri čakárni a nástupišti;;48.682866;17.366246
12027;CLVc;Trnava;;Senica;Hurbanova/Továrenská;križov,pri OD Perla;;48.682396;17.367321
12028;CLVc;Trnava;;Senica;Hurbanova/Továrenská;križov,pri OD Perla;;48.682396;17.367321
12029;CLVc;Trnava;;Senica;Štefánikova;pred Ms.úradom;;48.681151;17.369896
12030;CLVc;Trnava;;Senica;Štefánikova;pred Ms.úradom;;48.681151;17.369896
12031;CLVc;Trnava;;Senica;Štefánikova;pri pizzerii Maldini,FaxCopy,OD;;48.681472;17.367943
12032;CLVc;Trnava;;Senica;Štefánikova;pri pizzerii Maldini,FaxCopy,OD;;48.681472;17.367943
12033;CLVc;Trnava;;Senica;Nám.oslobodenia;pred hotelom Branč,OD Eurodom;;48.680507;17.366855
12034;CLVc;Trnava;;Senica;Nám.oslobodenia;pred hotelom Branč,OD Eurodom;;48.680507;17.366855
12035;CLVc;Trnava;;Senica;Nám.oslobodenia;pri pošte,oproti kostol;;48.678797;17.367212
12036;CLVc;Trnava;;Senica;Nám.oslobodenia;pri pošte,oproti kostol;;48.678797;17.367212
18110;CLV;Košice;;Spišská Nová Ves;Elektrárenská;pri svetel.križ.s Letnou a Zimnou ul. PRIMA BANKA;;48.944903;20.563034
18111;CLV;Košice;;Spišská Nová Ves;Elektrárenská;pri svetel.križ.s Letnou a Zimnou ul. PRIMA BANKA;;48.944903;20.563034
18114;CLV;Košice;;Spišská Nová Ves;Štefánikovo námestie;nákup.centrum,lekáreň;;48.945304;20.562445
18115;CLV;Košice;;Spišská Nová Ves;Štefánikovo námestie;nákup.centrum,lekáreň;;48.945304;20.562445
18116;CLV;Košice;;Spišská Nová Ves;Štefánikovo nám.;Allianz,pošta,COOP Jednota;;48.946116;20.561195
18117;CLV;Košice;;Spišská Nová Ves;Štefánikovo nám.;Allianz,pošta,COOP jednota;;48.946116;20.561195
18118;CLV;Košice;;Spišská Nová Ves;Letná,centrum;pri dome č.37,ČSOB;;48.945123;20.565603
18119;CLV;Košice;;Spišská Nová Ves;Letná,centrum;pri dome č.37,ČSOB;;48.945123;20.565603
18120;CLV;Košice;;Spišská Nová Ves;Letná,centrum;pri dome č.33,VUB;;48.945201;20.565249
18121;CLV;Košice;;Spišská Nová Ves;Letná,centrum;pri dome č.33,VUB;;48.945201;20.565249
18122;CLV;Košice;;Spišská Nová Ves;Letná,centrum;pri dome č.33,VUB knižnica;;48.945292;20.564912
18123;CLV;Košice;;Spišská Nová Ves;Letná,centrum;pri dome č.33,VUB knižnica;;48.945292;20.564912
18124;CLV;Košice;;Spišská Nová Ves;Letná,centrum;pri dome č.30,lekáreň;;48.945312;20.564528
18125;CLV;Košice;;Spišská Nová Ves;Letná,centrum;pri dome č.30,lekáreň;;48.945312;20.564528
18126;CLV;Košice;;Spišská Nová Ves;Letná/Školská;pri dome č.26,lekáreň;;48.945398;20.564052
18127;CLV;Košice;;Spišská Nová Ves;Letná/Školská;pri dome č.26,lekáreň;;48.945398;20.564052
18202;CLV_p;Košice;;Spišská Nová Ves;Štefánikovo nám.;OD Jednota,Dom kultúry;;48.945468;20.56193
18203;CLV_p;Košice;;Spišská Nová Ves;Štefánikovo nám.;OD Jednota,Dom kultúry;;48.945468;20.56193
28000;CLP;Košice;;Spišská Nová Ves;Letná,začiatok nám.-AZ;centrum pri potravinách,P,vnk tržnica;;48.942797;20.573915
28001;CLP;Košice;;Spišská Nová Ves;Letná,začiatok nám.-AZ;centrum pri potravinách,P,vnt tržnica;;48.942808;20.573932
28002;CLP;Košice;;Spišská Nová Ves;Letná,začiatok nám.-AZ;centrum pri potravinách,Ľ,vnt tržnica;;48.942878;20.573961
28003;CLP;Košice;;Spišská Nová Ves;Letná,začiatok nám.-AZ;centrum pri potravinách,Ľ,vnk tržnica;;48.942879;20.573978
28004;CLP;Košice;;Spišská Nová Ves;Letná,oproti MÚ-AZ;centrum,P,vnk;;48.944532;20.567882
28005;CLP;Košice;;Spišská Nová Ves;Letná,oproti MÚ-AZ;centrum,P,vnt;;48.944532;20.567882
28006;CLP;Košice;;Spišská Nová Ves;Letná,oproti MÚ-AZ;centrum,Ľ,vnt;;48.944603;20.567911
28007;CLP;Košice;;Spišská Nová Ves;Letná,oproti MÚ-AZ;centrum,Ľ,vnk;;48.944603;20.567911
28072;CLP;Košice;;Spišská Nová Ves;Za Hornádom-AZ;pri šport.hale,P,vnk letné kúpalisko;;48.939024;20.56511
28073;CLP;Košice;;Spišská Nová Ves;Za Hornádom-AZ;pri šport.hale,P,vnt letné kúpalisko;;48.939024;20.56511
28096;CLP;Košice;;Spišská Nová Ves;Trieda 1.mája,sídl.Mier-AZ;pri škole,P,vnk;;48.945624;20.543987
28097;CLP;Košice;;Spišská Nová Ves;Trieda 1.mája,sídl.Mier-AZ;pri škole,P,vnt;;48.945624;20.543987
28098;CLP;Košice;;Spišská Nová Ves;Lipová,sídl.Tarča-AZ;pri garážach,Ľ,vnt;;48.934318;20.564169
28099;CLP;Košice;;Spišská Nová Ves;Lipová,sídl.Tarča-AZ;pri garážach,Ľ,vnk;;48.934318;20.564169
28112;CLP;Košice;;Spišská Nová Ves;Brezová,sídl.Tarča-AZ;oproti potraviny Jednota, zdravotné stredisko,Ľ,vnt;;48.933667;20.569791
28113;CLP;Košice;;Spišská Nová Ves;Brezová,sídl.Tarča-AZ;oproti potraviny Jednota, zdravotné stredisko,Ľ,vnk;;48.933667;20.569791
28116;CLP;Košice;;Spišská Nová Ves;Elektrárenská-AZ;supermarket COOP,P,vnk;;48.943354;20.56106
28117;CLP;Košice;;Spišská Nová Ves;Elektrárenská-AZ;supermarket COOP,P,vnt;;48.943354;20.56106
28118;CLP;Košice;;Spišská Nová Ves;Elektrárenská-AZ;supermarket COOP,Ľ,vnt;;48.943354;20.56106
28119;CLP;Košice;;Spišská Nová Ves;Elektrárenská-AZ;supermarket COOP,Ľ,vnk;;48.943354;20.56106
28120;CLP;Košice;;Spišská Nová Ves;Duklianska,sídl.Západ-AZ;základná škola,P,vnk LIDL;;48.953246;20.534918
28121;CLP;Košice;;Spišská Nová Ves;Duklianska,sídl.Západ-AZ;základná škola,P,vnt LIDL;;48.953246;20.534918
28122;CLP;Košice;;Spišská Nová Ves;Duklianska,sídl.Západ-AZ;základná škola,Ľ,vnt LIDL;;48.953246;20.534918
28123;CLP;Košice;;Spišská Nová Ves;Duklianska,sídl.Západ-AZ;základná škola,Ľ,vnk LIDL;;48.953246;20.534918
28164;CLP;Košice;;Spišská Nová Ves;Trieda 1.mája,sídl.Mier-AZ;oproti nákup.stredisku,Ľ,vnt;;48.943944;20.549583
28165;CLP;Košice;;Spišská Nová Ves;Trieda 1.mája,sídl.Mier-AZ;oproti nákup.stredisku,Ľ,vnk;;48.943944;20.549583
28166;CLP;Košice;;Spišská Nová Ves;Trieda 1.mája,sídl.Mier-AZ;pri Bezručovej,Ľ,vnt;;48.944537;20.547049
28167;CLP;Košice;;Spišská Nová Ves;Trieda 1.mája,sídl.Mier-AZ;pri Bezručovej,Ľ,vnk;;48.944537;20.547049
28168;CLP;Košice;;Spišská Nová Ves;Trieda 1.mája,sídl.Mier-AZ;oproti základ.škole,Ľ,vnt;;48.946232;20.542754
28169;CLP;Košice;;Spišská Nová Ves;Trieda 1.mája,sídl.Mier-AZ;oproti základ.škole,Ľ,vnk;;48.946232;20.542754
28170;CLP;Košice;;Spišská Nová Ves;Štúrovo nábr.,sídl.Mier-AZ;pri Jilemnického ul.,Ľ,vnt;;48.947979;20.544568
28171;CLP;Košice;;Spišská Nová Ves;Štúrovo nábr.,sídl.Mier-AZ;pri Jilemnického ul.,Ľ,vnk;;48.947979;20.544568
28172;CLP;Košice;;Spišská Nová Ves;Štúrovo nábr.,sídl.Mier-AZ;pri PNS a kine Mier,Ľ,vnt;;48.945195;20.549686
28173;CLP;Košice;;Spišská Nová Ves;Štúrovo nábr.,sídl.Mier-AZ;pri PNS a kine Mier,Ľ,vnk;;48.945195;20.549686
28174;CLP;Košice;;Spišská Nová Ves;J.Fabiniho-AZ;pri želez.stanici,PNS,Ľ,vnt Urad práce;;48.949774;20.560996
28175;CLP;Košice;;Spišská Nová Ves;J.Fabiniho-AZ;pri želez.stanici,PNS,Ľ,vnk Urad práce;;48.949774;20.560996
28176;CLP;Košice;;Spišská Nová Ves;Starosaská/Nad medzou-AZ;hotel Metropol,Lidl,Ľ,vnt;;48.946289;20.558304
28177;CLP;Košice;;Spišská Nová Ves;Starosaská/Nad medzou-AZ;hotel Metropol,Lidl,Ľ,vnk;;48.946289;20.558304
28178;CLP;Košice;;Spišská Nová Ves;Brezová/Topoľová,sídl.Tarča-AZ;hasičský zbor,Ľ,vnt;;48.935792;20.558082
28179;CLP;Košice;;Spišská Nová Ves;Brezová/Topoľová,sídl.Tarča-AZ;hasičský zbor,Ľ,vnk;;48.935792;20.558082
28180;CLP;Košice;;Spišská Nová Ves;Muráňska,Ferčekovce-AZ;rodinné domy,Ľ,vnt;;48.922205;20.54091
28181;CLP;Košice;;Spišská Nová Ves;Muráňska,Ferčekovce-AZ;rodinné domy,Ľ,vnk;;48.922205;20.54091
28182;CLP;Košice;;Spišská Nová Ves;Iljašovská-AZ;kostol,konečná bus,P,vnk;;48.95471;20.531562
28183;CLP;Košice;;Spišská Nová Ves;Iljašovská-AZ;kostol,konečná bus,P,vnt;;48.954723;20.531596
28184;CLP;Košice;;Spišská Nová Ves;Iljašovská-AZ;kostol,konečná bus,Ľ,vnt;;48.954702;20.53165
28185;CLP;Košice;;Spišská Nová Ves;Iljašovská-AZ;kostol,konečná bus,Ľ,vnk;;48.954702;20.53165
28318;CLP;Košice;;Spišská Nová Ves;Brezová,sídl.Tarča-AZ;pri Domove dôchodcov,Ľ,vnt;;48.934272;20.560591
28319;CLP;Košice;;Spišská Nová Ves;Brezová,sídl.Tarča-AZ;pri Domove dôchodcov,Ľ,vnk;;48.934272;20.560591
28314;CLPm;Prešov;;Spišský Štvrtok;Tatranská;Obecný úrad,pošta,smer Podlesok-Slov.raj Ľ vnt.;;49.003133;20.464708
28315;CLPm;Prešov;;Spišský Štvrtok;Tatranská;Obecný úrad,pošta,smer Levoča Ľ vnk.;;49.003133;20.464708
28316;CLPm;Prešov;;Spišský Štvrtok;Tatranská;Obecný úrad,pošta,smer Podlesok-Slov.raj Ľ vnt.;;49.003133;20.464708
28317;CLPm;Prešov;;Spišský Štvrtok;Tatranská;Obecný úrad,pošta,smer Levoča Ľ vnk.;;49.003175;20.464778
17362;CLV;Prešov;;Stropkov;Cintorínska;cukráreň, parkovisko nám. SNP;;49.202938;21.652679
17363;CLV;Prešov;;Stropkov;Cintorínska;cukráreň, parkovisko nám. SNP;;49.202938;21.652679
17342;CLV;Prešov;;Svit;Štúrova;oproti Bille;;49.057047;20.19956
17343;CLV;Prešov;;Svit;Štúrova;oproti Bille;;49.057047;20.19956
17344;CLV;Prešov;;Svit;Štúrova;nást. AS,1;;49.056978;20.200536
17345;CLV;Prešov;;Svit;Štúrova;nást. AS,1;;49.056978;20.200536
17346;CLV;Prešov;;Svit;Štúrova;nást. AS,2;;49.056989;20.200783
17347;CLV;Prešov;;Svit;Štúrova;nást. AS,2;;49.056989;20.200783
17348;CLV;Prešov;;Svit;Štúrova;pri pošte;;49.057119;20.204281
17349;CLV;Prešov;;Svit;Štúrova;pri pošte;;49.057119;20.204281
17350;CLV;Prešov;;Svit;Jilemnického;pri plavárni;;49.05639;20.21185
17351;CLV;Prešov;;Svit;Jilemnického;pri plavárni;;49.05639;20.21185
17352;CLV;Prešov;;Svit;Mierová;pri kultúrnom dome;;49.058711;20.204206
17353;CLV;Prešov;;Svit;Mierová;pri kultúrnom dome;;49.05871;20.204206
17354;CLV;Prešov;;Svit;Mierová;pri potravinách Sintra;;49.058781;20.203294
17355;CLV;Prešov;;Svit;Mierová;pri potravinách Sintra;;49.058781;20.203294
17356;CLV;Prešov;;Svit;námestie Baťu;pri polícii;;49.057997;20.203503
17357;CLV;Prešov;;Svit;námestie Baťu;pri polícii;;49.057997;20.203503
17358;CLV;Prešov;;Svit;Fraňa Kráľa;oproti zdravotnému stredisku;;49.056686;20.202831
17359;CLV;Prešov;;Svit;Fraňa Kráľa;oproti zdravotnému stredisku;;49.056686;20.202831
17360;CLV;Prešov;;Svit;Štúrova;pred poštou, VÚB;;49.057169;20.203986
17361;CLV;Prešov;;Svit;Štúrova;pred poštou, VÚB;;49.057169;20.203986
27442;CLPm;Prešov;;Svit;Mierová-AZ;pri križovatke s ul. SNP,Ľ,vnt;;49.058288;20.19871
27443;CLPm;Prešov;;Svit;Mierová-AZ;pri križovatke s ul. SNP,Ľ,vnk;;49.058288;20.19871
27444;CLP;Prešov;;Svit;Terasová-AZ;Ľ,vnt;;49.059408;20.170786
27445;CLP;Prešov;;Svit;Terasová-AZ;Ľ,vnk;;49.059408;20.170786
27446;CLP;Prešov;;Svit;Hlavná-AZ;I/18,sm Štrba,Ľ,vnt oproti mäsokombinátu;;49.057875;20.175461
27447;CLP;Prešov;;Svit;Hlavná-AZ;I/18,sm Štrba,Ľ,vnk oproti mäsokombinátu;;49.057875;20.175461
27448;CLP;Prešov;;Svit;Železničná-AZ;pri križovatke s I/18,Ľ,vnt;;49.058025;20.174875
27449;CLP;Prešov;;Svit;Železničná-AZ;pri križovatke s I/18,Ľ,vnk;;49.058025;20.174875
27450;CLP;Prešov;;Svit;Hlavná-AZ;cesta I/18,sm PP,Ľ,vnt k ul. Komenského;;49.060542;20.208572
27451;CLP;Prešov;;Svit;Hlavná-AZ;cesta I/18,sm PP,Ľ,vnk k ul. Komenského;;49.060542;20.208572
27452;CLP;Prešov;;Svit;Hlavná-AZ;cesta I/18,sm PP,pri Chemosvite,Ľ,vnt;;49.058483;20.183831
27453;CLP;Prešov;;Svit;Hlavná-AZ;cesta I/18,sm PP,pri Chemosvite,Ľ,vnk;;49.058483;20.183831
14305;CLV;Nitra;;Topoľčany;Pavla Országha Hviezdoslava;InterCora Pet Center, Dráčik, Pepco, Takko, Deichmann;;48.556195;18.179887
14306;CLV;Nitra;;Topoľčany;Pavla Országha Hviezdoslava;InterCora Pet Center, Dráčik, Pepco, Takko, Deichmann;;48.556195;18.179887
14307;CLV;Nitra;;Topoľčany;Pavla Országha Hviezdoslava;InterCora Pet Center, Dráčik, Pepco, Takko, Deichmann;;48.556138;18.180247
14308;CLV;Nitra;;Topoľčany;Pavla Országha Hviezdoslava;InterCora Pet Center, Dráčik, Pepco, Takko, Deichmann;;48.556138;18.180247
14309;CLV;Nitra;;Topoľčany;Pavla Országha Hviezdoslava;InterCora Pet Center, Dráčik, Pepco, Takko, Deichmann;;48.555749;18.180815
14310;CLV;Nitra;;Topoľčany;Pavla Országha Hviezdoslava;InterCora Pet Center, Dráčik, Pepco, Takko, Deichmann;;48.555749;18.180815
14311;CLV;Nitra;;Topoľčany;Čs. armády/Streďanská;InterCora - Jama DM drogerie, Sportisimo, KIK, kaviareň;;48.556265;18.176663
14312;CLV;Nitra;;Topoľčany;Čs. armády/Streďanská;InterCora - Jama DM drogerie, Sportisimo, KIK, kaviareň;;48.556265;18.176663
13030;CLV;Trenčín;;Trenčín;nám.SNP;oproti hotelu Elizabeth,park;;48.896339;18.0459028
13031;CLV;Trenčín;;Trenčín;nám.SNP;oproti hotelu Elizabeth,park;;48.896339;18.0459028
13032;CLV;Trenčín;;Trenčín;nám.SNP/Hodžova;pri Krajskej knižnici;;48.8968929;18.0461077
13033;CLV;Trenčín;;Trenčín;nám.SNP/Hodžova;pri Krajskej knižnici;;48.8968929;18.0461077
13034;CLV_p;Trenčín;;Trenčín;Palackého;pred COOP Jednota, oproti Tatra banke Piaristické gymnázium, parkovisko pri pešej zóne;;48.8957471;18.0407282
13035;CLV_p;Trenčín;;Trenčín;Palackého;pred COOP Jednota, oproti Tatra banke Piaristické gymnázium, parkovisko pri pešej zóne;;48.8957471;18.0407282
13036;CLV_p;Trenčín;;Trenčín;Palackého;pred Galax club, Piváreň šport klub Piaristické gymnázium, parkovisko pri pešej zóne;;48.895672;18.0403346
13037;CLV_p;Trenčín;;Trenčín;Palackého;pred Galax club, Piváreň šport klub Piaristické gymnázium, parkovisko pri pešej zóne;;48.895672;18.0403346
13038;CLV_p;Trenčín;;Trenčín;Palackého;pred Komunálnou poisť,piváreň Mamut,Double Star Piaristické gymnázium, parkovisko pri pešej zóne;;48.8955626;18.0399312
13039;CLV_p;Trenčín;;Trenčín;Palackého;pred Komunálnou poisť,piváreň Mamut,Double Star Piaristické gymnázium, parkovisko pri pešej zóne;;48.8955626;18.0399312
13040;CLV_p;Trenčín;;Trenčín;Palackého;pred Koala Tours Piaristické gymnázium, parkovisko pri pešej zóne;;48.8953567;18.0394374
13041;CLV_p;Trenčín;;Trenčín;Palackého;pred Koala Tours Piaristické gymnázium, parkovisko pri pešej zóne;;48.8953567;18.0394374
13052;CLV_p;Trenčín;;Trenčín;Mládežnícka;vstup na parkov.pred futb.štad.,plavárňou obchodná akadémia;;48.897561;18.046655
13053;CLV_p;Trenčín;;Trenčín;Mládežnícka;vstup na parkov.pred futb.štad.,plavárňou obchodná akadémia;;48.897561;18.046655
13054;CLV_p;Trenčín;;Trenčín;Kpt.Nálepku;sm zimný štadión,školské ihrisko;;48.89728;18.056922
13055;CLV_p;Trenčín;;Trenčín;Kpt.Nálepku;sm zimný štadión,školské ihrisko;;48.89728;18.056922
13060;CLV_p;Trenčín;;Trenčín;nám.SNP;hotel Elizabeth,VÚB;;48.896333;18.04449
13061;CLV_p;Trenčín;;Trenčín;nám.SNP;hotel Elizabeth,VÚB;;48.896333;18.04449
13064;CLV;Trenčín;;Trenčín;Duklianskych hrdinov;sídl.Kvetná,sm OD Lidl;;48.8996673;18.0253948
13065;CLV;Trenčín;;Trenčín;Duklianskych hrdinov;sídl.Kvetná,sm OD Lidl;;48.8996673;18.0253948
13066;CLV;Trenčín;;Trenčín;K výstavisku;parkov,pri potravinách;;48.8916175;18.0596714
13067;CLV;Trenčín;;Trenčín;K výstavisku;parkov,pri potravinách;;48.8916175;18.0596714
13068;CLV;Trenčín;;Trenčín;Železničná/SAD;parkov,železiarstvo;;48.895856;18.050427
13069;CLV;Trenčín;;Trenčín;Železničná/SAD;parkov,železiarstvo;;48.895856;18.050427
13070;CLV;Trenčín;;Trenčín;Legionárska;pri OD Perla,sm NsP základná škola;;48.880428;18.027295
13071;CLV;Trenčín;;Trenčín;Legionárska;pri OD Perla,sm NsP základná škola;;48.880428;18.027295
13072;CLV;Trenčín;;Trenčín;Zlatovská;za športovým areálom zákl.školy OC Úspech;;48.8969113;18.0269827
13073;CLV;Trenčín;;Trenčín;Zlatovská;za športovým areálom zákl.školy OC Úspech;;48.8969113;18.0269827
13074;CLV;Trenčín;;Trenčín;Považská;garáže,pri zimnom štadióne OC Magnus;;48.9005347;18.0584379
13075;CLV;Trenčín;;Trenčín;Považská;garáže,pri zimnom štadióne OC Magnus;;48.9005347;18.0584379
13076;CLV;Trenčín;;Trenčín;P.Bezruča;pri zákl.škole,sm penzión Formula LIDL;;48.875781;18.03407
13077;CLV;Trenčín;;Trenčín;P.Bezruča;pri zákl.škole,sm penzión Formula LIDL;;48.875781;18.03407
13085;CLV;Trenčín;;Trenčín;Duklianskych hrdinov;sídl.Kvetná,sm OD Lidl;;48.899594;18.027575
13086;CLV;Trenčín;;Trenčín;Duklianskych hrdinov;sídl.Kvetná,sm OD Lidl;;48.899594;18.027575
13091;CLV;Trenčín;;Trenčín;Duklianskych hrdinov;sídl.Kvetná,oproti OD Lidl;;48.8995451;18.0278895
13092;CLV;Trenčín;;Trenčín;Duklianskych hrdinov;sídl.Kvetná,oproti OD Lidl;;48.8995451;18.0278895
13093;CLV;Trenčín;;Trenčín;Železničná/SAD;parkov,kasárne;;48.895726;18.050647
13094;CLV;Trenčín;;Trenčín;Železničná/SAD;parkov,kasárne;;48.895726;18.050647
13103;CLV;Trenčín;;Trenčín;Palackého;parkov za hotelom Laugaritio;;48.893123;18.036971
13104;CLV;Trenčín;;Trenčín;Palackého;parkov za hotelom Laugaritio;;48.893123;18.036971
13105;CLV;Trenčín;;Trenčín;Palackého;parkov za hotelom Laugaritio;;48.8932977;18.03719
13106;CLV;Trenčín;;Trenčín;Palackého;parkov za hotelom Laugaritio;;48.8932977;18.03719
13107;CLV;Trenčín;;Trenčín;Rázusova;oproti Ekon.škole;;48.898233;18.050273
13108;CLV;Trenčín;;Trenčín;Rázusova;oproti Ekon.škole;;48.898233;18.050273
13109;CLV;Trenčín;;Trenčín;Rázusova;oproti vojsko;;48.898358;18.050711
13110;CLV;Trenčín;;Trenčín;Rázusova;oproti vojsko;;48.898358;18.050711
13124;CLV_p;Trenčín;;Trenčín;Hodžova;č.ul.59, MILK-AGRO Lidl, Gáboríkov štadión smer centrum;;48.896654;18.061752
13125;CLV_p;Trenčín;;Trenčín;Hodžova;č.ul.59, MILK-AGRO Lidl, Gáboríkov štadión smer centrum;;48.896654;18.061752
13126;CLV_p;Trenčín;;Trenčín;Hodžova;pri zim.štadióne Gáboríka,zákl.škola;;48.8969094;18.0587499
13127;CLV_p;Trenčín;;Trenčín;Hodžova;pri zim.štadióne Gáboríka,zákl.škola;;48.8969094;18.0587499
13128;CLV_p;Trenčín;;Trenčín;gen.Svobodu;oproti OC Južanka,SLSP;;48.8737957;18.045133
13129;CLV_p;Trenčín;;Trenčín;gen.Svobodu;oproti OC Južanka,SLSP;;48.8737957;18.045133
13130;CLV_p;Trenčín;;Trenčín;gen.Svobodu;pri OC Južanka,SLSP;;48.8743621;18.0465451
13131;CLV_p;Trenčín;;Trenčín;gen.Svobodu;pri OC Južanka,SLSP;;48.8743621;18.0465451
13132;CLV_p;Trenčín;;Trenčín;gen.Svobodu;pri Slov.sporiteľni,1 OC Južanka;;48.8735058;18.0438756
13133;CLV_p;Trenčín;;Trenčín;gen.Svobodu;pri Slov.sporiteľni,1 OC Južanka;;48.8735058;18.0438756
13134;CLV_p;Trenčín;;Trenčín;gen.Svobodu;pri Slov.sporiteľni,2 OC Južanka;;48.87326;18.0433008
13135;CLV_p;Trenčín;;Trenčín;gen.Svobodu;pri Slov.sporiteľni,2 OC Južanka;;48.87326;18.0433008
13223;CLV;Trenčín;;Trenčín;gen.Svobodu;smer centrum,OC Južanka;;48.874862;18.04901
13224;CLV;Trenčín;;Trenčín;gen.Svobodu;smer centrum,OC Južanka;;48.874862;18.04901
13227;CLV;Trenčín;;Trenčín;Vajanského;pešia zóna,OD PRIOR,ČSOB;;48.892965;18.038461
13228;CLV;Trenčín;;Trenčín;Vajanského;pešia zóna,OD PRIOR,ČSOB;;48.892965;18.038461
13229;CLV_p;Trenčín;;Trenčín;Hviezdoslavova;pešia zóna,KIK,Teta drogéria,sm.Štúr.nám.;;48.891681;18.038177
13230;CLV_p;Trenčín;;Trenčín;Hviezdoslavova;pešia zóna,KIK,Teta drogéria,sm.Braneckého;;48.891681;18.038177
13236;CLV;Trenčín;;Trenčín;Vajanského;pešia zóna,pred vchodom OD PRIOR,ČSOB,1;;48.893648;18.03853
13237;CLV;Trenčín;;Trenčín;Vajanského;pešia zóna,pred vchodom OD PRIOR,ČSOB,2;;48.893648;18.03853
13238;CLV;Trenčín;;Trenčín;Vajanského;pešia zóna,pred vchodom OD PRIOR,ČSOB,2;;48.893648;18.03853
13239;CLV;Trenčín;;Trenčín;Vajanského;pešia zóna,pred vchodom OD PRIOR,ČSOB,1;;48.893648;18.03853
13240;CLV;Trenčín;;Trenčín;Hviezdoslavova;pešia zóna,pred domom armády,smer centrum;;48.89193;18.03836
13241;CLV;Trenčín;;Trenčín;Hviezdoslavova;pešia zóna,pred domom armády,smer Braneckého;;48.89193;18.03836
13242;CLV;Trenčín;;Trenčín;Vajanského;vstup na pešiu zónu,OD Prior,smer centrum;;48.892599;18.037915
13243;CLV;Trenčín;;Trenčín;Vajanského;vstup na pešiu zónu,OD Prior,smer Braneckého;;48.892599;18.037915
13244;CLV;Trenčín;;Trenčín;Vajanského;vstup na pešiu zónu,OD Prior,smer centrum;;48.892419;18.037567
13245;CLV;Trenčín;;Trenčín;Vajanského;vstup na pešiu zónu,OD Prior,smer Braneckého;;48.892419;18.037567
13246;CLV;Trenčín;;Trenčín;Braneckého;pešia zóna, Koruna potraviny, vietnamské bistro, smer Hviezdoslavova;;48.89085;18.0373
13247;CLV;Trenčín;;Trenčín;Braneckého;pešia zóna, Koruna potraviny, vietnamské bistro, smer sídlisko Juh;;48.89085;18.0373
13248;CLV_p;Trenčín;;Trenčín;Rozmarínová;pešia zóna, gymnázium, smer Vajanského;;48.892136;18.0373076
13249;CLV_p;Trenčín;;Trenčín;Rozmarínová;pešia zóna, gymnázium, smer 1. mája;;48.892136;18.0373076
13250;CLP;Trenčín;;Trenčín;Nám. sv. Anny;Krajský súd,park,smer Legionárska,P,vnk.;;48.889609;18.036104
13251;CLP;Trenčín;;Trenčín;Nám. sv. Anny;Krajský súd,park,smer centrum,P,vnt.;;48.889609;18.036104
13252;CLV;Trenčín;;Trenčín;Braneckého;pekáreň,Dr.Max,záložňa,smer centrum;;48.89106;18.03754
13253;CLV;Trenčín;;Trenčín;Braneckého;pekáreň,Dr.Max,záložňa,smer nám.Sv.Anny;;48.89106;18.03754
23000;CLP;Trenčín;;Trenčín;Dlhé Hony,sm centrum-AZ;Coop Jednota,lekáreň,Ľ,vnt základná škola, materská škola;;48.8802628;18.0318457
23001;CLP;Trenčín;;Trenčín;Dlhé Hony,sm centrum-AZ;COOP Jednota,lekáreň,Ľ,vnk základná škola, materská škola;;48.8802628;18.0318457
23002;CLP;Trenčín;;Trenčín;Dlhé Hony,sm z centra-AZ;smer Sídlisko Juh,Ľ,vnt;;48.8799746;18.0319322
23003;CLP;Trenčín;;Trenčín;Dlhé Hony,sm z centra-AZ;smer Sídlisko Juh,Ľ,vnk;;48.8799746;18.0319322
23004;CLP;Trenčín;;Trenčín;Soblahovská-AZ;oproti cintorínu,Ľ,vnt LIDL, základná škola;;48.875567;18.03549
23005;CLP;Trenčín;;Trenčín;Soblahovská-AZ;oproti cintorínu,Ľ,vnk LIDL, základná škola;;48.875567;18.03549
23006;CLP;Trenčín;;Trenčín;Kubranská-AZ;Ľ,vnt;;48.8936878;18.070956
23007;CLP;Trenčín;;Trenčín;Kubranská-AZ;Ľ,vnk;;48.8936878;18.070956
23010;CLP;Trenčín;;Trenčín;Bratislavská-AZ;vstup do Trenčína,futb.štad.,Ľ,vnt priemyselný park;;48.8919299;18.0006159
23011;CLP;Trenčín;;Trenčín;Bratislavská-AZ;vstup do Trenčína,futb.štad.,Ľ,vnk priemyselný park;;48.8919299;18.0006159
23012;CLP;Trenčín;;Trenčín;Zlatovská-AZ;štadión OZETY,kúpalisko,Ľ,vnt;;48.894886;18.022204
23013;CLP;Trenčín;;Trenčín;Zlatovská-AZ;štadión OZETY,kúpalisko,Ľ,vnk;;48.894886;18.022204
23014;CLP;Trenčín;;Trenčín;Hodžova-AZ;pred ZŠ, Gáborikov štadión,Ľ,vnt LIDL, smer centrum;;48.8968774;18.059135
23015;CLP;Trenčín;;Trenčín;Hodžova-AZ;pred ZŠ,Gáborikov štadión,Ľ,vnk LIDL,smer centrum;;48.8968774;18.059135
23016;CLP;Trenčín;;Trenčín;Hodžova/Považská-AZ;autoservis,potraviny,kotolňa,Ľ,vnt LIDL;;48.896638;18.064382
23017;CLP;Trenčín;;Trenčín;Hodžova/Považská-AZ;autoservis,potraviny,kotolňa,Ľ,vnk LIDL;;48.896638;18.064382
23018;CLP;Trenčín;;Trenčín;Považská-AZ;zim.štadión DUKLA,Ľ,vnt;;48.900169;18.061416
23019;CLP;Trenčín;;Trenčín;Považská-AZ;zim.štadión DUKLA,Ľ,vnk;;48.900169;18.061416
23020;CLP;Trenčín;;Trenčín;Opatovská-AZ;COOP Jednota,kultúrny dom,P,vnt;;48.9137554;18.0929245
23021;CLP;Trenčín;;Trenčín;Opatovská-AZ;COPP Jednota,kultúrny dom,P,vnk;;48.9137554;18.0929245
23022;CLP;Trenčín;;Trenčín;Rázusova-AZ;oproti zimný štadión,lekáreň,Ľ,vnt;;48.8994408;18.0550756
23023;CLP;Trenčín;;Trenčín;Rázusova-AZ;oproti zimný štadión,lekáreň,Ľ,vnk;;48.8994408;18.0550756
23024;CLP;Trenčín;;Trenčín;M.R.Štefánika-AZ;vjazd na výstavisko,Unicredit,P,vnk OC MAX;;48.8921164;18.0594682
23025;CLP;Trenčín;;Trenčín;M.R.Štefánika-AZ;vjazd na výstavisko,Unicredit,P,vnt OC MAX;;48.8921164;18.0594682
23026;CLP;Trenčín;;Trenčín;M.R.Štefánika-AZ;vjazd na výstavisko,Unicredit,Ľ,vnt OC MAX;;48.8921164;18.0594682
23027;CLP;Trenčín;;Trenčín;M.R.Štefánika-AZ;vjazd na výstavisko,Unicredit,Ľ,vnk OC MAX;;48.8921164;18.0594682
23028;CLP;Trenčín;;Trenčín;Legionárska-AZ;Allianz,ČSOB,DÚ,P,vnk;;48.8864853;18.0341908
23029;CLP;Trenčín;;Trenčín;Legionárska-AZ;Allianz,ČSOB,DÚ,P,vnt;;48.8864853;18.0341908
23030;CLP;Trenčín;;Trenčín;Legionárska-AZ;Allianz,ČSOB,DÚ,Ľ,vnt;;48.8864853;18.0341908
23031;CLP;Trenčín;;Trenčín;Legionárska-AZ;Allianz,CSOB,DÚ,Ľ,vnk;;48.8864853;18.0341908
23032;CLP;Trenčín;;Trenčín;Soblahovská-AZ;pri cintoríne,Ľ,vnt LIDL, základná škola;;48.8775329;18.0350322
23033;CLP;Trenčín;;Trenčín;Soblahovská-AZ;pri cintoríne,Ľ,vnk LIDL, základná škola;;48.8775329;18.0350322
23034;CLP;Trenčín;;Trenčín;gen.Svobodu-AZ;OD Jednota,Ľ,vnt;;48.871678;18.0350933
23035;CLP;Trenčín;;Trenčín;gen.Svobodu-AZ;OD Jednota,Ľ,vnk;;48.871678;18.0350933
23036;CLP;Trenčín;;Trenčín;gen.Svobodu-AZ;oproti OD Jednota,Ľ,vnt;;48.8714081;18.0350777
23037;CLP;Trenčín;;Trenčín;gen.Svobodu-AZ;oproti OD Jednota,Ľ,vnk;;48.8714081;18.0350777
23038;CLP;Trenčín;;Trenčín;Bratislavská-AZ;Old Herold,P,vnk LIDL,ČS Shell;;48.8990936;18.0299668
23039;CLP;Trenčín;;Trenčín;Bratislavská-AZ;Old Herold,P,vnt LIDL,ČS Shell;;48.8990936;18.0299668
23040;CLP;Trenčín;;Trenčín;Bratislavská-AZ;Old Herold,Ľ,vnt LIDL,ČS Shell;;48.8990936;18.0299668
23041;CLP;Trenčín;;Trenčín;Bratislavská-AZ;Old Herold,Ľ,vnk LIDL,ČS Shell;;48.8990936;18.0299668
23042;CLP;Trenčín;;Trenčín;Bratislavská-AZ;Old Herold,Ľ,vnt LIDL,ČS Shell;;48.8991701;18.0299022
23043;CLP;Trenčín;;Trenčín;Bratislavská-AZ;Old Herold,Ľ,vnk LIDL,ČS Shell;;48.8991701;18.0299022
23044;CLP;Trenčín;;Trenčín;Hanzlíkovská,sm centrum-AZ;detský domov,Ľ,vnt;;48.902116;18.012959
23045;CLP;Trenčín;;Trenčín;Hanzlíkovská,sm centrum-AZ;detský domov,Ľ,vnk;;48.902116;18.012959
23048;CLP;Trenčín;;Trenčín;Hasičská-AZ;prieťah mestom,galéria,P,vnk hotel Elizabeth;;48.896213;18.040566
23049;CLP;Trenčín;;Trenčín;Hasičská-AZ;prieťah mestom,galéria,P,vnt hotel Elizabeth;;48.896213;18.040566
23050;CLP;Trenčín;;Trenčín;Hasičská-AZ;prieťah mestom,galéria,Ľ,vnt hotel Elizabeth;;48.896222;18.040722
23051;CLP;Trenčín;;Trenčín;Hasičská-AZ;prieťah mestom,galéria,Ľ,vnk hotel Elizabeth;;48.896222;18.040722
23052;CLP;Trenčín;;Trenčín;Hasičská-AZ;prieťah mestom,galéria,Ľ,vnt hotel Elizabeth;;48.896235;18.040946
23053;CLP;Trenčín;;Trenčín;Hasičská-AZ;prieťah mestom,galéria,Ľ,vnk hotel Elizabeth;;48.896235;18.040946
23054;CLP;Trenčín;;Trenčín;Bratislavská-AZ;autosalón Toyota,Ľ,vnt ČS Shell,žel.stanica Zlatovce;;48.8998916;18.0175204
23055;CLP;Trenčín;;Trenčín;Bratislavská-AZ;autosalón Toyota,Ľ,vnk ČS Shell,žel.stanica Zlatovce;;48.8998916;18.0175204
23056;CLP;Trenčín;;Trenčín;Električná-AZ;Štatistický úrad,Ľ,vnt Gymnázium,PRIOR;;48.8931736;18.0339513
23057;CLP;Trenčín;;Trenčín;Električná-AZ;Štatistický úrad,Ľ,vnk Gymnázium,PRIOR;;48.8931736;18.0339513
23060;CLP;Trenčín;;Trenčín;Inovecká/ZDROJ-AZ;sídlisko Dlhé Hony,Z/vnt;;48.8787768;18.0319126
23061;CLP;Trenčín;;Trenčín;Soblahovská-AZ;oproti Materskej škole,Ľ,vnt;;48.882028;18.034426
23062;CLP;Trenčín;;Trenčín;Soblahovská-AZ;oproti Materskej škole,Ľ,vnk;;48.882028;18.034426
23063;CLP;Trenčín;;Trenčín;Vlárska,OLD HEROLD FERM-AZ;pri Autokozmetike,Ľ,vnt;;48.9016702;18.0372836
23064;CLP;Trenčín;;Trenčín;Vlárska,OLD HEROLD FERM-AZ;pri Autokozmetike,Ľ,vnk;;48.9016702;18.0372836
23065;CLP;Trenčín;;Trenčín;Električná-AZ;Štatistický úrad,P,vnk Gymnázium,PRIOR;;48.8931278;18.0338608
23066;CLP;Trenčín;;Trenčín;Električná-AZ;Štatistický úrad,P,vnt Gymnázium,PRIOR;;48.8931278;18.0338608
23067;CLP;Trenčín;;Trenčín;Električná-AZ;Štatistický úrad,Ľ,vnt Gymnázium,PRIOR;;48.8931278;18.0338608
23068;CLP;Trenčín;;Trenčín;Električná-AZ;Štatistický úrad,Ľ,vnk Gymnázium,PRIOR;;48.8931278;18.0338608
23069;CLP;Trenčín;;Trenčín;M.R.Štefánika-AZ;pri OD Billa,P,vnk ČS Slovnaft;;48.894767;18.066108
23070;CLP;Trenčín;;Trenčín;M.R.Štefánika-AZ;pri OD Billa,P,vnt ČS Slovnaft;;48.894767;18.066108
23071;CLP;Trenčín;;Trenčín;M.R.Štefánika-AZ;pri OD Billa,Ľ,vnt ČS Slovnaft;;48.894787;18.066245
23072;CLP;Trenčín;;Trenčín;M.R.Štefánika-AZ;pri OD Billa,Ľ,vnk ČS Slovnaft;;48.894787;18.066245
23073;CLP;Trenčín;;Trenčín;Rozmarínová-AZ;pri gymnáziu Ľ.Štúra,Z/vnt/p PRIOR,ČSOB;;48.892418;18.036595
23074;CLP;Trenčín;;Trenčín;Rozmarínová-AZ;pri gymnáziu Ľ.Štúra,Z/vnt/ľ PRIOR,ČSOB;;48.89237;18.03674
23075;CLP;Trenčín;;Trenčín;Hasičská,sm BA-AZ;prieťah mestom,podchod,Z/vnt/p hotel Elizabeth;;48.8963618;18.0400789
23076;CLP;Trenčín;;Trenčín;Hasičská,sm BA-AZ;prieťah mestom,podchod,Z/vnt/ľ hotel Elizabeth;;48.8963618;18.0400789
23077;CLP;Trenčín;;Trenčín;Hasičská,sm BA-AZ;prieťah mestom,podchod,Z/vnt/p hotel Elizabeth;;48.8963267;18.039914
23078;CLP;Trenčín;;Trenčín;Hasičská,sm BA-AZ;prieťah mestom,podchod,Z/vnt/ľ hotel Elizabeth;;48.8963267;18.039914
23079;CLP;Trenčín;;Trenčín;Hasičská,sm ŽS-AZ;prieťah mestom,pri galérii,Z/vnt/p hotel Elizabeth;;48.896273;18.041526
23080;CLP;Trenčín;;Trenčín;Hasičská,sm ŽS-AZ;prieťah mestom,pri galérii,Z/vnt/ľ hotel Elizabeth;;48.896288;18.041594
23081;CLP;Trenčín;;Trenčín;Hasičská,sm ŽS-AZ;prieťah mestom,pri galérii,Z/vnt/p hotel Elizabeth;;48.896278;18.041804
23082;CLP;Trenčín;;Trenčín;Hasičská,sm ŽS-AZ;prieťah mestom,pri galérii,Z/vnt/ľ hotel Elizabeth;;48.896294;18.041889
23083;CLP;Trenčín;;Trenčín;Hasičská,sm ŽS-AZ;prieťah mestom,pri galérii,Z/vnt/p hotel Elizabeth;;48.896304;18.042061
23084;CLP;Trenčín;;Trenčín;Hasičská,sm ŽS-AZ;prieťah mestom,pri galérii,Z/vnt/ľ hotel Elizabeth;;48.896321;18.042146
23085;CLP;Trenčín;;Trenčín;Hasičská,sm ŽS-AZ;prieťah mestom,pri galérii,Z/vnt/p hotel Elizabeth;;48.896343;18.042334
23086;CLP;Trenčín;;Trenčín;Hasičská,sm ŽS-AZ;prieťah mestom,pri galérii,Z/vnt/ľ hotel Elizabeth;;48.896348;18.04242
23087;CLP;Trenčín;;Trenčín;Zlatovská-AZ;pri OC Úspech,Ľ,vnt základná škola;;48.896235;18.025292
23088;CLP;Trenčín;;Trenčín;Zlatovská-AZ;pri OC Úspech,Ľ,vnk základná škola;;48.896235;18.025292
23089;CLP;Trenčín;;Trenčín;Rázusova-AZ;pri Zim.štadióne Dukla,Ľ,vnt;;48.8997916;18.0554758
23090;CLP;Trenčín;;Trenčín;Rázusova-AZ;pri Zim.štadióne Dukla,Ľ,vnk;;48.8997916;18.0554758
23091;CLP;Trenčín;;Trenčín;Kubranská-AZ;pri ZŠ Kubra,Ľ,vnt materská škola;;48.8934011;18.0779265
23092;CLP;Trenčín;;Trenčín;Kubranská-AZ;pri ZŠ Kubra,Ľ,vnk materská škola;;48.8934011;18.0779265
23093;CLP;Trenčín;;Trenčín;M.R.Štefánika-AZ;kruh.objazd,oproti OC MAX,Kaufland,McDonald,Ľ,vnt;;48.8914378;18.0561564
23094;CLP;Trenčín;;Trenčín;M.R.Štefánika-AZ;kruh.objazd,oproti OC MAX,Kaufland,McDonald,Ľ,vnk;;48.8914378;18.0561564
23101;CLP;Trenčín;;Trenčín;Zlatovská-AZ;SAD,Honda,Z/vnt/p;;48.8934436;18.0186359
23102;CLP;Trenčín;;Trenčín;Zlatovská-AZ;SAD,Honda,Z/vnt/ľ;;48.8934436;18.0186359
23103;CLP;Trenčín;;Trenčín;Rázusova-AZ;pri Ekonomickej škole,Ľ,vnt;;48.8980013;18.0492048
23104;CLP;Trenčín;;Trenčín;Rázusova-AZ;pri Ekonomickej škole,Ľ,vnk;;48.8980013;18.0492048
23105;CLP;Trenčín;;Trenčín;Soblahovská-AZ;pri polyfunkč.objekte,Ľ,vnt;;48.8796546;18.034469
23106;CLP;Trenčín;;Trenčín;Soblahovská-AZ;pri polyfunkč.objekte,Ľ,vnk;;48.8796546;18.034469
23107;CLP;Trenčín;;Trenčín;Inovecká/Družstevná-AZ;križov,Ľ,vnt Kaufland;;48.876717;18.029511
23108;CLP;Trenčín;;Trenčín;Inovecká/Družstevná-AZ;križov,Ľ,vnk Kaufland;;48.876717;18.029511
23109;CLP;Trenčín;;Trenčín;Východná-AZ;pod kostolom,Ľ,vnt OC Južanka;;48.8704284;18.0423579
23110;CLP;Trenčín;;Trenčín;Východná-AZ;pod kostolom,Ľ,vnk OC Južanka;;48.8704284;18.0423579
23111;CLP;Trenčín;;Trenčín;Legionárska-AZ;pri nemocnici,sm sídl Juh,Ľ,vnt;;48.882748;18.0298655
23112;CLP;Trenčín;;Trenčín;Legionárska-AZ;pri nemocnici,sm sídl Juh,Ľ,vnk;;48.882748;18.0298655
23115;CLP;Trenčín;;Trenčín;Opatovská-AZ;UNI-CENTRUM,sm centr,Z/vnt/p;;48.8986856;18.073767
23116;CLP;Trenčín;;Trenčín;Opatovská-AZ;UNI-CENTRUM,sm centr,Z/vnt/ľ;;48.8986856;18.073767
23117;CLP;Trenčín;;Trenčín;Kubranská-AZ;pri materskej škole,Ľ,vnt základná škola;;48.8932664;18.0779808
23118;CLP;Trenčín;;Trenčín;Kubranská-AZ;pri materskej škole,Ľ,vnk základná škola;;48.8932664;18.0779808
23119;CLP;Trenčín;;Trenčín;M.R.Štefánika-AZ;pri predajni Renault,Z/vnt/p OC MAX;;48.892137;18.053346
23120;CLP;Trenčín;;Trenčín;M.R.Štefánika-AZ;pri predajni Renault,Z/vnt/ľ OC MAX;;48.892106;18.053402
23125;CLP;Trenčín;;Trenčín;Inovecká/ZDROJ-AZ;smc,P,vnk;;48.879162;18.032683
23126;CLP;Trenčín;;Trenčín;Inovecká/ZDROJ-AZ;smc,P,vnt;;48.879162;18.032683
23127;CLP;Trenčín;;Trenčín;Inovecká/ZDROJ-AZ;smc,Ľ,vnt;;48.879111;18.032794
23128;CLP;Trenčín;;Trenčín;Inovecká/ZDROJ-AZ;smc,Ľ,vnk;;48.879111;18.032794
23129;CLP;Trenčín;;Trenčín;Saratovská-AZ;tržnica,smc,Z/vnt/1 OC Južanka,cintorín;;48.8752901;18.0401211
23130;CLP;Trenčín;;Trenčín;Saratovská-AZ;tržnica,smc,Z/vnt/2 OC Južanka,cintorín;;48.8752901;18.0401211
23131;CLP;Trenčín;;Trenčín;Saratovská-AZ;tržnica,smc,Z/vnt/3 OC Južanka,cintorín;;48.8752901;18.0401211
23132;CLP;Trenčín;;Trenčín;Saratovská-AZ;tržnica,smc,Z/vnt/4 OC Južanka,cintorín;;48.8752901;18.0401211
23133;CLP;Trenčín;;Trenčín;Saratovská-AZ;tržnica,smc,Z/vnk/1 OC Južanka,cintorín;;48.8752901;18.0401211
23134;CLP;Trenčín;;Trenčín;Saratovská-AZ;tržnica,smc,Z/vnk/2 OC Južanka,cintorín;;48.8752901;18.0401211
23135;CLP;Trenčín;;Trenčín;Saratovská-AZ;tržnica,smc,Z/vnk/3 OC Južanka,cintorín;;48.8752901;18.0401211
23136;CLP;Trenčín;;Trenčín;Saratovská-AZ;tržnica,smc,Z/vnk/4 OC Južanka,cintorín;;48.8752901;18.0401211
23137;CLP;Trenčín;;Trenčín;Soblahovská-AZ;oproti ALES,Ľ,vnt;;48.8683285;18.0357529
23138;CLP;Trenčín;;Trenčín;Soblahovská-AZ;oproti ALES,Ľ,vnk;;48.8683285;18.0357529
23139;CLP;Trenčín;;Trenčín;Bratislavská-AZ;oproti OLD HEROLD,Z/vnt/p LIDL,ČS Shell;;48.899085;18.0296228
23140;CLP;Trenčín;;Trenčín;Bratislavská-AZ;oproti OLD HEROLD,Z/vnt/ľ LIDL,ČS Shell;;48.899085;18.0296228
23141;CLP;Trenčín;;Trenčín;Bratislavská-AZ;oproti OLD HEROLD,Z/vnk/p LIDL,ČS Shell;;48.899085;18.0296228
23142;CLP;Trenčín;;Trenčín;Bratislavská-AZ;oproti OLD HEROLD,Z/vnk/ľ LIDL,ČS Shell;;48.899085;18.0296228
23143;CLP;Trenčín;;Trenčín;Východná-AZ;pri OD OBI,Z/vnt/p Kaufland;;48.8747034;18.0283267
23144;CLP;Trenčín;;Trenčín;Východná-AZ;pri OD OBI,Z/vnt/ľ Kaufland;;48.8747034;18.0283267
23145;CLP;Trenčín;;Trenčín;Východná-AZ;pri OD OBI,Z/vnk/p Kaufland;;48.8747034;18.0283267
23146;CLP;Trenčín;;Trenčín;Východná-AZ;pri OD OBI,Z/vnk/ľ Kaufland;;48.8747034;18.0283267
23147;CLP;Trenčín;;Trenčín;Legionárska-AZ,smTrenč.Turná;pri križov.na Nozdrkovce,Ľ,vnt;;48.877297;18.022282
23148;CLP;Trenčín;;Trenčín;Legionárska-AZ,smTrenč.Turná;pri križov.na Nozdrkovce,Ľ,vnk;;48.877297;18.022282
23149;CLP;Trenčín;;Trenčín;Hodžova,sm Sihoť IV.-AZ;sm Opatovská cesta,Z/vnt/p LIDL;;48.8964706;18.0657833
23150;CLP;Trenčín;;Trenčín;Hodžova,sm Sihoť IV.-AZ;sm Opatovská cesta,Z/vnt/ľ LIDL;;48.8964706;18.0657833
23151;CLP;Trenčín;;Trenčín;Soblahovská-AZ;smer centrum,Ľ,vnt;;48.879572;18.034642
23152;CLP;Trenčín;;Trenčín;Soblahovská-AZ;smer centrum,Ľ,vnk;;48.879572;18.034642
23155;CLP;Trenčín;;Trenčín;Soblahovská-AZ;sm sídlisko,Ľ,vnt trhovisko;;48.882408;18.034038
23156;CLP;Trenčín;;Trenčín;Soblahovská-AZ;sm sídlisko,Ľ,vnk trhovisko;;48.8824;18.034038
23157;CLP;Trenčín;;Trenčín;Soblahovská-AZ;sm centrum,Ľ,vnt zmrzlina, nemocnica;;48.8843877;18.0340637
23158;CLP;Trenčín;;Trenčín;Soblahovská-AZ;sm centrum,Ľ,vnk zmrzlina, nemocnica;;48.8843877;18.0340637
23159;CLP;Trenčín;;Trenčín;Potočná-AZ;pri ZŠ,kostole,Z/vnt/p cintorín;;48.911903;18.09838
23160;CLP;Trenčín;;Trenčín;Potočná-AZ;pri ZŠ,kostole,Z/vnt/ľ cintorín;;48.9119;18.09838
23161;CLP;Trenčín;;Trenčín;Opatovská-AZ;Opatová-Horeblatie,Ľ,vnt von z centra;;48.9162656;18.0952409
23162;CLP;Trenčín;;Trenčín;Opatovská-AZ;Opatová-Horeblatie,Ľ,vnk von z centra;;48.9162656;18.0952409
23165;CLP;Trenčín;;Trenčín;Žilinská-AZ;pri penzióne Magnólia,Z/vnt/p sídlisko, von z mesta;;48.897647;18.07067
23166;CLP;Trenčín;;Trenčín;Žilinská-AZ;pri penzióne Magnólia,Z/vnt/ľ sídlisko, von z mesta;;48.897647;18.07067
23167;CLP;Trenčín;;Trenčín;Kubranská-AZ;smc,Z/vnt/p pneuservis,Billa,ČS;;48.893889;18.065502
23168;CLP;Trenčín;;Trenčín;Kubranská-AZ;smc,Z/vnt/ľ pneuservis,Billa,ČS;;48.893889;18.065502
23169;CLP;Trenčín;;Trenčín;Kubranská-AZ;smc,Z/vnk/p pneuservis,Billa,ČS;;48.893889;18.065502
23170;CLP;Trenčín;;Trenčín;Kubranská-AZ;smc,Z/vnk/ľ pneuservis,Billa,ČS;;48.893889;18.065502
23171;CLP;Trenčín;;Trenčín;Mládežnícka-CZ;pred mestskou ŠH,P,vnk futbalový štadion;;48.897921;18.047202
23172;CLP;Trenčín;;Trenčín;Mládežnícka-CZ;pred mestskou ŠH,P,vnt futbalový štadion;;48.897921;18.047202
23173;CLP;Trenčín;;Trenčín;Mládežnícka-CZ;pred mestskou ŠH,Ľ,vnt futbalový štadion;;48.897921;18.047202
23174;CLP;Trenčín;;Trenčín;Mládežnícka-CZ;pred mestskou ŠH,Ľ,vnk futbalový štadion;;48.897921;18.047202
23175;CLP;Trenčín;;Trenčín;Mládežnícka-CZ;pred plavárňou,P,vnk oproti futbalový štadion;;48.898188;18.043181
23176;CLP;Trenčín;;Trenčín;Mládežnícka-CZ;pred plavárňou,P,vnt oproti futbalový štadion;;48.898188;18.043181
23177;CLP;Trenčín;;Trenčín;Mládežnícka-CZ;pred plavárňou,Ľ,vnt oproti futbalový štadion;;48.898188;18.043181
23178;CLP;Trenčín;;Trenčín;Mládežnícka-CZ;pred plavárňou,Ľ,vnk oproti futbalový štadion;;48.898188;18.043181
23179;CLP;Trenčín;;Trenčín;28. októbra-CZ;pred trhoviskom Družba,P,vnk;;48.882728;18.032315
23180;CLP;Trenčín;;Trenčín;28. októbra-CZ;pred trhoviskom Družba,P,vnt;;48.882728;18.032315
23181;CLP;Trenčín;;Trenčín;28. októbra-CZ;pred trhoviskom Družba,Ľ,vnt;;48.882728;18.032315
23182;CLP;Trenčín;;Trenčín;28. októbra-CZ;pred trhoviskom Družba,Ľ,vnk;;48.882728;18.032315
23183;CLP;Trenčín;;Trenčín;M. Rázusa-CZ;pred ZUŠ,P,vnk park, reštaurácia;;48.896642;18.045376
23184;CLP;Trenčín;;Trenčín;M. Rázusa-CZ;pred ZUŠ,P,vnt park, reštaurácia;;48.896642;18.045376
23185;CLP;Trenčín;;Trenčín;M. Rázusa-CZ;pred ZUŠ,Ľ,vnt park, reštaurácia;;48.896642;18.045376
23186;CLP;Trenčín;;Trenčín;M. Rázusa-CZ;pred ZUŠ,Ľ,vnk park, reštaurácia;;48.896642;18.045376
23187;CLP;Trenčín;;Trenčín;Kasárenská-AZ;smer Záblatie,Z/vnt/p okrajová štvrť;;48.9040603;18.0270343
23188;CLP;Trenčín;;Trenčín;Kasárenská-AZ;smer Záblatie,Z/vnt/ľ okrajová štvrť;;48.9040603;18.0270343
23189;CLP;Trenčín;;Trenčín;Žilinská-AZ;smer Opatová,Z/vnt/p sídlisko, von z centra;;48.8982968;18.0729015
23190;CLP;Trenčín;;Trenčín;Žilinská-AZ;smer Opatová,Z/vnt/ľ sídlisko, von z centra;;48.8982968;18.0729015
23191;CLP;Trenčín;;Trenčín;Legionárska-AZ;Allianz,sm von z mesta,Ľ,vnt centrum;;48.886349;18.034103
23192;CLP;Trenčín;;Trenčín;Legionárska-AZ;Allianz,sm von z mesta,Ľ,vnk centrum;;48.886349;18.034103
23197;CLP;Trenčín;;Trenčín;Šoltésovej-CZ;pred OC Rozkvet,P,vnk pošta, pekáreň, reštaurácia;;48.899247;18.058639
23198;CLP;Trenčín;;Trenčín;Šoltésovej-CZ;pred OC Rozkvet,P,vnt pošta, pekáreň, reštaurácia;;48.899247;18.058639
23199;CLP;Trenčín;;Trenčín;Šoltésovej-CZ;pred OC Rozkvet,Ľ,vnt pošta, pekáreň, reštaurácia;;48.899247;18.058639
23200;CLP;Trenčín;;Trenčín;Šoltésovej-CZ;pred OC Rozkvet,Ľ,vnk pošta, pekáreň, reštaurácia;;48.899247;18.058639
23201;CLP;Trenčín;;Trenčín;Kubranská-AZ;Kubra, výpadovka na Dubnicu,Z/vnt/p auto predajňa Fiat, Iveco;;48.89898;18.085054
23202;CLP;Trenčín;;Trenčín;Kubranská-AZ;Kubra, výpadovka na Dubnicu,Z/vnt/ľ auto predajňa Fiat, Iveco;;48.89898;18.085054
23203;CLP;Trenčín;;Trenčín;Opatovská-AZ;smc,Z/vnt/p pred OC, reštaurácia, lekáreň, herňa, Radegast;;48.897206;18.068837
23204;CLP;Trenčín;;Trenčín;Opatovská-AZ;smc,Z/vnt/ľ pred OC, reštaurácia, lekáreň, herňa,Radegast;;48.897206;18.068837
23205;CLP;Trenčín;;Trenčín;Opatovská-AZ;smc,Z/vnk/p pred OC, reštaurácia, lekáreň, herňa;;48.897206;18.068837
23206;CLP;Trenčín;;Trenčín;Opatovská-AZ;smc,Z/vnk/ľ pred OC, reštaurácia, lekáreň, herňa;;48.897206;18.068837
23301;CLP;Trenčín;;Trenčín;Bratislavská - AZ;pri cintoríne,Z,P,vnt.;;48.891627;17.998938
23302;CLP;Trenčín;;Trenčín;Bratislavská - AZ;pri cintoríne,Z,Ľ,vnt.;;48.891627;17.998938
23303;CLP;Trenčín;;Trenčín;Na Kamenci-AZ;smer Istebník,BILLA,Ľ vnt;;48.904195;18.018391
23304;CLP;Trenčín;;Trenčín;Na Kamenci-AZ;smer Istebník,BILLA,Ľ vnk;;48.904195;18.018391
23305;CLP;Trenčín;;Trenčín;Karpatská - AZ;smer centrum,golf club,tenisové kurty,Ľ,vnt.;;48.8838;18.02291
23306;CLP;Trenčín;;Trenčín;Karpatská - AZ;smer centrum,golf club,tenisové kurty,Ľ,vnk.;;48.8838;18.02291
23307;CLP;Trenčín;;Trenčín;Soblahovská-AZ;smer centrum,nemocnica,Ľ,vnt;;48.884265;18.034058
23308;CLP;Trenčín;;Trenčín;Soblahovská-AZ;smer centrum, nemocnica, Ľ vnk;;48.884265;18.034058
12275;CLV;Trnava;;Trnava;Dohnányho;centr,pred Poštou 2, smer žel.stanica;;48.369241;17.585913
12276;CLV;Trnava;;Trnava;Dohnányho;centr,pred Poštou 2,pri podchode;;48.369241;17.585913
12285;CLV;Trnava;;Trnava;Dohnányho;centr,príchod k Pošte 2, smer žel.stanica;;48.369071;17.586019
12286;CLV;Trnava;;Trnava;Dohnányho;centr,príchod k Pošte 2;;48.369071;17.586019
15253;CLV;Žilina;;Turčianske Teplice;SNP;pešia zóna,pred PNS;;48.86273;18.859672
15254;CLV;Žilina;;Turčianske Teplice;SNP;pešia zóna,pred PNS;;48.86273;18.859672
15255;CLV;Žilina;;Turčianske Teplice;SNP;pešia zóna,pred OD Jednota;;48.862483;18.85977
15256;CLV;Žilina;;Turčianske Teplice;SNP;pešia zóna,pred OD Jednota;;48.862483;18.85977
15257;CLV;Žilina;;Turčianske Teplice;SNP;pešia zóna,medzi OD Jednota a MÚ;;48.862248;18.859868
15258;CLV;Žilina;;Turčianske Teplice;SNP;pešia zóna,medzi OD Jednota a MÚ;;48.862248;18.859868
15259;CLV;Žilina;;Turčianske Teplice;SNP;pešia zóna,pred MÚ;;48.861918;18.859907
15260;CLV;Žilina;;Turčianske Teplice;SNP;pešia zóna,pred MÚ;;48.861918;18.859907
15351;CLV;Žilina;;Turčianske Teplice;SNP;pešia zóna,pred MÚ pred hotelom Royal Palace, MsÚ;;48.8612813;18.8600634
15352;CLV;Žilina;;Turčianske Teplice;SNP;pešia zóna,pred MÚ pred hotelom Royal Palace, MsÚ;;48.8612814;18.8600635
25314;CLP;Žilina;;Turčianske Teplice;Hájska/Rakovce-AZ;pred VÚB,poisťovňa Allianz,P,vnk;;48.8638;18.861524
25315;CLP;Žilina;;Turčianske Teplice;Hájska/Rakovce-AZ;pred VÚB,poisťovňa Allianz,P,vnt;;48.8638;18.861524
25316;CLP;Žilina;;Turčianske Teplice;Hájska/Rakovce-AZ;pred VÚB,poisťovňa Allianz,Ľ,vnt;;48.863776;18.86151
25317;CLP;Žilina;;Turčianske Teplice;Hájska/Rakovce-AZ;pred VÚB,poisťovňa Allianz,Ľ,vnk;;48.863776;18.86151
25318;CLP;Žilina;;Turčianske Teplice;Hájska/Rakovce-AZ;pri Slov.sporiteľni,OD Billa,Ľ,vnt;;48.863841;18.861207
25319;CLP;Žilina;;Turčianske Teplice;Hájska/Rakovce-AZ;pri Slov.sporiteľni,OD Billa,Ľ,vnk;;48.863841;18.861207
25388;CLP;Žilina;;Turčianske Teplice;SNP-AZ;pri kostole,Ľ,vnt;;48.847444;18.862554
25389;CLP;Žilina;;Turčianske Teplice;SNP-AZ;pri kostole,Ľ,vnk;;48.847444;18.862554
25390;CLP;Žilina;;Turčianske Teplice;Hájska-AZ;pri VÚB,P,vnk SAD,ČSOB,Billa;;48.864016;18.860929
25391;CLP;Žilina;;Turčianske Teplice;Hájska-AZ;pri VÚB,P,vnt SAD,ČSOB,Billa;;48.864016;18.860929
25392;CLP;Žilina;;Turčianske Teplice;SNP-AZ;pri kostole,P,vnk;;48.883788;18.863289
25393;CLP;Žilina;;Turčianske Teplice;SNP-AZ;pri kostole,P,vnt;;48.883788;18.863289
25394;CLP;Žilina;;Turčianske Teplice;Školská-AZ;pred Základ.školou,Ľ,vnt;;48.857705;18.86294
25395;CLP;Žilina;;Turčianske Teplice;Školská-AZ;pred Základnou školou,Ľ,vnk;;48.8577;18.86294
25404;CLP;Žilina;;Turčianske Teplice;Hájska/Rakovce-AZ;pred VÚB,Allianz,Ľ,vnt nástupište AS;;48.8638;18.861524
25405;CLP;Žilina;;Turčianske Teplice;Hájska/Rakovce-AZ;pred VÚB,Allianz,Ľ,vnk nástupište AS;;48.8638;18.861524
16281;CLV;Banská Bystrica;;Veľký Krtíš;Nám.A.H.Škultétyho;pred kult.domom,pri vstupe do kina;;48.208465;19.351262
16282;CLV;Banská Bystrica;;Veľký Krtíš;Nám.A.H.Škultétyho;pred kult.domom,pri vstupe do kina;;48.208465;19.351262
16283;CLV;Banská Bystrica;;Veľký Krtíš;Nám.A.H.Škultétyho;pred kult.domom,smerom k ZŠ;;48.208648;19.35174
16284;CLV;Banská Bystrica;;Veľký Krtíš;Nám.A.H.Škultétyho;pred kult.domom,smerom k ZŠ;;48.208648;19.35174
16285;CLV;Banská Bystrica;;Veľký Krtíš;Nám.A.H.Škultétyho;park Fontána,smerom k pošte;;48.208366;19.350879
16286;CLV;Banská Bystrica;;Veľký Krtíš;Nám.A.H.Škultétyho;park Fontána,smerom k pošte;;48.208366;19.350879
16287;CLV;Banská Bystrica;;Veľký Krtíš;Nám.A.H.Škultétyho;park Fontána,smerom k Soc.poisťovni;;48.207881;19.350537
16288;CLV;Banská Bystrica;;Veľký Krtíš;Nám.A.H.Škultétyho;park Fontána,smerom k Soc.poisťovni;;48.207881;19.350537
16289;CLV;Banská Bystrica;;Veľký Krtíš;Nám.A.H.Škultétyho;park Fontána,pred Soc.poisťovňou;;48.208025;19.350676
16290;CLV;Banská Bystrica;;Veľký Krtíš;Nám.A.H.Škultétyho;park Fontána,pred Soc.poisťovňou;;48.208025;19.350676
16291;CLV;Banská Bystrica;;Veľký Krtíš;SNP;pred OD Jednota,oproti Soc.poisťovni;;48.2066992;19.3472313
16292;CLV;Banská Bystrica;;Veľký Krtíš;SNP;pred OD Jednota,oproti Soc.poisťovni;;48.2066992;19.3472313
16293;CLV;Banská Bystrica;;Veľký Krtíš;SNP;pred domom č.10,obchody;;48.209088;19.353029
16294;CLV;Banská Bystrica;;Veľký Krtíš;SNP;pred domom č.10,obchody;;48.209088;19.353029
16295;CLV;Banská Bystrica;;Veľký Krtíš;SNP/Mierová;pred domom č.1,oproti Okres.súd;;48.20876;19.352173
16296;CLV;Banská Bystrica;;Veľký Krtíš;SNP/Mierová;pred domom č.1,oproti Okres.súd;;48.20876;19.352173
16297;CLV;Banská Bystrica;;Veľký Krtíš;Nemocničná;pri DM-Drogerie,oproti NsP;;48.210689;19.352514
16298;CLV;Banská Bystrica;;Veľký Krtíš;Nemocničná;pri DM-Drogerie,oproti NsP;;48.210689;19.352514
16299;CLV;Banská Bystrica;;Veľký Krtíš;Banícka;oproti Elektrárňam,neďaleko SAD;;48.205274;19.349487
16300;CLV;Banská Bystrica;;Veľký Krtíš;Banícka;oproti Elektrárňam,neďaleko SAD;;48.205274;19.349487
16301;CLV;Banská Bystrica;;Veľký Krtíš;Banícka;na SAD;;48.205483;19.350749
16302;CLV;Banská Bystrica;;Veľký Krtíš;Banícka;na SAD;;48.205483;19.350749
16303;CLV;Banská Bystrica;;Veľký Krtíš;Lučenská/Venevská;pred OC Billa;;48.211931;19.346194
16304;CLV;Banská Bystrica;;Veľký Krtíš;Lučenská/Venevská;pred OC Billa;;48.211931;19.346194
16369;CLV;Banská Bystrica;;Veľký Krtíš;A.H.Škultétyho;InterCora pred objektom OKAY, sm výjazd, Kaufland;;48.206113;19.341765
16370;CLV;Banská Bystrica;;Veľký Krtíš;A.H.Škultétyho;InterCora pred objektom OKAY, sm OKAY,Kaufland;;48.206113;19.341765
16371;CLV;Banská Bystrica;;Veľký Krtíš;A.H.Škultétyho;InterCora pred DM drogériou 1, sm obchody,Kaufland;;48.206454;19.342419
16372;CLV;Banská Bystrica;;Veľký Krtíš;A.H.Škultétyho;InterCora pred DM drogériou 1, sm parkovisko,Kaufland;;48.206454;19.342419
16373;CLV;Banská Bystrica;;Veľký Krtíš;A.H.Škultétyho;InterCora pred DM drogériou 2, sm obchody,Kaufland;;48.20643;19.342345
16374;CLV;Banská Bystrica;;Veľký Krtíš;A.H.Škultétyho;InterCora pred DM drogériou 2, sm parkovisko,Kaufland;;48.20643;19.342345
16379;CLV;Banská Bystrica;;Veľký Krtíš;J.A.Komenského;"centrum mesta,Ľ pri ZŠ, oproti MÚ, potraviny ""SAMA""";;48.20896;19.34834
16380;CLV;Banská Bystrica;;Veľký Krtíš;J.A.Komenského;"centrum mesta pri ZŠ, oproti MÚ, potraviny ""SAMA""";;48.20896;19.34834
16381;CLV;Banská Bystrica;;Veľký Krtíš;Nám. A.H.Škultétyho;"centrum mesta nad kultúrnym domom, rešt.""KOALA"", OD Cyklošport";;48.208398;19.348109
16382;CLV;Banská Bystrica;;Veľký Krtíš;Nám. A.H.Škultétyho;"centrum mesta,Ľ nad kultúrnym domom, rešt.""KOALA"", OD Cyklošport";;48.208398;19.348109
16383;CLV;Banská Bystrica;;Veľký Krtíš;Trhovnícka;centrum mesta parkovisko pri MÚ 1,TU reality, Okná Slovaktual;;48.208803;19.34987
16384;CLV;Banská Bystrica;;Veľký Krtíš;Trhovnícka;centrum mesta, Ľ parkovisko pri MÚ 1,TU reality, Okná Slovaktual;;48.208803;19.34987
16385;CLV;Banská Bystrica;;Veľký Krtíš;Trhovnícka;centrum mesta parkovisko pri MÚ 2, reštaurácia Jakub, farby-laky;;48.209007;19.349695
16386;CLV;Banská Bystrica;;Veľký Krtíš;Trhovnícka;centrum mesta, Ľ parkovisko pri MÚ 2, reštaurácia Jakub, farby-laky;;48.209007;19.349695
26289;CLP;Banská Bystrica;;Veľký Krtíš;Lučenská-AZ;Stred, Sever,Ľ,vnt,1 Sever;;48.212253;19.346442
26290;CLP;Banská Bystrica;;Veľký Krtíš;Lučenská-AZ;Stred, Sever,Ľ,vnk,1 smer Lučenec;;48.212253;19.346442
26291;CLP;Banská Bystrica;;Veľký Krtíš;Lučenská-AZ;Stred, Sever,Ľ,vnt,2 Sever;;48.212275;19.346469
26292;CLP;Banská Bystrica;;Veľký Krtíš;Lučenská-AZ;Stred, Sever,Ľ,vnk,2 smer Lučenec;;48.212275;19.346469
26293;CLP;Banská Bystrica;;Veľký Krtíš;Lučenská-AZ;Stred, Sever,Ľ,vnt,3 Sever;;48.212261;19.346544
26294;CLP;Banská Bystrica;;Veľký Krtíš;Lučenská-AZ;Stred, Sever,Ľ,vnk,3 smer Lučenec;;48.212261;19.346544
26295;CLP;Banská Bystrica;;Veľký Krtíš;Lučenská-AZ;Stred, Juh,Billa,Ľ,vnt,1 sm Lučenec;;48.212008;19.345906
26296;CLP;Banská Bystrica;;Veľký Krtíš;Lučenská-AZ;Stred, Juh,Billa,Ľ,vnk,1 Lučenská;;48.212008;19.345906
26297;CLP;Banská Bystrica;;Veľký Krtíš;Lučenská-AZ;Stred, Juh,Billa,Ľ,vnt,2 sm Lučenec;;48.212008;19.345983
26298;CLP;Banská Bystrica;;Veľký Krtíš;Lučenská-AZ;Stred, Juh,Billa,Ľvnk,2 Lučenská;;48.212008;19.345983
26299;CLP;Banská Bystrica;;Veľký Krtíš;Lučenská-AZ;Stred, Juh,Billa,Ľ,vnt,3 sm Lučenec;;48.212014;19.346047
26300;CLP;Banská Bystrica;;Veľký Krtíš;Lučenská-AZ;Stred, Juh,Billa,Ľvnk,3 Lučenská;;48.212014;19.346047
26301;CLP;Banská Bystrica;;Veľký Krtíš;Novohradská-AZ;pri VUB,Ľ,vnt sm Lučenec;;48.210503;19.356386
26302;CLP;Banská Bystrica;;Veľký Krtíš;Novohradská-AZ;pri VUB,Ľvnk sm AS;;48.210503;19.356386
26303;CLP;Banská Bystrica;;Veľký Krtíš;Novohradská-AZ;oproti VUB,Ľ,vnt sm AS;;48.210008;19.355908
26304;CLP;Banská Bystrica;;Veľký Krtíš;Novohradská-AZ;oproti VUB,Ľ,vnk sm Lučenec;;48.210008;19.355908
16006;CLV;Banská Bystrica;;Zvolen;nám.Slobody;oproti MÚ, pri parkovisku;;48.5784492;19.1242116
16007;CLV;Banská Bystrica;;Zvolen;nám.Slobody;oproti MÚ, pri parkovisku;;48.5784492;19.1242116
16012;CLV;Banská Bystrica;;Zvolen;Sládkovičova;pred ST na pešej zóne;;48.575233;19.1283254
16013;CLV;Banská Bystrica;;Zvolen;Sládkovičova;pred ST na pešej zóne;;48.575233;19.1283254
16016;CLV;Banská Bystrica;;Zvolen;T.G.Masaryka/SAD;areál SAD,potraviny;;48.5714009;19.119708
16017;CLV;Banská Bystrica;;Zvolen;T.G.Masaryka/SAD;areál SAD,potraviny;;48.5714009;19.119708
16104;CLV;Banská Bystrica;;Zvolen;T.G.Masaryka;centr,kaviareň Živena,sm ŽSR;;48.5737916;19.1260693
16105;CLV;Banská Bystrica;;Zvolen;T.G.Masaryka;centr,kaviareň Živena,sm ŽSR;;48.5737916;19.1260693
16106;CLV;Banská Bystrica;;Zvolen;Zvolenský zámok/hotel Poľana;pri parkovisku hotela Poľana;;48.5739637;19.1270093
16107;CLV;Banská Bystrica;;Zvolen;Zvolenský zámok/hotel Poľana;pri parkovisku hotela Poľana;;48.5739637;19.1270093
16108;CLV;Banská Bystrica;;Zvolen;OD PRIOR/parkov pri pešej zóne;PRIOR,Dom služieb,cukráreň,1;;48.5766541;19.1272007
16109;CLV;Banská Bystrica;;Zvolen;OD PRIOR/parkov pri pešej zóne;PRIOR,Dom služieb,cukráreň,1;;48.5766541;19.1272007
16110;CLV;Banská Bystrica;;Zvolen;OD PRIOR/parkov pri pešej zóne;PRIOR,Dom služieb,cukráreň,2;;48.57664;19.1274063
16111;CLV;Banská Bystrica;;Zvolen;OD PRIOR/parkov pri pešej zóne;PRIOR,Dom služieb,cukráreň,2;;48.57664;19.1274063
16112;CLV;Banská Bystrica;;Zvolen;Kozačekova/Tatrabanka;centr,ZŠ,SEZ,poisť.UNION;;48.5761019;19.1288083
16113;CLV;Banská Bystrica;;Zvolen;Kozačekova/Tatrabanka;centr,SZŠ,SEZ,poisť.UNION;;48.5761019;19.1288083
16114;CLV;Banská Bystrica;;Zvolen;Kozačekova/Dom služieb;centr,rešt./pasáž Centrum,1;;48.5764731;19.1287578
16115;CLV;Banská Bystrica;;Zvolen;Kozačekova/Dom služieb;centr,rešt./pasáž Centrum,1;;48.5764731;19.1287578
16116;CLV;Banská Bystrica;;Zvolen;Kozačekova/Dom služieb;centr,rešt./pasáž Centrum,2;;48.5767195;19.1287229
16117;CLV;Banská Bystrica;;Zvolen;Kozačekova/Dom služieb;centr,rešt./pasáž Centrum,2;;48.5767195;19.1287229
16118;CLV;Banská Bystrica;;Zvolen;Trhová;centr,pešia zóna,Okres.súd,tržnica,Terno;;48.5774543;19.1284214
16119;CLV;Banská Bystrica;;Zvolen;Trhová;centr,pešia zóna,Okres.súd,tržnica,Terno;;48.5774543;19.1284214
16120;CLV;Banská Bystrica;;Zvolen;Kozačekova/za rešt.Centrum;centr,pešia zóna,rešt/pasáž Centrum,Terno,tržnica;;48.5774902;19.1293363
16121;CLV;Banská Bystrica;;Zvolen;Kozačekova/za rešt.Centrum;centr,pešia zóna,rešt/pasáž Centrum,Terno,tržnica;;48.5774902;19.1293363
16122;CLV;Banská Bystrica;;Zvolen;V.P.Tótha;Europa Shopping center,Unicredit bank,poisť.Allianz;;48.580254;19.1266609
16123;CLV;Banská Bystrica;;Zvolen;V.P.Tótha;Europa Shopping center,Unicredit bank,poisť.Allianz;;48.580254;19.1266609
16218;CLV;Banská Bystrica;;Zvolen;T.G.Masaryka/SAD;príj.od centra,1;;48.5715085;19.1213684
16219;CLV;Banská Bystrica;;Zvolen;T.G.Masaryka/SAD;príj.do centra,1;;48.5715085;19.1213684
16228;CLV;Banská Bystrica;;Zvolen;T.G.Masaryka/SAD;bufet;;48.5708007;19.1195523
16229;CLV;Banská Bystrica;;Zvolen;T.G.Masaryka/SAD;bufet;;48.5708007;19.1195523
16230;CLV;Banská Bystrica;;Zvolen;T.G.Masaryka/SAD;stánok PNS;;48.5709343;19.1202035
16231;CLV;Banská Bystrica;;Zvolen;T.G.Masaryka/SAD;stánok PNS;;48.5709343;19.1202035
16232;CLV;Banská Bystrica;;Zvolen;T.G.Masaryka/SAD;chodník,sm TechUniverzita;;48.5713571;19.1200588
16233;CLV;Banská Bystrica;;Zvolen;T.G.Masaryka/SAD;chodník,smer Technická Univerzita;;48.5713571;19.1200588
16254;CLV;Banská Bystrica;;Zvolen;budova SAD;pri vstupe od ŽSR,1;;48.57092;19.12025
16255;CLV;Banská Bystrica;;Zvolen;budova SAD;pri vstupe od ŽSR,2;;48.570999;19.120178
16256;CLV;Banská Bystrica;;Zvolen;budova SAD;pri vstupe od výstupišťa bus,1;;48.570962;19.119907
16257;CLV;Banská Bystrica;;Zvolen;budova SAD;pri vstupe od výstupišťa bus,2;;48.570908;19.119982
16267;CLV;Banská Bystrica;;Zvolen;T.G.Masaryka/SAD;prechod od budovy k nástupištiam,1;;48.571029;19.119544
16268;CLV;Banská Bystrica;;Zvolen;T.G.Masaryka/SAD;prechod od budovy k nástupištiam,1;;48.571029;19.119544
16269;CLV;Banská Bystrica;;Zvolen;T.G.Masaryka/SAD;prechod od budovy k nástupištiam,2;;48.571055;19.119616
16270;CLV;Banská Bystrica;;Zvolen;T.G.Masaryka/SAD;prechod od budovy k nástupištiam,2;;48.571055;19.119616
16271;CLV;Banská Bystrica;;Zvolen;T.G.Masaryka/SAD;pri nástupišti č.16;;48.571257;19.119437
16272;CLV;Banská Bystrica;;Zvolen;T.G.Masaryka/SAD;pri nástupišti č.16;;48.571257;19.119437
16273;CLV;Banská Bystrica;;Zvolen;T.G.Masaryka/SAD;pri nástupišti č.10;;48.571351;19.119332
16274;CLV;Banská Bystrica;;Zvolen;T.G.Masaryka/SAD;pri nástupišti č.10;;48.571351;19.119332
16275;CLV;Banská Bystrica;;Zvolen;T.G.Masaryka/SAD;pri nástupišti č.20;;48.570548;19.118152
16276;CLV;Banská Bystrica;;Zvolen;T.G.Masaryka/SAD;pri nástupišti č.20;;48.570548;19.118152
16277;CLV;Banská Bystrica;;Zvolen;T.G.Masaryka/SAD;pri nástupišti č.11;;48.570737;19.118162
16278;CLV;Banská Bystrica;;Zvolen;T.G.Masaryka/SAD;pri nástupišti č.11;;48.570737;19.118162
16279;CLV;Banská Bystrica;;Zvolen;T.G.Masaryka/SAD;pri nástupišti č.5;;48.570878;19.118203
16280;CLV;Banská Bystrica;;Zvolen;T.G.Masaryka/SAD;pri nástupišti č.5;;48.570878;19.118203
16387;CLV;Banská Bystrica;;Zvolen;T.G.Masaryka/SAD;príj.od centra, 2;;48.570923;19.120557
16388;CLV;Banská Bystrica;;Zvolen;T.G.Masaryka/SAD;príj.do centra, 2;;48.570923;19.120557
26225;CLP;Banská Bystrica;;Zvolen;Štúrova-AZ;P,vnk v blízkosti pešej zóny;;48.576677;19.125008
26226;CLP;Banská Bystrica;;Zvolen;Štúrova-AZ;P,vnt v blízkosti pešej zóny;;48.576677;19.125008
26227;CLP;Banská Bystrica;;Zvolen;Štúrova-AZ;Ľ,vnt v blízkosti pešej zóny;;48.5766846;19.1248772
26228;CLP;Banská Bystrica;;Zvolen;Štúrova-AZ;Ľ,vnk v blízkosti pešej zóny;;48.5766846;19.1248772
26229;CLP;Banská Bystrica;;Zvolen;Štúrova-AZ;Ľ,vnt v blízkosti pešej zóny;;48.5766738;19.1247498
26230;CLP;Banská Bystrica;;Zvolen;Štúrova-AZ;Ľ,vnk v blízkosti pešej zóny;;48.5766738;19.1247498
26231;CLP;Banská Bystrica;;Zvolen;T.G.Masaryka-AZ;Ľ,vnt,1 ŽSR;;48.5706694;19.1207876
26232;CLP;Banská Bystrica;;Zvolen;T.G.Masaryka-AZ;Ľ,vnk,1 ŽSR;;48.5706694;19.1207876
26233;CLP;Banská Bystrica;;Zvolen;T.G.Masaryka-AZ;Ľ,vnt,2 ŽSR;;48.570821;19.1211237
26234;CLP;Banská Bystrica;;Zvolen;T.G.Masaryka-AZ;Ľ,vnk,2 ŽSR;;48.570821;19.1211237
26235;CLP;Banská Bystrica;;Zvolen;T.G.Masaryka-AZ;Ľ,vnt,3 ŽSR;;48.5709755;19.1214582
26236;CLP;Banská Bystrica;;Zvolen;T.G.Masaryka-AZ;Ľ,vnk,3 ŽSR;;48.5709755;19.1214582
26237;CLP;Banská Bystrica;;Zvolen;T.G.Masaryka-AZ;P,vnk ŽSR,AS,Lidl;;48.5706707;19.1198638
26238;CLP;Banská Bystrica;;Zvolen;T.G.Masaryka-AZ;P,vnt ŽSR,AS,Lidl;;48.5706707;19.1198638
26239;CLP;Banská Bystrica;;Zvolen;T.G.Masaryka-AZ;Ľ,vnt ŽSR,AS,Lidl;;48.5706707;19.1198638
26240;CLP;Banská Bystrica;;Zvolen;T.G.Masaryka-AZ;Ľ,vnk ŽSR,AS,Lidl;;48.5706707;19.1198638
26247;CLP;Banská Bystrica;;Zvolen;T.G.Masaryka-AZ;pred areálom SAD,smc,Ľ,vnt oproti Kauflandu;;48.5700993;19.111828
26248;CLP;Banská Bystrica;;Zvolen;T.G.Masaryka-AZ;pred areálom SAD,smc,Ľ,vnk oproti Kauflandu;;48.5700993;19.111828
26249;CLP;Banská Bystrica;;Zvolen;A.Hlinku-AZ;konečná aut.zast.,Ľ,vnt sídlisko Zlatý potok;;48.5841975;19.1456245
26250;CLP;Banská Bystrica;;Zvolen;A.Hlinku-AZ;konečná aut.zast.,Ľ,vnk sídlisko Zlatý potok;;48.5841975;19.1456245
26251;CLP;Banská Bystrica;;Zvolen;Okružná-AZ;konečná aut.zast.,Ľ,vnt sídlisko Sekier,priehrada,domov dôchodcov;;48.5611702;19.1602318
26252;CLP;Banská Bystrica;;Zvolen;Okružná-AZ;konečná aut.zast.,Ľ,vnk sídlisko Sekier,priehrada,domov dôchodcov;;48.5611702;19.1602318
26253;CLP;Banská Bystrica;;Zvolen;Lučenecká-AZ;na ceste I/50,sm BA,Ľ,vnt oproti ČS Shell, futb. štadiónu;;48.5674227;19.1424268
26254;CLP;Banská Bystrica;;Zvolen;Lučenecká-AZ;na ceste I/50,sm BA,Ľ,vnk oproti ČS Shell, futb. štadiónu;;48.5674227;19.1424268
26255;CLP;Banská Bystrica;;Zvolen;Lučenecká-AZ;na ceste I/50,sm KE,Ľ,vnt za ČS Shell;;48.5673096;19.1438709
26256;CLP;Banská Bystrica;;Zvolen;Lučenecká-AZ;na ceste I/50,sm KE,Ľ,vnk za ČS Shell;;48.5673096;19.1438709
26275;CLP;Banská Bystrica;;Zvolen;A. Hlinku 1-AZ;sídlisko Zlatý potok,Ľ,vnt pod cintorínom;;48.5818108;19.1446175
26276;CLP;Banská Bystrica;;Zvolen;A. Hlinku 1-AZ;sídlisko Zlatý potok,Ľ,vnk pod cintorínom;;48.5818108;19.1446175
26277;CLP;Banská Bystrica;;Zvolen;A. Hlinku 2-AZ;sídlisko Zlatý potok,Ľ,vnt pod cintorínom;;48.5817031;19.1446214
26278;CLP;Banská Bystrica;;Zvolen;A. Hlinku 2-AZ;sídlisko Zlatý potok,Ľ,vnk pod cintorínom;;48.5817031;19.1446214
26279;CLP;Banská Bystrica;;Zvolen;Ferienčíka-AZ;pri poliklinike,Ľ,vnt;;48.580073;19.1346195
26280;CLP;Banská Bystrica;;Zvolen;Ferienčíka-AZ;pri poliklinike,Ľ,vnk;;48.580073;19.1346195
26281;CLP;Banská Bystrica;;Zvolen;Okružná-AZ;smc,Ľ,vnt sídlisko Sekier;;48.5612466;19.1459937
26282;CLP;Banská Bystrica;;Zvolen;Okružná-AZ;smc,Ľ,vnk sídlisko Sekier;;48.5612466;19.1459937
26311;CLP;Banská Bystrica;Zvolen;Zvolen;Strážska cesta-AZ;sídl. Západ, oproti OD Lidl,Ľ,vnt,smc;;48.5827253;19.1117979
26312;CLP;Banská Bystrica;Zvolen;Zvolen;Strážska cesta-AZ;sídl. Západ, oproti OD Lidl,Ľ,vnk;;48.5827253;19.1117979
16343;CLV;Banská Bystrica;;Zvolen-Kováčová;Kúpeľná;pred OÚ,oproti OD Jednota,1 pizzeria, pohostinstvo;;48.601338;19.104849
16344;CLV;Banská Bystrica;;Zvolen-Kováčová;Kúpeľná;pred OÚ,oproti OD Jednota,1 pizzeria, pohostinstvo;;48.601338;19.104849
16345;CLV;Banská Bystrica;;Zvolen-Kováčová;Kúpeľná;pred OÚ,oproti OD Jednota,2 pizzeria, pohostinstvo;;48.601381;19.10479
16346;CLV;Banská Bystrica;;Zvolen-Kováčová;Kúpeľná;pred OÚ,oproti OD Jednota,2 pizzeria, pohostinstvo;;48.601381;19.10479
26285;CLP;Banská Bystrica;;Zvolen-Kováčová;Kúpeľná-AZ;otočka autobusov,P,vnk pod Holiday parkom;;48.60689;19.101689
26286;CLP;Banská Bystrica;;Zvolen-Kováčová;Kúpeľná-AZ;otočka autobusov,P,vnt pod Holiday parkom;;48.60689;19.101689
26287;CLP;Banská Bystrica;;Zvolen-Kováčová;Kúpeľná-AZ;otočka autobusov,Ľ,vnt pod Holiday parkom;;48.60689;19.101689
26288;CLP;Banská Bystrica;;Zvolen-Kováčová;Kúpeľná-AZ;otočka autobusov,Ľ,vnk pod Holiday parkom;;48.60689;19.101689
16208;CLV;Banská Bystrica;;Žiar n/Hronom;Št.Moyzesa;pri VÚB;;48.5912624;18.8494501
16209;CLV;Banská Bystrica;;Žiar n/Hronom;Št.Moyzesa;pri VÚB;;48.5912624;18.8494501
16210;CLV;Banská Bystrica;;Žiar n/Hronom;Št.Moyzesa;pri vchode do domu č.61;;48.591462;18.8492078
16211;CLV;Banská Bystrica;;Žiar n/Hronom;Št.Moyzesa;pri vchode do domu č.61;;48.591462;18.8492078
16212;CLV;Banská Bystrica;;Žiar n/Hronom;Št.Moyzesa;pri vchode do domu č.63;;48.5915896;18.8490524
16213;CLV;Banská Bystrica;;Žiar n/Hronom;Št.Moyzesa;pri vchode do domu č.63;;48.5915896;18.8490524
16214;CLV;Banská Bystrica;;Žiar n/Hronom;Št.Moyzesa/Dr.Janského;križov,oproti I.ZŠ;;48.5927304;18.8476867
16215;CLV;Banská Bystrica;;Žiar n/Hronom;Št.Moyzesa/Dr.Janského;križov,oproti I.ZŠ;;48.5927304;18.8476867
16307;CLV;Banská Bystrica;;Žiar n/Hronom;Št.Moyzesa;pri ČSOB;;48.5918745;18.8491621
16308;CLV;Banská Bystrica;;Žiar n/Hronom;Št.Moyzesa;pri ČSOB;;48.5918745;18.8491621
16309;CLV;Banská Bystrica;;Žiar n/Hronom;Št.Moyzesa;pri Elektro;;48.5922295;18.8487601
16310;CLV;Banská Bystrica;;Žiar n/Hronom;Št.Moyzesa;pri Elektro;;48.5922295;18.8487601
16311;CLV;Banská Bystrica;;Žiar n/Hronom;Št.Moyzesa;CBA;;48.5927164;18.8481393
16312;CLV;Banská Bystrica;;Žiar n/Hronom;Št.Moyzesa;CBA;;48.5927164;18.8481393
16347;CLV;Banská Bystrica;;Žiar n/Hronom;Št.Moyzesa;oproti Copaline Baquette;;48.5924593;18.8484383
16348;CLV;Banská Bystrica;;Žiar n/Hronom;Št.Moyzesa;oproti Copaline Baquette;;48.5924593;18.8484383
26196;CLP;Banská Bystrica;;Žiar n/Hronom-Ladom.Viesk;E-571/KE-ZV-BA,Priemyselná-AZ;SLOVALCOpred novou tlačiarňou,Ľ,vnt;;48.571752;18.866796
26197;CLP;Banská Bystrica;;Žiar n/Hronom-Ladom.Viesk;E-571/KE-ZV-BA,Priemyselná-AZ;SLOVALCOpred novou tlačiarňou,Ľ,vnk;;48.571752;18.866796
26198;CLP;Banská Bystrica;;Žiar n/Hronom-Ladom.Viesk;E-571/BA-ZV-KE,Priemyselná-AZ;SLOVALCO,pri čističke,Ľ,vnt;;48.57676;18.871472
26199;CLP;Banská Bystrica;;Žiar n/Hronom-Ladom.Viesk;E-571/BA-ZV-KE,Priemyselná-AZ;SLOVALCO,pri čističke,Ľ,vnk;;48.57676;18.871472
15032;CLV;Žilina;;Žilina;Hliny-Nešporova;parkovisko pri BILLE;;49.213732;18.738621
15033;CLV;Žilina;;Žilina;Hliny-Nešporova;parkovisko pri BILLE;;49.213732;18.738621
15034;CLV;Žilina;;Žilina;Hliny-Nešporova;parkovisko pri BILLE;;49.213797;18.737896
15035;CLV;Žilina;;Žilina;Hliny-Nešporova;parkovisko pri BILLE;;49.213797;18.737896
15056;CLV;Žilina;;Žilina;centrum-Kálov;TESCO,pri AZ,vstup do pešej zóny;;49.22562;18.740948
15057;CLV;Žilina;;Žilina;centrum-Kálov;TESCO,pri AZ,vstup do pešej zóny OC Mirage;;49.22562;18.740948
15058;CLV;Žilina;;Žilina;centrum-A.Bernoláka/Ľ.Štúra;Dom kultúry,pošta,OD,PNS,pri AZ;;49.219304;18.740668
15059;CLV;Žilina;;Žilina;centrum-A.Bernoláka/Ľ.Štúra;Dom kultúry,pošta,OD,PNS,pri AZ;;49.219304;18.740668
15072;CLV;Žilina;;Žilina;Bôrik-Vysokoškolákov;oproti šport.hale,smc;;49.213953;18.746352
15073;CLV;Žilina;;Žilina;Bôrik-Vysokoškolákov;oproti šport.hale,smc;;49.213953;18.746352
15078;CLV;Žilina;;Žilina;Vlčince-Matice slovenskej;pri Obchodnej ul.,colnica,Žilinská univerzita;;49.208457;18.763326
15079;CLV;Žilina;;Žilina;Vlčince-Matice slovenskej;pri Obchodnej ul.,colnica,Žilinská univerzita;;49.208457;18.763326
15122;CLV;Žilina;;Žilina;Hliny-Suvorovova;pred OD Družba;;49.217665;18.734563
15123;CLV;Žilina;;Žilina;Hliny-Suvorovova;pred OD Družba;;49.217665;18.734563
15128;CLV;Žilina;;Žilina;Hliny-Hlinská;pri Saleziánskej,Billa;;49.212801;18.736383
15129;CLV;Žilina;;Žilina;Hliny-Hlinská;pri Saleziánskej,Billa;;49.212801;18.736383
15191;CLV;Žilina;;Žilina;centrum-Na Bráne-VÚB;pred vstupom do VÚB,1;;49.221922;18.741199
15192;CLV;Žilina;;Žilina;centrum-Na Bráne-VÚB;pred vstupom do VÚB,1;;49.221922;18.741199
15193;CLV;Žilina;;Žilina;centrum-Na Bráne-VÚB;pred vstupom do VÚB,2;;49.222104;18.741177
15194;CLV;Žilina;;Žilina;centrum-Na Bráne-VÚB;pred vstupom do VÚB,2;;49.222104;18.741177
15203;CLV_p;Žilina;;Žilina;Hájik-Stodolova;sídl. Hájik,konečná MHD;;49.215833;18.709144
15204;CLV_p;Žilina;;Žilina;Hájik-Stodolova;sídl. Hájik,konečná MHD;;49.215833;18.709144
15289;CLV;Žilina;;Žilina;stanica SAD/1.mája;parkov SAD,2;;49.225543;18.747382
15290;CLV;Žilina;;Žilina;stanica SAD/1.mája;parkov SAD,2;;49.225543;18.747382
15291;CLV;Žilina;;Žilina;stanica SAD/1.mája;parkov SAD,pri stánkoch;;49.225568;18.747204
15292;CLV;Žilina;;Žilina;stanica SAD/1.mája;parkov SAD,pri stánkoch;;49.225568;18.747204
15293;CLV;Žilina;;Žilina;stanica SAD/1.mája;parkov SAD/D.Dlabača;;49.225526;18.747053
15294;CLV;Žilina;;Žilina;stanica SAD/1.mája;parkov SAD/D.Dlabača;;49.225526;18.747053
15295;CLV;Žilina;;Žilina;stanica SAD/1.mája;parkov SAD/Hviezdoslavova,1;;49.225858;18.747712
15296;CLV;Žilina;;Žilina;stanica SAD/1.mája;parkov SAD/Hviezdoslavova,1;;49.225858;18.747712
15299;CLV;Žilina;;Žilina;stanica SAD/1.mája;parkov SAD,1;;49.225686;18.747494
15300;CLV;Žilina;;Žilina;stanica SAD/1.mája;parkov SAD,1;;49.225686;18.747494
15301;CLV;Žilina;;Žilina;stanica SAD/1.mája;parkov SAD,4;;49.225017;18.746963
15302;CLV;Žilina;;Žilina;stanica SAD/1.mája;parkov SAD,4;;49.225017;18.746963
15303;CLV;Žilina;;Žilina;stanica SAD/1.mája;parkov SAD,5;;49.224897;18.746855
15304;CLV;Žilina;;Žilina;stanica SAD/1.mája;parkov SAD,5;;49.224897;18.746855
15317;CLV;Žilina;;Žilina;centrum-nám.Ľ.Štúra/Aupark;medzi Sociál.poisťovňou a Domom odborov Billa;;49.220635;18.740877
15318;CLV;Žilina;;Žilina;centrum-nám.Ľ.Štúra/Aupark;medzi Sociál.poisťovňou a Domom odborov Billa;;49.220635;18.740877
15319;CLV;Žilina;;Žilina;centrum-nám.Ľ.Štúra/Aupark;pri Dome odborov,1 Billa;;49.220441;18.740883
15320;CLV;Žilina;;Žilina;centrum-nám.Ľ.Štúra/Aupark;pri Dome odborov,1 Billa;;49.220441;18.740883
15321;CLV;Žilina;;Žilina;centrum-nám.Ľ.Štúra/Aupark;pri Dome odborov,2 Billa;;49.220043;18.740949
15322;CLV;Žilina;;Žilina;centrum-nám.Ľ.Štúra/Aupark;pri Dome odborov,2 Billa;;49.220043;18.740949
15323;CLV;Žilina;;Žilina;centrum-nám.Ľ.Štúra/Aupark;pri Dome odborov,3 Billa;;49.219664;18.740925
15324;CLV;Žilina;;Žilina;centrum-nám.Ľ.Štúra/Aupark;pri Dome odborov,3 Billa;;49.219664;18.740925
25096;CLP;Žilina;;Žilina;Hliny-Hlinská/Poľná-AZ;pri Váhostave,Ľ,vnt;;49.206758;18.734304
25097;CLP;Žilina;;Žilina;Hliny-Hlinská/Poľná-AZ;pri Váhostave,Ľ,vnk;;49.206758;18.734304
25120;CLP;Žilina;;Žilina;Bôrik-Tajovského-AZ;pri zdravot.stred.,sm Solinky,Ľ,vnt;;49.202958;18.739853
25121;CLP;Žilina;;Žilina;Bôrik-Tajovského-AZ;pri zdravot.stred.,sm Solinky,Ľ,vnk;;49.202958;18.739853
25124;CLP;Žilina;;Žilina;Závodie-Závodského-AZ;pri Žitnej ul.,pri COOP,smc,Ľ,vnt Jednota;;49.210544;18.721038
25125;CLP;Žilina;;Žilina;Závodie-Závodského-AZ;pri Žitnej ul.,pri COOP,smc,Ľ,vnk Jednota;;49.210544;18.721038
25136;CLP;Žilina;;Žilina;Závodie-Závodského-AZ;pri pamätníku,Ľ,vnt;;49.213066;18.72087
25137;CLP;Žilina;;Žilina;Závodie-Závodského-AZ;pri pamätníku,Ľ,vnk;;49.213066;18.72087
25206;CLP;Žilina;;Žilina;Košická/na Horevaží-AZ;oproti HM Tesco,sm MT,P,vnk;;49.219361;18.757122
25207;CLP;Žilina;;Žilina;Košická/na Horevaží-AZ;oproti HM Tesco,sm MT,P,vnt;;49.219361;18.757122
25232;CLP;Žilina;;Žilina;centrum-P.O.Hviezdoslava-AZ;pred SAD,P,vnk;;49.225963;18.747501
25233;CLP;Žilina;;Žilina;centrum-P.O.Hviezdoslava-AZ;pred SAD,P,vnt;;49.225963;18.747501
25234;CLP;Žilina;;Žilina;centrum-P.O.Hviezdoslava-AZ;pred SAD,P,vnk;;49.225913;18.747647
25235;CLP;Žilina;;Žilina;centrum-P.O.Hviezdoslava-AZ;pred SAD,P,vnt;;49.225913;18.747648
25240;CLP;Žilina;;Žilina;Závodie-Pietna-AZ;parkov,cintorín,otočka MHD,Ľ,vnt;;49.225047;18.714019
25241;CLP;Žilina;;Žilina;Závodie-Pietna-AZ;parkov,cintorín,otočka MHD,Ľ,vnk;;49.225047;18.714019
25260;CLP;Žilina;;Žilina;Hliny-Hlinská-AZ;oproti internát.,sm Raj.Teplice,Ľ,vnt;;49.211124;18.736068
25261;CLP;Žilina;;Žilina;Hliny-Hlinská-AZ;oproti internát.,sm Raj.Teplice,Ľ,vnk;;49.211124;18.736068
25270;CLP;Žilina;;Žilina;Budatín-nám.Hrdinov-AZ;smc,P,vnk;;49.236002;18.737674
25271;CLP;Žilina;;Žilina;Budatín-nám.Hrdinov-AZ;smc,P,vnt;;49.236002;18.737674
25298;CLP;Žilina;;Žilina;centrum-P.O.Hviezdoslava-AZ;pred ŽSR,P,vnk;;49.226686;18.746182
25299;CLP;Žilina;;Žilina;centrum-P.O.Hviezdoslava-AZ;pred ŽSR,P,vnt;;49.226686;18.746182
25300;CLP;Žilina;;Žilina;centrum-P.O.Hviezdoslava-AZ;pred ŽSR,Ľ,vnt;;49.226745;18.746
25301;CLP;Žilina;;Žilina;centrum-P.O.Hviezdoslava-AZ;pred ŽSR,Ľ,vnk;;49.226745;18.746
25308;CLP;Žilina;;Žilina;Hliny-Hlinská-AZ;pred OD Vetex,P,vnk;;49.206841;18.734738
25309;CLP;Žilina;;Žilina;Hliny-Hlinská-AZ;pred OD Vetex,P,vnt;;49.206841;18.734738
25346;CLP;Žilina;;Žilina;Na Horevaží-AZ;pri HM Tesco,diaľnič.navádz.,Ľ,vnt;;49.220995;18.759641
25347;CLP;Žilina;;Žilina;Na Horevaží-AZ;pri HM Tesco,diaľnič.navádz.,Ľ,vnk;;49.220995;18.759641
25406;CLP;Žilina;;Žilina;Strážov-Hričovská-AZ;príjazd z D1,sm ZA,Ľ,vnt Strážov, I/61;;49.229432;18.710355
25407;CLP;Žilina;;Žilina;Strážov-Hričovská-AZ;príjazd z D1,sm ZA,Ľ,vnk Strážov, I/61;;49.229432;18.710355
25416;CLP;Žilina;;Žilina;Budatín-Námestie hrdinov-AZ;Budatínsky hrad,smer centrum ZA,Ľ,vnt;;49.235869;18.737115
25417;CLP;Žilina;;Žilina;Budatín-Námestie hrdinov-AZ;Budatínsky hrad,smer KNM,Čadca,Ľ,vnk;;49.235869;18.737115
25396;CLP;Žilina;;Žilina -Teplička nad Váhom;Fatranská-AZ;oproti COOP Jednota,Ľ,vnt;;49.224525;18.792897
25397;CLP;Žilina;;Žilina -Teplička nad Váhom;Fatranská-AZ;oproti COOP Jednota,Ľ,vnk;;49.224525;18.792897
25398;CLP;Žilina;;Žilina -Teplička nad Váhom;Fatranská-AZ;pri nám. sv. Floriána,Ľ,vnt;;49.223652;18.800444
25399;CLP;Žilina;;Žilina -Teplička nad Váhom;Fatranská-AZ;pri nám. sv. Floriána,Ľ,vnk;;49.223652;18.800444
25400;CLP;Žilina;;Žilina -Teplička nad Váhom;Fatranská-AZ;koniec obce sm ZA,Ľ,vnt;;49.225781;18.780359
25401;CLP;Žilina;;Žilina -Teplička nad Váhom;Fatranská-AZ;koniec obce sm ZA,Ľ,vnk;;49.225781;18.780359
25402;CLP;Žilina;;Žilina -Teplička nad Váhom;Fatranská-AZ;pred odbočkou na ul. sv. Donáta,Ľ,vnt;;49.225286;18.787381
25403;CLP;Žilina;;Žilina -Teplička nad Váhom;Fatranská-AZ;pred odbočkou na ul. sv. Donáta,Ľ,vnk;;49.225286;18.787381
